figure,pdf_page,study_area,study_area_label,country,scenario,band,rgb,available,successful_microenvironment_measurements,digitized_mean_mw_m2,median_pixel_rows,pixel_resolution_mw_m2,across_x_spread_mw_m2,resolved_from_raster
A6,22,LC,"Urban area, large city",Austria,NU,Broadcast,189-189-189,true,39,0.045819,1.0,0.045819,0.000000,true
A6,22,LC,"Urban area, large city",Austria,NU,DECT,254-196-79,true,39,0.000000,0.0,0.045819,0.000000,false
A6,22,LC,"Urban area, large city",Austria,NU,WiFi 5 GHz,158-154-200,true,39,0.045819,1.0,0.045819,0.000000,true
A6,22,LC,"Urban area, large city",Austria,NU,ISM/WiFi 2.4 GHz,117-107-177,true,39,0.000000,0.0,0.045819,0.000000,false
A6,22,LC,"Urban area, large city",Austria,NU,Mobile UL 700 MHz,8-48-107,true,39,0.000000,0.0,0.045819,0.000000,false
A6,22,LC,"Urban area, large city",Austria,NU,Mobile UL 800 MHz,8-81-156,true,39,0.000000,0.0,0.045819,0.000000,false
A6,22,LC,"Urban area, large city",Austria,NU,Mobile UL 900 MHz,33-113-181,true,39,0.000000,0.0,0.045819,0.000000,false
A6,22,LC,"Urban area, large city",Austria,NU,Mobile UL 1.8 GHz,66-146-198,true,39,0.000000,0.0,0.045819,0.000000,false
A6,22,LC,"Urban area, large city",Austria,NU,Mobile UL 2.1 GHz,107-174-214,true,39,0.045819,1.0,0.045819,0.000000,true
A6,22,LC,"Urban area, large city",Austria,NU,Mobile UL 2.6 GHz,158-202-225,true,39,0.000000,0.0,0.045819,0.000000,false
A6,22,LC,"Urban area, large city",Austria,NU,Mobile TDD 2.6 GHz,247-104-161,true,39,0.000000,0.0,0.045819,0.000000,false
A6,22,LC,"Urban area, large city",Austria,NU,Mobile TDD 3.5 GHz,221-52-151,true,39,0.091638,2.0,0.045819,0.000000,true
A6,22,LC,"Urban area, large city",Austria,NU,Mobile SDL 700 MHz,0-68-27,true,39,0.000000,0.0,0.045819,0.000000,false
A6,22,LC,"Urban area, large city",Austria,NU,Mobile DL 700 MHz,0-109-44,true,39,0.000000,0.0,0.045819,0.000000,false
A6,22,LC,"Urban area, large city",Austria,NU,Mobile DL 800 MHz,35-139-69,true,39,0.091638,2.0,0.045819,0.000000,true
A6,22,LC,"Urban area, large city",Austria,NU,Mobile DL 900 MHz,65-174-118,true,39,0.320733,7.0,0.045819,0.000000,true
A6,22,LC,"Urban area, large city",Austria,NU,Mobile DL 1.4 GHz,102-194-164,true,39,0.000000,0.0,0.045819,0.000000,false
A6,22,LC,"Urban area, large city",Austria,NU,Mobile DL 1.8 GHz,153-216-201,true,39,0.320733,7.0,0.045819,0.000000,true
A6,22,LC,"Urban area, large city",Austria,NU,Mobile DL 2.1 GHz,204-236-230,true,39,0.183276,4.0,0.045819,0.000000,true
A6,22,LC,"Urban area, large city",Austria,NU,Mobile DL 2.6 GHz,229-245-249,true,39,0.137457,3.0,0.045819,0.000000,true
A6,22,LC,"Urban area, large city",Belgium,NU,Broadcast,189-189-189,true,38,0.183276,4.0,0.045819,0.000000,true
A6,22,LC,"Urban area, large city",Belgium,NU,DECT,254-196-79,true,38,0.000000,0.0,0.045819,0.000000,false
A6,22,LC,"Urban area, large city",Belgium,NU,WiFi 5 GHz,158-154-200,true,38,0.000000,0.0,0.045819,0.000000,false
A6,22,LC,"Urban area, large city",Belgium,NU,ISM/WiFi 2.4 GHz,117-107-177,true,38,0.000000,0.0,0.045819,0.000000,false
A6,22,LC,"Urban area, large city",Belgium,NU,Mobile UL 700 MHz,8-48-107,true,38,0.000000,0.0,0.045819,0.000000,false
A6,22,LC,"Urban area, large city",Belgium,NU,Mobile UL 800 MHz,8-81-156,true,38,0.000000,0.0,0.045819,0.000000,false
A6,22,LC,"Urban area, large city",Belgium,NU,Mobile UL 900 MHz,33-113-181,true,38,0.045819,1.0,0.045819,0.000000,true
A6,22,LC,"Urban area, large city",Belgium,NU,Mobile UL 1.8 GHz,66-146-198,true,38,0.000000,0.0,0.045819,0.000000,false
A6,22,LC,"Urban area, large city",Belgium,NU,Mobile UL 2.1 GHz,107-174-214,true,38,0.045819,1.0,0.045819,0.000000,true
A6,22,LC,"Urban area, large city",Belgium,NU,Mobile UL 2.6 GHz,158-202-225,true,38,0.000000,0.0,0.045819,0.000000,false
A6,22,LC,"Urban area, large city",Belgium,NU,Mobile TDD 2.6 GHz,247-104-161,true,38,0.000000,0.0,0.045819,0.000000,false
A6,22,LC,"Urban area, large city",Belgium,NU,Mobile TDD 3.5 GHz,221-52-151,true,38,0.000000,0.0,0.045819,0.000000,false
A6,22,LC,"Urban area, large city",Belgium,NU,Mobile SDL 700 MHz,0-68-27,true,38,0.000000,0.0,0.045819,0.000000,false
A6,22,LC,"Urban area, large city",Belgium,NU,Mobile DL 700 MHz,0-109-44,true,38,0.000000,0.0,0.045819,0.000000,false
A6,22,LC,"Urban area, large city",Belgium,NU,Mobile DL 800 MHz,35-139-69,true,38,0.091638,2.0,0.045819,0.000000,true
A6,22,LC,"Urban area, large city",Belgium,NU,Mobile DL 900 MHz,65-174-118,true,38,0.137457,3.0,0.045819,0.000000,true
A6,22,LC,"Urban area, large city",Belgium,NU,Mobile DL 1.4 GHz,102-194-164,true,38,0.000000,0.0,0.045819,0.000000,false
A6,22,LC,"Urban area, large city",Belgium,NU,Mobile DL 1.8 GHz,153-216-201,true,38,0.091638,2.0,0.045819,0.000000,true
A6,22,LC,"Urban area, large city",Belgium,NU,Mobile DL 2.1 GHz,204-236-230,true,38,0.091638,2.0,0.045819,0.000000,true
A6,22,LC,"Urban area, large city",Belgium,NU,Mobile DL 2.6 GHz,229-245-249,true,38,0.045819,1.0,0.045819,0.000000,true
A6,22,LC,"Urban area, large city",France,NU,Broadcast,189-189-189,true,35,0.091638,2.0,0.045819,0.000000,true
A6,22,LC,"Urban area, large city",France,NU,DECT,254-196-79,true,35,0.000000,0.0,0.045819,0.000000,false
A6,22,LC,"Urban area, large city",France,NU,WiFi 5 GHz,158-154-200,true,35,0.000000,0.0,0.045819,0.000000,false
A6,22,LC,"Urban area, large city",France,NU,ISM/WiFi 2.4 GHz,117-107-177,true,35,0.000000,0.0,0.045819,0.000000,false
A6,22,LC,"Urban area, large city",France,NU,Mobile UL 700 MHz,8-48-107,true,35,0.000000,0.0,0.045819,0.000000,false
A6,22,LC,"Urban area, large city",France,NU,Mobile UL 800 MHz,8-81-156,true,35,0.000000,0.0,0.045819,0.000000,false
A6,22,LC,"Urban area, large city",France,NU,Mobile UL 900 MHz,33-113-181,true,35,0.000000,0.0,0.045819,0.000000,false
A6,22,LC,"Urban area, large city",France,NU,Mobile UL 1.8 GHz,66-146-198,true,35,0.045819,1.0,0.045819,0.000000,true
A6,22,LC,"Urban area, large city",France,NU,Mobile UL 2.1 GHz,107-174-214,true,35,0.000000,0.0,0.045819,0.000000,false
A6,22,LC,"Urban area, large city",France,NU,Mobile UL 2.6 GHz,158-202-225,true,35,0.045819,1.0,0.045819,0.000000,true
A6,22,LC,"Urban area, large city",France,NU,Mobile TDD 2.6 GHz,247-104-161,true,35,0.000000,0.0,0.045819,0.000000,false
A6,22,LC,"Urban area, large city",France,NU,Mobile TDD 3.5 GHz,221-52-151,true,35,0.458190,10.0,0.045819,0.000000,true
A6,22,LC,"Urban area, large city",France,NU,Mobile SDL 700 MHz,0-68-27,true,35,0.000000,0.0,0.045819,0.000000,false
A6,22,LC,"Urban area, large city",France,NU,Mobile DL 700 MHz,0-109-44,true,35,0.274914,6.0,0.045819,0.000000,true
A6,22,LC,"Urban area, large city",France,NU,Mobile DL 800 MHz,35-139-69,true,35,0.458190,10.0,0.045819,0.000000,true
A6,22,LC,"Urban area, large city",France,NU,Mobile DL 900 MHz,65-174-118,true,35,0.274914,6.0,0.045819,0.000000,true
A6,22,LC,"Urban area, large city",France,NU,Mobile DL 1.4 GHz,102-194-164,true,35,0.000000,0.0,0.045819,0.000000,false
A6,22,LC,"Urban area, large city",France,NU,Mobile DL 1.8 GHz,153-216-201,true,35,0.778923,17.0,0.045819,0.000000,true
A6,22,LC,"Urban area, large city",France,NU,Mobile DL 2.1 GHz,204-236-230,true,35,0.412371,9.0,0.045819,0.000000,true
A6,22,LC,"Urban area, large city",France,NU,Mobile DL 2.6 GHz,229-245-249,true,35,0.366552,8.0,0.045819,0.000000,true
A6,22,LC,"Urban area, large city",Hungary,NU,Broadcast,189-189-189,true,40,0.137457,3.0,0.045819,0.000000,true
A6,22,LC,"Urban area, large city",Hungary,NU,DECT,254-196-79,true,40,0.000000,0.0,0.045819,0.000000,false
A6,22,LC,"Urban area, large city",Hungary,NU,WiFi 5 GHz,158-154-200,true,40,0.000000,0.0,0.045819,0.000000,false
A6,22,LC,"Urban area, large city",Hungary,NU,ISM/WiFi 2.4 GHz,117-107-177,true,40,0.000000,0.0,0.045819,0.000000,false
A6,22,LC,"Urban area, large city",Hungary,NU,Mobile UL 700 MHz,8-48-107,true,40,0.045819,1.0,0.045819,0.000000,true
A6,22,LC,"Urban area, large city",Hungary,NU,Mobile UL 800 MHz,8-81-156,true,40,0.000000,0.0,0.045819,0.000000,false
A6,22,LC,"Urban area, large city",Hungary,NU,Mobile UL 900 MHz,33-113-181,true,40,0.045819,1.0,0.045819,0.000000,true
A6,22,LC,"Urban area, large city",Hungary,NU,Mobile UL 1.8 GHz,66-146-198,true,40,0.000000,0.0,0.045819,0.000000,false
A6,22,LC,"Urban area, large city",Hungary,NU,Mobile UL 2.1 GHz,107-174-214,true,40,0.000000,0.0,0.045819,0.000000,false
A6,22,LC,"Urban area, large city",Hungary,NU,Mobile UL 2.6 GHz,158-202-225,true,40,0.000000,0.0,0.045819,0.000000,false
A6,22,LC,"Urban area, large city",Hungary,NU,Mobile TDD 2.6 GHz,247-104-161,true,40,0.000000,0.0,0.045819,0.000000,false
A6,22,LC,"Urban area, large city",Hungary,NU,Mobile TDD 3.5 GHz,221-52-151,true,40,0.000000,0.0,0.045819,0.000000,false
A6,22,LC,"Urban area, large city",Hungary,NU,Mobile SDL 700 MHz,0-68-27,true,40,0.000000,0.0,0.045819,0.000000,false
A6,22,LC,"Urban area, large city",Hungary,NU,Mobile DL 700 MHz,0-109-44,true,40,0.000000,0.0,0.045819,0.000000,false
A6,22,LC,"Urban area, large city",Hungary,NU,Mobile DL 800 MHz,35-139-69,true,40,0.183276,4.0,0.045819,0.000000,true
A6,22,LC,"Urban area, large city",Hungary,NU,Mobile DL 900 MHz,65-174-118,true,40,0.274914,6.0,0.045819,0.000000,true
A6,22,LC,"Urban area, large city",Hungary,NU,Mobile DL 1.4 GHz,102-194-164,true,40,0.000000,0.0,0.045819,0.000000,false
A6,22,LC,"Urban area, large city",Hungary,NU,Mobile DL 1.8 GHz,153-216-201,true,40,0.274914,6.0,0.045819,0.000000,true
A6,22,LC,"Urban area, large city",Hungary,NU,Mobile DL 2.1 GHz,204-236-230,true,40,0.091638,2.0,0.045819,0.000000,true
A6,22,LC,"Urban area, large city",Hungary,NU,Mobile DL 2.6 GHz,229-245-249,true,40,0.045819,1.0,0.045819,0.000000,true
A6,22,LC,"Urban area, large city",Italy,NU,Broadcast,189-189-189,true,28,0.137457,3.0,0.045819,0.000000,true
A6,22,LC,"Urban area, large city",Italy,NU,DECT,254-196-79,true,28,0.000000,0.0,0.045819,0.000000,false
A6,22,LC,"Urban area, large city",Italy,NU,WiFi 5 GHz,158-154-200,true,28,0.000000,0.0,0.045819,0.000000,false
A6,22,LC,"Urban area, large city",Italy,NU,ISM/WiFi 2.4 GHz,117-107-177,true,28,0.000000,0.0,0.045819,0.000000,false
A6,22,LC,"Urban area, large city",Italy,NU,Mobile UL 700 MHz,8-48-107,true,28,0.000000,0.0,0.045819,0.000000,false
A6,22,LC,"Urban area, large city",Italy,NU,Mobile UL 800 MHz,8-81-156,true,28,0.000000,0.0,0.045819,0.000000,false
A6,22,LC,"Urban area, large city",Italy,NU,Mobile UL 900 MHz,33-113-181,true,28,0.000000,0.0,0.045819,0.000000,false
A6,22,LC,"Urban area, large city",Italy,NU,Mobile UL 1.8 GHz,66-146-198,true,28,0.045819,1.0,0.045819,0.000000,true
A6,22,LC,"Urban area, large city",Italy,NU,Mobile UL 2.1 GHz,107-174-214,true,28,0.000000,0.0,0.045819,0.000000,false
A6,22,LC,"Urban area, large city",Italy,NU,Mobile UL 2.6 GHz,158-202-225,true,28,0.000000,0.0,0.045819,0.000000,false
A6,22,LC,"Urban area, large city",Italy,NU,Mobile TDD 2.6 GHz,247-104-161,true,28,0.000000,0.0,0.045819,0.000000,false
A6,22,LC,"Urban area, large city",Italy,NU,Mobile TDD 3.5 GHz,221-52-151,true,28,0.091638,2.0,0.045819,0.000000,true
A6,22,LC,"Urban area, large city",Italy,NU,Mobile SDL 700 MHz,0-68-27,true,28,0.000000,0.0,0.045819,0.000000,false
A6,22,LC,"Urban area, large city",Italy,NU,Mobile DL 700 MHz,0-109-44,true,28,0.000000,0.0,0.045819,0.000000,false
A6,22,LC,"Urban area, large city",Italy,NU,Mobile DL 800 MHz,35-139-69,true,28,0.137457,3.0,0.045819,0.000000,true
A6,22,LC,"Urban area, large city",Italy,NU,Mobile DL 900 MHz,65-174-118,true,28,0.045819,1.0,0.045819,0.000000,true
A6,22,LC,"Urban area, large city",Italy,NU,Mobile DL 1.4 GHz,102-194-164,true,28,0.000000,0.0,0.045819,0.000000,false
A6,22,LC,"Urban area, large city",Italy,NU,Mobile DL 1.8 GHz,153-216-201,true,28,0.183276,4.0,0.045819,0.000000,true
A6,22,LC,"Urban area, large city",Italy,NU,Mobile DL 2.1 GHz,204-236-230,true,28,0.091638,2.0,0.045819,0.000000,true
A6,22,LC,"Urban area, large city",Italy,NU,Mobile DL 2.6 GHz,229-245-249,true,28,0.091638,2.0,0.045819,0.000000,true
A6,22,LC,"Urban area, large city",Netherlands,NU,Broadcast,189-189-189,true,22,0.000000,0.0,0.045819,0.000000,false
A6,22,LC,"Urban area, large city",Netherlands,NU,DECT,254-196-79,true,22,0.000000,0.0,0.045819,0.000000,false
A6,22,LC,"Urban area, large city",Netherlands,NU,WiFi 5 GHz,158-154-200,true,22,0.091638,2.0,0.045819,0.000000,true
A6,22,LC,"Urban area, large city",Netherlands,NU,ISM/WiFi 2.4 GHz,117-107-177,true,22,0.000000,0.0,0.045819,0.000000,false
A6,22,LC,"Urban area, large city",Netherlands,NU,Mobile UL 700 MHz,8-48-107,true,22,0.000000,0.0,0.045819,0.000000,false
A6,22,LC,"Urban area, large city",Netherlands,NU,Mobile UL 800 MHz,8-81-156,true,22,0.000000,0.0,0.045819,0.000000,false
A6,22,LC,"Urban area, large city",Netherlands,NU,Mobile UL 900 MHz,33-113-181,true,22,0.000000,0.0,0.045819,0.000000,false
A6,22,LC,"Urban area, large city",Netherlands,NU,Mobile UL 1.8 GHz,66-146-198,true,22,0.000000,0.0,0.045819,0.000000,false
A6,22,LC,"Urban area, large city",Netherlands,NU,Mobile UL 2.1 GHz,107-174-214,true,22,0.000000,0.0,0.045819,0.000000,false
A6,22,LC,"Urban area, large city",Netherlands,NU,Mobile UL 2.6 GHz,158-202-225,true,22,0.000000,0.0,0.045819,0.000000,false
A6,22,LC,"Urban area, large city",Netherlands,NU,Mobile TDD 2.6 GHz,247-104-161,true,22,0.000000,0.0,0.045819,0.000000,false
A6,22,LC,"Urban area, large city",Netherlands,NU,Mobile TDD 3.5 GHz,221-52-151,true,22,0.045819,1.0,0.045819,0.000000,true
A6,22,LC,"Urban area, large city",Netherlands,NU,Mobile SDL 700 MHz,0-68-27,true,22,0.000000,0.0,0.045819,0.000000,false
A6,22,LC,"Urban area, large city",Netherlands,NU,Mobile DL 700 MHz,0-109-44,true,22,0.091638,2.0,0.045819,0.000000,true
A6,22,LC,"Urban area, large city",Netherlands,NU,Mobile DL 800 MHz,35-139-69,true,22,0.229095,5.0,0.045819,0.000000,true
A6,22,LC,"Urban area, large city",Netherlands,NU,Mobile DL 900 MHz,65-174-118,true,22,0.137457,3.0,0.045819,0.000000,true
A6,22,LC,"Urban area, large city",Netherlands,NU,Mobile DL 1.4 GHz,102-194-164,true,22,0.091638,2.0,0.045819,0.000000,true
A6,22,LC,"Urban area, large city",Netherlands,NU,Mobile DL 1.8 GHz,153-216-201,true,22,0.320733,7.0,0.045819,0.000000,true
A6,22,LC,"Urban area, large city",Netherlands,NU,Mobile DL 2.1 GHz,204-236-230,true,22,0.320733,7.0,0.045819,0.000000,true
A6,22,LC,"Urban area, large city",Netherlands,NU,Mobile DL 2.6 GHz,229-245-249,true,22,0.091638,2.0,0.045819,0.000000,true
A6,22,LC,"Urban area, large city",Poland,NU,Broadcast,189-189-189,true,29,0.274914,6.0,0.045819,0.000000,true
A6,22,LC,"Urban area, large city",Poland,NU,DECT,254-196-79,true,29,0.000000,0.0,0.045819,0.000000,false
A6,22,LC,"Urban area, large city",Poland,NU,WiFi 5 GHz,158-154-200,true,29,0.000000,0.0,0.045819,0.000000,false
A6,22,LC,"Urban area, large city",Poland,NU,ISM/WiFi 2.4 GHz,117-107-177,true,29,0.000000,0.0,0.045819,0.000000,false
A6,22,LC,"Urban area, large city",Poland,NU,Mobile UL 700 MHz,8-48-107,true,29,0.000000,0.0,0.045819,0.000000,false
A6,22,LC,"Urban area, large city",Poland,NU,Mobile UL 800 MHz,8-81-156,true,29,0.000000,0.0,0.045819,0.000000,false
A6,22,LC,"Urban area, large city",Poland,NU,Mobile UL 900 MHz,33-113-181,true,29,0.000000,0.0,0.045819,0.000000,false
A6,22,LC,"Urban area, large city",Poland,NU,Mobile UL 1.8 GHz,66-146-198,true,29,0.045819,1.0,0.045819,0.000000,true
A6,22,LC,"Urban area, large city",Poland,NU,Mobile UL 2.1 GHz,107-174-214,true,29,0.000000,0.0,0.045819,0.000000,false
A6,22,LC,"Urban area, large city",Poland,NU,Mobile UL 2.6 GHz,158-202-225,true,29,0.000000,0.0,0.045819,0.000000,false
A6,22,LC,"Urban area, large city",Poland,NU,Mobile TDD 2.6 GHz,247-104-161,true,29,0.000000,0.0,0.045819,0.000000,false
A6,22,LC,"Urban area, large city",Poland,NU,Mobile TDD 3.5 GHz,221-52-151,true,29,0.000000,0.0,0.045819,0.000000,false
A6,22,LC,"Urban area, large city",Poland,NU,Mobile SDL 700 MHz,0-68-27,true,29,0.000000,0.0,0.045819,0.000000,false
A6,22,LC,"Urban area, large city",Poland,NU,Mobile DL 700 MHz,0-109-44,true,29,0.000000,0.0,0.045819,0.000000,false
A6,22,LC,"Urban area, large city",Poland,NU,Mobile DL 800 MHz,35-139-69,true,29,0.229095,5.0,0.045819,0.000000,true
A6,22,LC,"Urban area, large city",Poland,NU,Mobile DL 900 MHz,65-174-118,true,29,0.320733,7.0,0.045819,0.000000,true
A6,22,LC,"Urban area, large city",Poland,NU,Mobile DL 1.4 GHz,102-194-164,true,29,0.000000,0.0,0.045819,0.000000,false
A6,22,LC,"Urban area, large city",Poland,NU,Mobile DL 1.8 GHz,153-216-201,true,29,0.366552,8.0,0.045819,0.000000,true
A6,22,LC,"Urban area, large city",Poland,NU,Mobile DL 2.1 GHz,204-236-230,true,29,0.366552,8.0,0.045819,0.000000,true
A6,22,LC,"Urban area, large city",Poland,NU,Mobile DL 2.6 GHz,229-245-249,true,29,0.183276,4.0,0.045819,0.000000,true
A6,22,LC,"Urban area, large city",Spain,NU,Broadcast,189-189-189,true,40,0.091638,2.0,0.045819,0.000000,true
A6,22,LC,"Urban area, large city",Spain,NU,DECT,254-196-79,true,40,0.000000,0.0,0.045819,0.000000,false
A6,22,LC,"Urban area, large city",Spain,NU,WiFi 5 GHz,158-154-200,true,40,0.000000,0.0,0.045819,0.000000,false
A6,22,LC,"Urban area, large city",Spain,NU,ISM/WiFi 2.4 GHz,117-107-177,true,40,0.045819,1.0,0.045819,0.000000,true
A6,22,LC,"Urban area, large city",Spain,NU,Mobile UL 700 MHz,8-48-107,true,40,0.000000,0.0,0.045819,0.000000,false
A6,22,LC,"Urban area, large city",Spain,NU,Mobile UL 800 MHz,8-81-156,true,40,0.000000,0.0,0.045819,0.000000,false
A6,22,LC,"Urban area, large city",Spain,NU,Mobile UL 900 MHz,33-113-181,true,40,0.000000,0.0,0.045819,0.000000,false
A6,22,LC,"Urban area, large city",Spain,NU,Mobile UL 1.8 GHz,66-146-198,true,40,0.000000,0.0,0.045819,0.000000,false
A6,22,LC,"Urban area, large city",Spain,NU,Mobile UL 2.1 GHz,107-174-214,true,40,0.000000,0.0,0.045819,0.000000,false
A6,22,LC,"Urban area, large city",Spain,NU,Mobile UL 2.6 GHz,158-202-225,true,40,0.045819,1.0,0.045819,0.000000,true
A6,22,LC,"Urban area, large city",Spain,NU,Mobile TDD 2.6 GHz,247-104-161,true,40,0.000000,0.0,0.045819,0.000000,false
A6,22,LC,"Urban area, large city",Spain,NU,Mobile TDD 3.5 GHz,221-52-151,true,40,0.091638,2.0,0.045819,0.000000,true
A6,22,LC,"Urban area, large city",Spain,NU,Mobile SDL 700 MHz,0-68-27,true,40,0.000000,0.0,0.045819,0.000000,false
A6,22,LC,"Urban area, large city",Spain,NU,Mobile DL 700 MHz,0-109-44,true,40,0.000000,0.0,0.045819,0.000000,false
A6,22,LC,"Urban area, large city",Spain,NU,Mobile DL 800 MHz,35-139-69,true,40,0.091638,2.0,0.045819,0.000000,true
A6,22,LC,"Urban area, large city",Spain,NU,Mobile DL 900 MHz,65-174-118,true,40,0.137457,3.0,0.045819,0.000000,true
A6,22,LC,"Urban area, large city",Spain,NU,Mobile DL 1.4 GHz,102-194-164,true,40,0.000000,0.0,0.045819,0.000000,false
A6,22,LC,"Urban area, large city",Spain,NU,Mobile DL 1.8 GHz,153-216-201,true,40,0.229095,5.0,0.045819,0.000000,true
A6,22,LC,"Urban area, large city",Spain,NU,Mobile DL 2.1 GHz,204-236-230,true,40,0.183276,4.0,0.045819,0.000000,true
A6,22,LC,"Urban area, large city",Spain,NU,Mobile DL 2.6 GHz,229-245-249,true,40,0.091638,2.0,0.045819,0.000000,true
A6,22,LC,"Urban area, large city",Switzerland,NU,Broadcast,189-189-189,true,47,0.045819,1.0,0.045819,0.000000,true
A6,22,LC,"Urban area, large city",Switzerland,NU,DECT,254-196-79,true,47,0.000000,0.0,0.045819,0.000000,false
A6,22,LC,"Urban area, large city",Switzerland,NU,WiFi 5 GHz,158-154-200,true,47,0.045819,1.0,0.045819,0.000000,true
A6,22,LC,"Urban area, large city",Switzerland,NU,ISM/WiFi 2.4 GHz,117-107-177,true,47,0.045819,1.0,0.045819,0.000000,true
A6,22,LC,"Urban area, large city",Switzerland,NU,Mobile UL 700 MHz,8-48-107,true,47,0.000000,0.0,0.045819,0.000000,false
A6,22,LC,"Urban area, large city",Switzerland,NU,Mobile UL 800 MHz,8-81-156,true,47,0.000000,0.0,0.045819,0.000000,false
A6,22,LC,"Urban area, large city",Switzerland,NU,Mobile UL 900 MHz,33-113-181,true,47,0.000000,0.0,0.045819,0.000000,false
A6,22,LC,"Urban area, large city",Switzerland,NU,Mobile UL 1.8 GHz,66-146-198,true,47,0.000000,0.0,0.045819,0.000000,false
A6,22,LC,"Urban area, large city",Switzerland,NU,Mobile UL 2.1 GHz,107-174-214,true,47,0.000000,0.0,0.045819,0.000000,false
A6,22,LC,"Urban area, large city",Switzerland,NU,Mobile UL 2.6 GHz,158-202-225,true,47,0.000000,0.0,0.045819,0.000000,false
A6,22,LC,"Urban area, large city",Switzerland,NU,Mobile TDD 2.6 GHz,247-104-161,true,47,0.000000,0.0,0.045819,0.000000,false
A6,22,LC,"Urban area, large city",Switzerland,NU,Mobile TDD 3.5 GHz,221-52-151,true,47,0.000000,0.0,0.045819,0.000000,false
A6,22,LC,"Urban area, large city",Switzerland,NU,Mobile SDL 700 MHz,0-68-27,true,47,0.000000,0.0,0.045819,0.000000,false
A6,22,LC,"Urban area, large city",Switzerland,NU,Mobile DL 700 MHz,0-109-44,true,47,0.000000,0.0,0.045819,0.000000,false
A6,22,LC,"Urban area, large city",Switzerland,NU,Mobile DL 800 MHz,35-139-69,true,47,0.091638,2.0,0.045819,0.000000,true
A6,22,LC,"Urban area, large city",Switzerland,NU,Mobile DL 900 MHz,65-174-118,true,47,0.000000,0.0,0.045819,0.000000,false
A6,22,LC,"Urban area, large city",Switzerland,NU,Mobile DL 1.4 GHz,102-194-164,true,47,0.000000,0.0,0.045819,0.000000,false
A6,22,LC,"Urban area, large city",Switzerland,NU,Mobile DL 1.8 GHz,153-216-201,true,47,0.045819,1.0,0.045819,0.000000,true
A6,22,LC,"Urban area, large city",Switzerland,NU,Mobile DL 2.1 GHz,204-236-230,true,47,0.045819,1.0,0.045819,0.000000,true
A6,22,LC,"Urban area, large city",Switzerland,NU,Mobile DL 2.6 GHz,229-245-249,true,47,0.045819,1.0,0.045819,0.000000,true
A6,22,LC,"Urban area, large city",UK,NU,Broadcast,189-189-189,true,42,0.045819,1.0,0.045819,0.000000,true
A6,22,LC,"Urban area, large city",UK,NU,DECT,254-196-79,true,42,0.000000,0.0,0.045819,0.000000,false
A6,22,LC,"Urban area, large city",UK,NU,WiFi 5 GHz,158-154-200,true,42,0.091638,2.0,0.045819,0.000000,true
A6,22,LC,"Urban area, large city",UK,NU,ISM/WiFi 2.4 GHz,117-107-177,true,42,0.091638,2.0,0.045819,0.000000,true
A6,22,LC,"Urban area, large city",UK,NU,Mobile UL 700 MHz,8-48-107,true,42,0.000000,0.0,0.045819,0.000000,false
A6,22,LC,"Urban area, large city",UK,NU,Mobile UL 800 MHz,8-81-156,true,42,0.000000,0.0,0.045819,0.000000,false
A6,22,LC,"Urban area, large city",UK,NU,Mobile UL 900 MHz,33-113-181,true,42,0.000000,0.0,0.045819,0.000000,false
A6,22,LC,"Urban area, large city",UK,NU,Mobile UL 1.8 GHz,66-146-198,true,42,0.000000,0.0,0.045819,0.000000,false
A6,22,LC,"Urban area, large city",UK,NU,Mobile UL 2.1 GHz,107-174-214,true,42,0.000000,0.0,0.045819,0.000000,false
A6,22,LC,"Urban area, large city",UK,NU,Mobile UL 2.6 GHz,158-202-225,true,42,0.000000,0.0,0.045819,0.000000,false
A6,22,LC,"Urban area, large city",UK,NU,Mobile TDD 2.6 GHz,247-104-161,true,42,0.000000,0.0,0.045819,0.000000,false
A6,22,LC,"Urban area, large city",UK,NU,Mobile TDD 3.5 GHz,221-52-151,true,42,0.274914,6.0,0.045819,0.000000,true
A6,22,LC,"Urban area, large city",UK,NU,Mobile SDL 700 MHz,0-68-27,true,42,0.000000,0.0,0.045819,0.000000,false
A6,22,LC,"Urban area, large city",UK,NU,Mobile DL 700 MHz,0-109-44,true,42,0.000000,0.0,0.045819,0.000000,false
A6,22,LC,"Urban area, large city",UK,NU,Mobile DL 800 MHz,35-139-69,true,42,0.137457,3.0,0.045819,0.000000,true
A6,22,LC,"Urban area, large city",UK,NU,Mobile DL 900 MHz,65-174-118,true,42,0.137457,3.0,0.045819,0.000000,true
A6,22,LC,"Urban area, large city",UK,NU,Mobile DL 1.4 GHz,102-194-164,true,42,0.045819,1.0,0.045819,0.000000,true
A6,22,LC,"Urban area, large city",UK,NU,Mobile DL 1.8 GHz,153-216-201,true,42,0.229095,5.0,0.045819,0.000000,true
A6,22,LC,"Urban area, large city",UK,NU,Mobile DL 2.1 GHz,204-236-230,true,42,0.229095,5.0,0.045819,0.000000,true
A6,22,LC,"Urban area, large city",UK,NU,Mobile DL 2.6 GHz,229-245-249,true,42,0.045819,1.0,0.045819,0.000000,true
A6,22,LC,"Urban area, large city",Austria,DL,Broadcast,189-189-189,false,0,,,0.045819,,false
A6,22,LC,"Urban area, large city",Austria,DL,DECT,254-196-79,false,0,,,0.045819,,false
A6,22,LC,"Urban area, large city",Austria,DL,WiFi 5 GHz,158-154-200,false,0,,,0.045819,,false
A6,22,LC,"Urban area, large city",Austria,DL,ISM/WiFi 2.4 GHz,117-107-177,false,0,,,0.045819,,false
A6,22,LC,"Urban area, large city",Austria,DL,Mobile UL 700 MHz,8-48-107,false,0,,,0.045819,,false
A6,22,LC,"Urban area, large city",Austria,DL,Mobile UL 800 MHz,8-81-156,false,0,,,0.045819,,false
A6,22,LC,"Urban area, large city",Austria,DL,Mobile UL 900 MHz,33-113-181,false,0,,,0.045819,,false
A6,22,LC,"Urban area, large city",Austria,DL,Mobile UL 1.8 GHz,66-146-198,false,0,,,0.045819,,false
A6,22,LC,"Urban area, large city",Austria,DL,Mobile UL 2.1 GHz,107-174-214,false,0,,,0.045819,,false
A6,22,LC,"Urban area, large city",Austria,DL,Mobile UL 2.6 GHz,158-202-225,false,0,,,0.045819,,false
A6,22,LC,"Urban area, large city",Austria,DL,Mobile TDD 2.6 GHz,247-104-161,false,0,,,0.045819,,false
A6,22,LC,"Urban area, large city",Austria,DL,Mobile TDD 3.5 GHz,221-52-151,false,0,,,0.045819,,false
A6,22,LC,"Urban area, large city",Austria,DL,Mobile SDL 700 MHz,0-68-27,false,0,,,0.045819,,false
A6,22,LC,"Urban area, large city",Austria,DL,Mobile DL 700 MHz,0-109-44,false,0,,,0.045819,,false
A6,22,LC,"Urban area, large city",Austria,DL,Mobile DL 800 MHz,35-139-69,false,0,,,0.045819,,false
A6,22,LC,"Urban area, large city",Austria,DL,Mobile DL 900 MHz,65-174-118,false,0,,,0.045819,,false
A6,22,LC,"Urban area, large city",Austria,DL,Mobile DL 1.4 GHz,102-194-164,false,0,,,0.045819,,false
A6,22,LC,"Urban area, large city",Austria,DL,Mobile DL 1.8 GHz,153-216-201,false,0,,,0.045819,,false
A6,22,LC,"Urban area, large city",Austria,DL,Mobile DL 2.1 GHz,204-236-230,false,0,,,0.045819,,false
A6,22,LC,"Urban area, large city",Austria,DL,Mobile DL 2.6 GHz,229-245-249,false,0,,,0.045819,,false
A6,22,LC,"Urban area, large city",Belgium,DL,Broadcast,189-189-189,true,23,0.137457,3.0,0.045819,0.000000,true
A6,22,LC,"Urban area, large city",Belgium,DL,DECT,254-196-79,true,23,0.000000,0.0,0.045819,0.000000,false
A6,22,LC,"Urban area, large city",Belgium,DL,WiFi 5 GHz,158-154-200,true,23,0.045819,1.0,0.045819,0.000000,true
A6,22,LC,"Urban area, large city",Belgium,DL,ISM/WiFi 2.4 GHz,117-107-177,true,23,0.000000,0.0,0.045819,0.000000,false
A6,22,LC,"Urban area, large city",Belgium,DL,Mobile UL 700 MHz,8-48-107,true,23,0.000000,0.0,0.045819,0.000000,false
A6,22,LC,"Urban area, large city",Belgium,DL,Mobile UL 800 MHz,8-81-156,true,23,0.549828,12.0,0.045819,0.000000,true
A6,22,LC,"Urban area, large city",Belgium,DL,Mobile UL 900 MHz,33-113-181,true,23,0.045819,1.0,0.045819,0.000000,true
A6,22,LC,"Urban area, large city",Belgium,DL,Mobile UL 1.8 GHz,66-146-198,true,23,0.870561,19.0,0.045819,0.000000,true
A6,22,LC,"Urban area, large city",Belgium,DL,Mobile UL 2.1 GHz,107-174-214,true,23,0.183276,4.0,0.045819,0.000000,true
A6,22,LC,"Urban area, large city",Belgium,DL,Mobile UL 2.6 GHz,158-202-225,true,23,0.733104,16.0,0.045819,0.000000,true
A6,22,LC,"Urban area, large city",Belgium,DL,Mobile TDD 2.6 GHz,247-104-161,true,23,0.000000,0.0,0.045819,0.000000,false
A6,22,LC,"Urban area, large city",Belgium,DL,Mobile TDD 3.5 GHz,221-52-151,true,23,0.137457,3.0,0.045819,0.000000,true
A6,22,LC,"Urban area, large city",Belgium,DL,Mobile SDL 700 MHz,0-68-27,true,23,0.000000,0.0,0.045819,0.000000,false
A6,22,LC,"Urban area, large city",Belgium,DL,Mobile DL 700 MHz,0-109-44,true,23,0.000000,0.0,0.045819,0.000000,false
A6,22,LC,"Urban area, large city",Belgium,DL,Mobile DL 800 MHz,35-139-69,true,23,0.183276,4.0,0.045819,0.000000,true
A6,22,LC,"Urban area, large city",Belgium,DL,Mobile DL 900 MHz,65-174-118,true,23,0.091638,2.0,0.045819,0.000000,true
A6,22,LC,"Urban area, large city",Belgium,DL,Mobile DL 1.4 GHz,102-194-164,true,23,0.000000,0.0,0.045819,0.000000,false
A6,22,LC,"Urban area, large city",Belgium,DL,Mobile DL 1.8 GHz,153-216-201,true,23,0.091638,2.0,0.045819,0.000000,true
A6,22,LC,"Urban area, large city",Belgium,DL,Mobile DL 2.1 GHz,204-236-230,true,23,0.091638,2.0,0.045819,0.000000,true
A6,22,LC,"Urban area, large city",Belgium,DL,Mobile DL 2.6 GHz,229-245-249,true,23,0.091638,2.0,0.045819,0.000000,true
A6,22,LC,"Urban area, large city",France,DL,Broadcast,189-189-189,true,31,0.091638,2.0,0.045819,0.000000,true
A6,22,LC,"Urban area, large city",France,DL,DECT,254-196-79,true,31,0.000000,0.0,0.045819,0.000000,false
A6,22,LC,"Urban area, large city",France,DL,WiFi 5 GHz,158-154-200,true,31,0.091638,2.0,0.045819,0.000000,true
A6,22,LC,"Urban area, large city",France,DL,ISM/WiFi 2.4 GHz,117-107-177,true,31,0.091638,2.0,0.045819,0.000000,true
A6,22,LC,"Urban area, large city",France,DL,Mobile UL 700 MHz,8-48-107,true,31,0.000000,0.0,0.045819,0.000000,false
A6,22,LC,"Urban area, large city",France,DL,Mobile UL 800 MHz,8-81-156,true,31,0.045819,1.0,0.045819,0.000000,true
A6,22,LC,"Urban area, large city",France,DL,Mobile UL 900 MHz,33-113-181,true,31,0.000000,0.0,0.045819,0.000000,false
A6,22,LC,"Urban area, large city",France,DL,Mobile UL 1.8 GHz,66-146-198,true,31,0.137457,3.0,0.045819,0.000000,true
A6,22,LC,"Urban area, large city",France,DL,Mobile UL 2.1 GHz,107-174-214,true,31,0.458190,10.0,0.045819,0.000000,true
A6,22,LC,"Urban area, large city",France,DL,Mobile UL 2.6 GHz,158-202-225,true,31,1.695304,37.0,0.045819,0.000000,true
A6,22,LC,"Urban area, large city",France,DL,Mobile TDD 2.6 GHz,247-104-161,true,31,0.000000,0.0,0.045819,0.000000,false
A6,22,LC,"Urban area, large city",France,DL,Mobile TDD 3.5 GHz,221-52-151,true,31,3.115693,68.0,0.045819,0.000000,true
A6,22,LC,"Urban area, large city",France,DL,Mobile SDL 700 MHz,0-68-27,true,31,0.000000,0.0,0.045819,0.000000,false
A6,22,LC,"Urban area, large city",France,DL,Mobile DL 700 MHz,0-109-44,true,31,0.229095,5.0,0.045819,0.000000,true
A6,22,LC,"Urban area, large city",France,DL,Mobile DL 800 MHz,35-139-69,true,31,0.320733,7.0,0.045819,0.000000,true
A6,22,LC,"Urban area, large city",France,DL,Mobile DL 900 MHz,65-174-118,true,31,0.229095,5.0,0.045819,0.000000,true
A6,22,LC,"Urban area, large city",France,DL,Mobile DL 1.4 GHz,102-194-164,true,31,0.000000,0.0,0.045819,0.000000,false
A6,22,LC,"Urban area, large city",France,DL,Mobile DL 1.8 GHz,153-216-201,true,31,0.549828,12.0,0.045819,0.000000,true
A6,22,LC,"Urban area, large city",France,DL,Mobile DL 2.1 GHz,204-236-230,true,31,0.366552,8.0,0.045819,0.000000,true
A6,22,LC,"Urban area, large city",France,DL,Mobile DL 2.6 GHz,229-245-249,true,31,0.229095,5.0,0.045819,0.000000,true
A6,22,LC,"Urban area, large city",Hungary,DL,Broadcast,189-189-189,true,18,0.137457,3.0,0.045819,0.000000,true
A6,22,LC,"Urban area, large city",Hungary,DL,DECT,254-196-79,true,18,0.000000,0.0,0.045819,0.000000,false
A6,22,LC,"Urban area, large city",Hungary,DL,WiFi 5 GHz,158-154-200,true,18,0.045819,1.0,0.045819,0.000000,true
A6,22,LC,"Urban area, large city",Hungary,DL,ISM/WiFi 2.4 GHz,117-107-177,true,18,0.045819,1.0,0.045819,0.000000,true
A6,22,LC,"Urban area, large city",Hungary,DL,Mobile UL 700 MHz,8-48-107,true,18,0.183276,4.0,0.045819,0.000000,true
A6,22,LC,"Urban area, large city",Hungary,DL,Mobile UL 800 MHz,8-81-156,true,18,0.320733,7.0,0.045819,0.000000,true
A6,22,LC,"Urban area, large city",Hungary,DL,Mobile UL 900 MHz,33-113-181,true,18,0.000000,0.0,0.045819,0.000000,false
A6,22,LC,"Urban area, large city",Hungary,DL,Mobile UL 1.8 GHz,66-146-198,true,18,0.320733,7.0,0.045819,0.000000,true
A6,22,LC,"Urban area, large city",Hungary,DL,Mobile UL 2.1 GHz,107-174-214,true,18,1.145475,25.0,0.045819,0.000000,true
A6,22,LC,"Urban area, large city",Hungary,DL,Mobile UL 2.6 GHz,158-202-225,true,18,0.229095,5.0,0.045819,0.000000,true
A6,22,LC,"Urban area, large city",Hungary,DL,Mobile TDD 2.6 GHz,247-104-161,true,18,0.000000,0.0,0.045819,0.000000,false
A6,22,LC,"Urban area, large city",Hungary,DL,Mobile TDD 3.5 GHz,221-52-151,true,18,1.099656,24.0,0.045819,0.000000,true
A6,22,LC,"Urban area, large city",Hungary,DL,Mobile SDL 700 MHz,0-68-27,true,18,0.000000,0.0,0.045819,0.000000,false
A6,22,LC,"Urban area, large city",Hungary,DL,Mobile DL 700 MHz,0-109-44,true,18,0.000000,0.0,0.045819,0.000000,false
A6,22,LC,"Urban area, large city",Hungary,DL,Mobile DL 800 MHz,35-139-69,true,18,0.183276,4.0,0.045819,0.000000,true
A6,22,LC,"Urban area, large city",Hungary,DL,Mobile DL 900 MHz,65-174-118,true,18,0.229095,5.0,0.045819,0.000000,true
A6,22,LC,"Urban area, large city",Hungary,DL,Mobile DL 1.4 GHz,102-194-164,true,18,0.000000,0.0,0.045819,0.000000,false
A6,22,LC,"Urban area, large city",Hungary,DL,Mobile DL 1.8 GHz,153-216-201,true,18,0.229095,5.0,0.045819,0.000000,true
A6,22,LC,"Urban area, large city",Hungary,DL,Mobile DL 2.1 GHz,204-236-230,true,18,0.091638,2.0,0.045819,0.000000,true
A6,22,LC,"Urban area, large city",Hungary,DL,Mobile DL 2.6 GHz,229-245-249,true,18,0.091638,2.0,0.045819,0.000000,true
A6,22,LC,"Urban area, large city",Italy,DL,Broadcast,189-189-189,true,12,0.183276,4.0,0.045819,0.000000,true
A6,22,LC,"Urban area, large city",Italy,DL,DECT,254-196-79,true,12,0.000000,0.0,0.045819,0.000000,false
A6,22,LC,"Urban area, large city",Italy,DL,WiFi 5 GHz,158-154-200,true,12,0.000000,0.0,0.045819,0.000000,false
A6,22,LC,"Urban area, large city",Italy,DL,ISM/WiFi 2.4 GHz,117-107-177,true,12,0.000000,0.0,0.045819,0.000000,false
A6,22,LC,"Urban area, large city",Italy,DL,Mobile UL 700 MHz,8-48-107,true,12,0.000000,0.0,0.045819,0.000000,false
A6,22,LC,"Urban area, large city",Italy,DL,Mobile UL 800 MHz,8-81-156,true,12,0.000000,0.0,0.045819,0.000000,false
A6,22,LC,"Urban area, large city",Italy,DL,Mobile UL 900 MHz,33-113-181,true,12,0.091638,2.0,0.045819,0.000000,true
A6,22,LC,"Urban area, large city",Italy,DL,Mobile UL 1.8 GHz,66-146-198,true,12,1.512027,33.0,0.045819,0.000000,true
A6,22,LC,"Urban area, large city",Italy,DL,Mobile UL 2.1 GHz,107-174-214,true,12,0.000000,0.0,0.045819,0.000000,false
A6,22,LC,"Urban area, large city",Italy,DL,Mobile UL 2.6 GHz,158-202-225,true,12,0.504009,11.0,0.045819,0.000000,true
A6,22,LC,"Urban area, large city",Italy,DL,Mobile TDD 2.6 GHz,247-104-161,true,12,0.000000,0.0,0.045819,0.000000,false
A6,22,LC,"Urban area, large city",Italy,DL,Mobile TDD 3.5 GHz,221-52-151,true,12,0.045819,1.0,0.045819,0.000000,true
A6,22,LC,"Urban area, large city",Italy,DL,Mobile SDL 700 MHz,0-68-27,true,12,0.000000,0.0,0.045819,0.000000,false
A6,22,LC,"Urban area, large city",Italy,DL,Mobile DL 700 MHz,0-109-44,true,12,0.000000,0.0,0.045819,0.000000,false
A6,22,LC,"Urban area, large city",Italy,DL,Mobile DL 800 MHz,35-139-69,true,12,0.137457,3.0,0.045819,0.000000,true
A6,22,LC,"Urban area, large city",Italy,DL,Mobile DL 900 MHz,65-174-118,true,12,0.045819,1.0,0.045819,0.000000,true
A6,22,LC,"Urban area, large city",Italy,DL,Mobile DL 1.4 GHz,102-194-164,true,12,0.000000,0.0,0.045819,0.000000,false
A6,22,LC,"Urban area, large city",Italy,DL,Mobile DL 1.8 GHz,153-216-201,true,12,0.091638,2.0,0.045819,0.000000,true
A6,22,LC,"Urban area, large city",Italy,DL,Mobile DL 2.1 GHz,204-236-230,true,12,0.091638,2.0,0.045819,0.000000,true
A6,22,LC,"Urban area, large city",Italy,DL,Mobile DL 2.6 GHz,229-245-249,true,12,0.091638,2.0,0.045819,0.000000,true
A6,22,LC,"Urban area, large city",Netherlands,DL,Broadcast,189-189-189,true,16,0.045819,1.0,0.045819,0.000000,true
A6,22,LC,"Urban area, large city",Netherlands,DL,DECT,254-196-79,true,16,0.000000,0.0,0.045819,0.000000,false
A6,22,LC,"Urban area, large city",Netherlands,DL,WiFi 5 GHz,158-154-200,true,16,0.000000,0.0,0.045819,0.000000,false
A6,22,LC,"Urban area, large city",Netherlands,DL,ISM/WiFi 2.4 GHz,117-107-177,true,16,0.045819,1.0,0.045819,0.000000,true
A6,22,LC,"Urban area, large city",Netherlands,DL,Mobile UL 700 MHz,8-48-107,true,16,0.000000,0.0,0.045819,0.000000,false
A6,22,LC,"Urban area, large city",Netherlands,DL,Mobile UL 800 MHz,8-81-156,true,16,0.183276,4.0,0.045819,0.000000,true
A6,22,LC,"Urban area, large city",Netherlands,DL,Mobile UL 900 MHz,33-113-181,true,16,0.045819,1.0,0.045819,0.000000,true
A6,22,LC,"Urban area, large city",Netherlands,DL,Mobile UL 1.8 GHz,66-146-198,true,16,7.972509,174.0,0.045819,0.000000,true
A6,22,LC,"Urban area, large city",Netherlands,DL,Mobile UL 2.1 GHz,107-174-214,true,16,0.000000,0.0,0.045819,0.000000,false
A6,22,LC,"Urban area, large city",Netherlands,DL,Mobile UL 2.6 GHz,158-202-225,true,16,0.091638,2.0,0.045819,0.000000,true
A6,22,LC,"Urban area, large city",Netherlands,DL,Mobile TDD 2.6 GHz,247-104-161,true,16,0.045819,1.0,0.045819,0.000000,true
A6,22,LC,"Urban area, large city",Netherlands,DL,Mobile TDD 3.5 GHz,221-52-151,true,16,0.000000,0.0,0.045819,0.000000,false
A6,22,LC,"Urban area, large city",Netherlands,DL,Mobile SDL 700 MHz,0-68-27,true,16,0.000000,0.0,0.045819,0.000000,false
A6,22,LC,"Urban area, large city",Netherlands,DL,Mobile DL 700 MHz,0-109-44,true,16,0.137457,3.0,0.045819,0.000000,true
A6,22,LC,"Urban area, large city",Netherlands,DL,Mobile DL 800 MHz,35-139-69,true,16,0.274914,6.0,0.045819,0.000000,true
A6,22,LC,"Urban area, large city",Netherlands,DL,Mobile DL 900 MHz,65-174-118,true,16,0.183276,4.0,0.045819,0.000000,true
A6,22,LC,"Urban area, large city",Netherlands,DL,Mobile DL 1.4 GHz,102-194-164,true,16,0.091638,2.0,0.045819,0.000000,true
A6,22,LC,"Urban area, large city",Netherlands,DL,Mobile DL 1.8 GHz,153-216-201,true,16,0.549828,12.0,0.045819,0.000000,true
A6,22,LC,"Urban area, large city",Netherlands,DL,Mobile DL 2.1 GHz,204-236-230,true,16,0.366552,8.0,0.045819,0.000000,true
A6,22,LC,"Urban area, large city",Netherlands,DL,Mobile DL 2.6 GHz,229-245-249,true,16,0.137457,3.0,0.045819,0.000000,true
A6,22,LC,"Urban area, large city",Poland,DL,Broadcast,189-189-189,true,23,0.320733,7.0,0.045819,0.000000,true
A6,22,LC,"Urban area, large city",Poland,DL,DECT,254-196-79,true,23,0.000000,0.0,0.045819,0.000000,false
A6,22,LC,"Urban area, large city",Poland,DL,WiFi 5 GHz,158-154-200,true,23,0.000000,0.0,0.045819,0.000000,false
A6,22,LC,"Urban area, large city",Poland,DL,ISM/WiFi 2.4 GHz,117-107-177,true,23,0.000000,0.0,0.045819,0.000000,false
A6,22,LC,"Urban area, large city",Poland,DL,Mobile UL 700 MHz,8-48-107,true,23,0.000000,0.0,0.045819,0.000000,false
A6,22,LC,"Urban area, large city",Poland,DL,Mobile UL 800 MHz,8-81-156,true,23,0.000000,0.0,0.045819,0.000000,false
A6,22,LC,"Urban area, large city",Poland,DL,Mobile UL 900 MHz,33-113-181,true,23,0.045819,1.0,0.045819,0.000000,true
A6,22,LC,"Urban area, large city",Poland,DL,Mobile UL 1.8 GHz,66-146-198,true,23,0.137457,3.0,0.045819,0.000000,true
A6,22,LC,"Urban area, large city",Poland,DL,Mobile UL 2.1 GHz,107-174-214,true,23,0.733104,16.0,0.045819,0.000000,true
A6,22,LC,"Urban area, large city",Poland,DL,Mobile UL 2.6 GHz,158-202-225,true,23,0.778923,17.0,0.045819,0.000000,true
A6,22,LC,"Urban area, large city",Poland,DL,Mobile TDD 2.6 GHz,247-104-161,true,23,0.000000,0.0,0.045819,0.000000,false
A6,22,LC,"Urban area, large city",Poland,DL,Mobile TDD 3.5 GHz,221-52-151,true,23,0.000000,0.0,0.045819,0.000000,false
A6,22,LC,"Urban area, large city",Poland,DL,Mobile SDL 700 MHz,0-68-27,true,23,0.000000,0.0,0.045819,0.000000,false
A6,22,LC,"Urban area, large city",Poland,DL,Mobile DL 700 MHz,0-109-44,true,23,0.000000,0.0,0.045819,0.000000,false
A6,22,LC,"Urban area, large city",Poland,DL,Mobile DL 800 MHz,35-139-69,true,23,0.229095,5.0,0.045819,0.000000,true
A6,22,LC,"Urban area, large city",Poland,DL,Mobile DL 900 MHz,65-174-118,true,23,0.320733,7.0,0.045819,0.000000,true
A6,22,LC,"Urban area, large city",Poland,DL,Mobile DL 1.4 GHz,102-194-164,true,23,0.045819,1.0,0.045819,0.000000,true
A6,22,LC,"Urban area, large city",Poland,DL,Mobile DL 1.8 GHz,153-216-201,true,23,0.412371,9.0,0.045819,0.000000,true
A6,22,LC,"Urban area, large city",Poland,DL,Mobile DL 2.1 GHz,204-236-230,true,23,0.458190,10.0,0.045819,0.000000,true
A6,22,LC,"Urban area, large city",Poland,DL,Mobile DL 2.6 GHz,229-245-249,true,23,0.274914,6.0,0.045819,0.000000,true
A6,22,LC,"Urban area, large city",Spain,DL,Broadcast,189-189-189,true,21,0.045819,1.0,0.045819,0.000000,true
A6,22,LC,"Urban area, large city",Spain,DL,DECT,254-196-79,true,21,0.000000,0.0,0.045819,0.000000,false
A6,22,LC,"Urban area, large city",Spain,DL,WiFi 5 GHz,158-154-200,true,21,0.091638,2.0,0.045819,0.000000,true
A6,22,LC,"Urban area, large city",Spain,DL,ISM/WiFi 2.4 GHz,117-107-177,true,21,0.000000,0.0,0.045819,0.000000,false
A6,22,LC,"Urban area, large city",Spain,DL,Mobile UL 700 MHz,8-48-107,true,21,0.000000,0.0,0.045819,0.000000,false
A6,22,LC,"Urban area, large city",Spain,DL,Mobile UL 800 MHz,8-81-156,true,21,0.045819,1.0,0.045819,0.000000,true
A6,22,LC,"Urban area, large city",Spain,DL,Mobile UL 900 MHz,33-113-181,true,21,0.000000,0.0,0.045819,0.000000,false
A6,22,LC,"Urban area, large city",Spain,DL,Mobile UL 1.8 GHz,66-146-198,true,21,0.229095,5.0,0.045819,0.000000,true
A6,22,LC,"Urban area, large city",Spain,DL,Mobile UL 2.1 GHz,107-174-214,true,21,0.229095,5.0,0.045819,0.000000,true
A6,22,LC,"Urban area, large city",Spain,DL,Mobile UL 2.6 GHz,158-202-225,true,21,0.091638,2.0,0.045819,0.000000,true
A6,22,LC,"Urban area, large city",Spain,DL,Mobile TDD 2.6 GHz,247-104-161,true,21,0.000000,0.0,0.045819,0.000000,false
A6,22,LC,"Urban area, large city",Spain,DL,Mobile TDD 3.5 GHz,221-52-151,true,21,2.336770,51.0,0.045819,0.000000,true
A6,22,LC,"Urban area, large city",Spain,DL,Mobile SDL 700 MHz,0-68-27,true,21,0.000000,0.0,0.045819,0.000000,false
A6,22,LC,"Urban area, large city",Spain,DL,Mobile DL 700 MHz,0-109-44,true,21,0.045819,1.0,0.045819,0.000000,true
A6,22,LC,"Urban area, large city",Spain,DL,Mobile DL 800 MHz,35-139-69,true,21,0.091638,2.0,0.045819,0.000000,true
A6,22,LC,"Urban area, large city",Spain,DL,Mobile DL 900 MHz,65-174-118,true,21,0.229095,5.0,0.045819,0.000000,true
A6,22,LC,"Urban area, large city",Spain,DL,Mobile DL 1.4 GHz,102-194-164,true,21,0.000000,0.0,0.045819,0.000000,false
A6,22,LC,"Urban area, large city",Spain,DL,Mobile DL 1.8 GHz,153-216-201,true,21,0.320733,7.0,0.045819,0.000000,true
A6,22,LC,"Urban area, large city",Spain,DL,Mobile DL 2.1 GHz,204-236-230,true,21,0.229095,5.0,0.045819,0.000000,true
A6,22,LC,"Urban area, large city",Spain,DL,Mobile DL 2.6 GHz,229-245-249,true,21,0.091638,2.0,0.045819,0.000000,true
A6,22,LC,"Urban area, large city",Switzerland,DL,Broadcast,189-189-189,true,16,0.091638,2.0,0.045819,0.000000,true
A6,22,LC,"Urban area, large city",Switzerland,DL,DECT,254-196-79,true,16,0.000000,0.0,0.045819,0.000000,false
A6,22,LC,"Urban area, large city",Switzerland,DL,WiFi 5 GHz,158-154-200,true,16,0.045819,1.0,0.045819,0.000000,true
A6,22,LC,"Urban area, large city",Switzerland,DL,ISM/WiFi 2.4 GHz,117-107-177,true,16,0.000000,0.0,0.045819,0.000000,false
A6,22,LC,"Urban area, large city",Switzerland,DL,Mobile UL 700 MHz,8-48-107,true,16,0.229095,5.0,0.045819,0.000000,true
A6,22,LC,"Urban area, large city",Switzerland,DL,Mobile UL 800 MHz,8-81-156,true,16,0.000000,0.0,0.045819,0.000000,false
A6,22,LC,"Urban area, large city",Switzerland,DL,Mobile UL 900 MHz,33-113-181,true,16,0.045819,1.0,0.045819,0.000000,true
A6,22,LC,"Urban area, large city",Switzerland,DL,Mobile UL 1.8 GHz,66-146-198,true,16,0.137457,3.0,0.045819,0.000000,true
A6,22,LC,"Urban area, large city",Switzerland,DL,Mobile UL 2.1 GHz,107-174-214,true,16,0.412371,9.0,0.045819,0.000000,true
A6,22,LC,"Urban area, large city",Switzerland,DL,Mobile UL 2.6 GHz,158-202-225,true,16,0.091638,2.0,0.045819,0.000000,true
A6,22,LC,"Urban area, large city",Switzerland,DL,Mobile TDD 2.6 GHz,247-104-161,true,16,0.000000,0.0,0.045819,0.000000,false
A6,22,LC,"Urban area, large city",Switzerland,DL,Mobile TDD 3.5 GHz,221-52-151,true,16,5.315006,116.0,0.045819,0.000000,true
A6,22,LC,"Urban area, large city",Switzerland,DL,Mobile SDL 700 MHz,0-68-27,true,16,0.000000,0.0,0.045819,0.000000,false
A6,22,LC,"Urban area, large city",Switzerland,DL,Mobile DL 700 MHz,0-109-44,true,16,0.045819,1.0,0.045819,0.000000,true
A6,22,LC,"Urban area, large city",Switzerland,DL,Mobile DL 800 MHz,35-139-69,true,16,0.045819,1.0,0.045819,0.000000,true
A6,22,LC,"Urban area, large city",Switzerland,DL,Mobile DL 900 MHz,65-174-118,true,16,0.000000,0.0,0.045819,0.000000,false
A6,22,LC,"Urban area, large city",Switzerland,DL,Mobile DL 1.4 GHz,102-194-164,true,16,0.045819,1.0,0.045819,0.000000,true
A6,22,LC,"Urban area, large city",Switzerland,DL,Mobile DL 1.8 GHz,153-216-201,true,16,0.045819,1.0,0.045819,0.000000,true
A6,22,LC,"Urban area, large city",Switzerland,DL,Mobile DL 2.1 GHz,204-236-230,true,16,0.091638,2.0,0.045819,0.000000,true
A6,22,LC,"Urban area, large city",Switzerland,DL,Mobile DL 2.6 GHz,229-245-249,true,16,0.045819,1.0,0.045819,0.000000,true
A6,22,LC,"Urban area, large city",UK,DL,Broadcast,189-189-189,true,19,0.091638,2.0,0.045819,0.000000,true
A6,22,LC,"Urban area, large city",UK,DL,DECT,254-196-79,true,19,0.000000,0.0,0.045819,0.000000,false
A6,22,LC,"Urban area, large city",UK,DL,WiFi 5 GHz,158-154-200,true,19,0.000000,0.0,0.045819,0.000000,false
A6,22,LC,"Urban area, large city",UK,DL,ISM/WiFi 2.4 GHz,117-107-177,true,19,0.091638,2.0,0.045819,0.000000,true
A6,22,LC,"Urban area, large city",UK,DL,Mobile UL 700 MHz,8-48-107,true,19,0.183276,4.0,0.045819,0.000000,true
A6,22,LC,"Urban area, large city",UK,DL,Mobile UL 800 MHz,8-81-156,true,19,0.183276,4.0,0.045819,0.000000,true
A6,22,LC,"Urban area, large city",UK,DL,Mobile UL 900 MHz,33-113-181,true,19,0.274914,6.0,0.045819,0.000000,true
A6,22,LC,"Urban area, large city",UK,DL,Mobile UL 1.8 GHz,66-146-198,true,19,0.091638,2.0,0.045819,0.000000,true
A6,22,LC,"Urban area, large city",UK,DL,Mobile UL 2.1 GHz,107-174-214,true,19,1.099656,24.0,0.045819,0.000000,true
A6,22,LC,"Urban area, large city",UK,DL,Mobile UL 2.6 GHz,158-202-225,true,19,0.045819,1.0,0.045819,0.000000,true
A6,22,LC,"Urban area, large city",UK,DL,Mobile TDD 2.6 GHz,247-104-161,true,19,0.000000,0.0,0.045819,0.000000,false
A6,22,LC,"Urban area, large city",UK,DL,Mobile TDD 3.5 GHz,221-52-151,true,19,3.482245,76.0,0.045819,0.000000,true
A6,22,LC,"Urban area, large city",UK,DL,Mobile SDL 700 MHz,0-68-27,true,19,0.000000,0.0,0.045819,0.000000,false
A6,22,LC,"Urban area, large city",UK,DL,Mobile DL 700 MHz,0-109-44,true,19,0.000000,0.0,0.045819,0.000000,false
A6,22,LC,"Urban area, large city",UK,DL,Mobile DL 800 MHz,35-139-69,true,19,0.091638,2.0,0.045819,0.000000,true
A6,22,LC,"Urban area, large city",UK,DL,Mobile DL 900 MHz,65-174-118,true,19,0.137457,3.0,0.045819,0.000000,true
A6,22,LC,"Urban area, large city",UK,DL,Mobile DL 1.4 GHz,102-194-164,true,19,0.045819,1.0,0.045819,0.000000,true
A6,22,LC,"Urban area, large city",UK,DL,Mobile DL 1.8 GHz,153-216-201,true,19,0.091638,2.0,0.045819,0.000000,true
A6,22,LC,"Urban area, large city",UK,DL,Mobile DL 2.1 GHz,204-236-230,true,19,0.274914,6.0,0.045819,0.000000,true
A6,22,LC,"Urban area, large city",UK,DL,Mobile DL 2.6 GHz,229-245-249,true,19,0.045819,1.0,0.045819,0.000000,true
A6,22,LC,"Urban area, large city",Austria,UL,Broadcast,189-189-189,false,0,,,0.045819,,false
A6,22,LC,"Urban area, large city",Austria,UL,DECT,254-196-79,false,0,,,0.045819,,false
A6,22,LC,"Urban area, large city",Austria,UL,WiFi 5 GHz,158-154-200,false,0,,,0.045819,,false
A6,22,LC,"Urban area, large city",Austria,UL,ISM/WiFi 2.4 GHz,117-107-177,false,0,,,0.045819,,false
A6,22,LC,"Urban area, large city",Austria,UL,Mobile UL 700 MHz,8-48-107,false,0,,,0.045819,,false
A6,22,LC,"Urban area, large city",Austria,UL,Mobile UL 800 MHz,8-81-156,false,0,,,0.045819,,false
A6,22,LC,"Urban area, large city",Austria,UL,Mobile UL 900 MHz,33-113-181,false,0,,,0.045819,,false
A6,22,LC,"Urban area, large city",Austria,UL,Mobile UL 1.8 GHz,66-146-198,false,0,,,0.045819,,false
A6,22,LC,"Urban area, large city",Austria,UL,Mobile UL 2.1 GHz,107-174-214,false,0,,,0.045819,,false
A6,22,LC,"Urban area, large city",Austria,UL,Mobile UL 2.6 GHz,158-202-225,false,0,,,0.045819,,false
A6,22,LC,"Urban area, large city",Austria,UL,Mobile TDD 2.6 GHz,247-104-161,false,0,,,0.045819,,false
A6,22,LC,"Urban area, large city",Austria,UL,Mobile TDD 3.5 GHz,221-52-151,false,0,,,0.045819,,false
A6,22,LC,"Urban area, large city",Austria,UL,Mobile SDL 700 MHz,0-68-27,false,0,,,0.045819,,false
A6,22,LC,"Urban area, large city",Austria,UL,Mobile DL 700 MHz,0-109-44,false,0,,,0.045819,,false
A6,22,LC,"Urban area, large city",Austria,UL,Mobile DL 800 MHz,35-139-69,false,0,,,0.045819,,false
A6,22,LC,"Urban area, large city",Austria,UL,Mobile DL 900 MHz,65-174-118,false,0,,,0.045819,,false
A6,22,LC,"Urban area, large city",Austria,UL,Mobile DL 1.4 GHz,102-194-164,false,0,,,0.045819,,false
A6,22,LC,"Urban area, large city",Austria,UL,Mobile DL 1.8 GHz,153-216-201,false,0,,,0.045819,,false
A6,22,LC,"Urban area, large city",Austria,UL,Mobile DL 2.1 GHz,204-236-230,false,0,,,0.045819,,false
A6,22,LC,"Urban area, large city",Austria,UL,Mobile DL 2.6 GHz,229-245-249,false,0,,,0.045819,,false
A6,22,LC,"Urban area, large city",Belgium,UL,Broadcast,189-189-189,true,21,0.183276,4.0,0.045819,0.000000,true
A6,22,LC,"Urban area, large city",Belgium,UL,DECT,254-196-79,true,21,0.000000,0.0,0.045819,0.000000,false
A6,22,LC,"Urban area, large city",Belgium,UL,WiFi 5 GHz,158-154-200,true,21,0.045819,1.0,0.045819,0.000000,true
A6,22,LC,"Urban area, large city",Belgium,UL,ISM/WiFi 2.4 GHz,117-107-177,true,21,0.183276,4.0,0.045819,0.000000,true
A6,22,LC,"Urban area, large city",Belgium,UL,Mobile UL 700 MHz,8-48-107,true,21,0.000000,0.0,0.045819,0.000000,false
A6,22,LC,"Urban area, large city",Belgium,UL,Mobile UL 800 MHz,8-81-156,true,21,1.191294,26.0,0.045819,0.000000,true
A6,22,LC,"Urban area, large city",Belgium,UL,Mobile UL 900 MHz,33-113-181,true,21,0.183276,4.0,0.045819,0.000000,true
A6,22,LC,"Urban area, large city",Belgium,UL,Mobile UL 1.8 GHz,66-146-198,true,21,6.964490,152.0,0.045819,0.000000,true
A6,22,LC,"Urban area, large city",Belgium,UL,Mobile UL 2.1 GHz,107-174-214,true,21,0.641466,14.0,0.045819,0.000000,true
A6,22,LC,"Urban area, large city",Belgium,UL,Mobile UL 2.6 GHz,158-202-225,true,21,7.789233,170.0,0.045819,0.000000,true
A6,22,LC,"Urban area, large city",Belgium,UL,Mobile TDD 2.6 GHz,247-104-161,true,21,0.000000,0.0,0.045819,0.000000,false
A6,22,LC,"Urban area, large city",Belgium,UL,Mobile TDD 3.5 GHz,221-52-151,true,21,0.137457,3.0,0.045819,0.000000,true
A6,22,LC,"Urban area, large city",Belgium,UL,Mobile SDL 700 MHz,0-68-27,true,21,0.045819,1.0,0.045819,0.000000,true
A6,22,LC,"Urban area, large city",Belgium,UL,Mobile DL 700 MHz,0-109-44,true,21,0.000000,0.0,0.045819,0.000000,false
A6,22,LC,"Urban area, large city",Belgium,UL,Mobile DL 800 MHz,35-139-69,true,21,0.137457,3.0,0.045819,0.000000,true
A6,22,LC,"Urban area, large city",Belgium,UL,Mobile DL 900 MHz,65-174-118,true,21,0.045819,1.0,0.045819,0.000000,true
A6,22,LC,"Urban area, large city",Belgium,UL,Mobile DL 1.4 GHz,102-194-164,true,21,0.045819,1.0,0.045819,0.000000,true
A6,22,LC,"Urban area, large city",Belgium,UL,Mobile DL 1.8 GHz,153-216-201,true,21,0.091638,2.0,0.045819,0.000000,true
A6,22,LC,"Urban area, large city",Belgium,UL,Mobile DL 2.1 GHz,204-236-230,true,21,0.045819,1.0,0.045819,0.000000,true
A6,22,LC,"Urban area, large city",Belgium,UL,Mobile DL 2.6 GHz,229-245-249,true,21,0.045819,1.0,0.045819,0.000000,true
A6,22,LC,"Urban area, large city",France,UL,Broadcast,189-189-189,true,24,0.045819,1.0,0.045819,0.000000,true
A6,22,LC,"Urban area, large city",France,UL,DECT,254-196-79,true,24,0.000000,0.0,0.045819,0.000000,false
A6,22,LC,"Urban area, large city",France,UL,WiFi 5 GHz,158-154-200,true,24,0.045819,1.0,0.045819,0.000000,true
A6,22,LC,"Urban area, large city",France,UL,ISM/WiFi 2.4 GHz,117-107-177,true,24,0.091638,2.0,0.045819,0.000000,true
A6,22,LC,"Urban area, large city",France,UL,Mobile UL 700 MHz,8-48-107,true,24,0.000000,0.0,0.045819,0.000000,false
A6,22,LC,"Urban area, large city",France,UL,Mobile UL 800 MHz,8-81-156,true,24,0.091638,2.0,0.045819,0.000000,true
A6,22,LC,"Urban area, large city",France,UL,Mobile UL 900 MHz,33-113-181,true,24,0.137457,3.0,0.045819,0.000000,true
A6,22,LC,"Urban area, large city",France,UL,Mobile UL 1.8 GHz,66-146-198,true,24,2.703322,59.0,0.045819,0.000000,true
A6,22,LC,"Urban area, large city",France,UL,Mobile UL 2.1 GHz,107-174-214,true,24,3.894616,85.0,0.045819,0.000000,true
A6,22,LC,"Urban area, large city",France,UL,Mobile UL 2.6 GHz,158-202-225,true,24,1.237113,27.0,0.045819,0.000000,true
A6,22,LC,"Urban area, large city",France,UL,Mobile TDD 2.6 GHz,247-104-161,true,24,0.000000,0.0,0.045819,0.000000,false
A6,22,LC,"Urban area, large city",France,UL,Mobile TDD 3.5 GHz,221-52-151,true,24,1.237113,27.0,0.045819,0.000000,true
A6,22,LC,"Urban area, large city",France,UL,Mobile SDL 700 MHz,0-68-27,true,24,0.000000,0.0,0.045819,0.000000,false
A6,22,LC,"Urban area, large city",France,UL,Mobile DL 700 MHz,0-109-44,true,24,0.229095,5.0,0.045819,0.000000,true
A6,22,LC,"Urban area, large city",France,UL,Mobile DL 800 MHz,35-139-69,true,24,0.320733,7.0,0.045819,0.000000,true
A6,22,LC,"Urban area, large city",France,UL,Mobile DL 900 MHz,65-174-118,true,24,0.229095,5.0,0.045819,0.000000,true
A6,22,LC,"Urban area, large city",France,UL,Mobile DL 1.4 GHz,102-194-164,true,24,0.000000,0.0,0.045819,0.000000,false
A6,22,LC,"Urban area, large city",France,UL,Mobile DL 1.8 GHz,153-216-201,true,24,0.458190,10.0,0.045819,0.000000,true
A6,22,LC,"Urban area, large city",France,UL,Mobile DL 2.1 GHz,204-236-230,true,24,0.274914,6.0,0.045819,0.000000,true
A6,22,LC,"Urban area, large city",France,UL,Mobile DL 2.6 GHz,229-245-249,true,24,0.229095,5.0,0.045819,0.000000,true
A6,22,LC,"Urban area, large city",Hungary,UL,Broadcast,189-189-189,true,15,0.091638,2.0,0.045819,0.000000,true
A6,22,LC,"Urban area, large city",Hungary,UL,DECT,254-196-79,true,15,0.000000,0.0,0.045819,0.000000,false
A6,22,LC,"Urban area, large city",Hungary,UL,WiFi 5 GHz,158-154-200,true,15,0.091638,2.0,0.045819,0.000000,true
A6,22,LC,"Urban area, large city",Hungary,UL,ISM/WiFi 2.4 GHz,117-107-177,true,15,0.000000,0.0,0.045819,0.000000,false
A6,22,LC,"Urban area, large city",Hungary,UL,Mobile UL 700 MHz,8-48-107,true,15,0.183276,4.0,0.045819,0.000000,true
A6,22,LC,"Urban area, large city",Hungary,UL,Mobile UL 800 MHz,8-81-156,true,15,1.145475,25.0,0.045819,0.000000,true
A6,22,LC,"Urban area, large city",Hungary,UL,Mobile UL 900 MHz,33-113-181,true,15,0.000000,0.0,0.045819,0.000000,false
A6,22,LC,"Urban area, large city",Hungary,UL,Mobile UL 1.8 GHz,66-146-198,true,15,2.932417,64.0,0.045819,0.000000,true
A6,22,LC,"Urban area, large city",Hungary,UL,Mobile UL 2.1 GHz,107-174-214,true,15,1.282932,28.0,0.045819,0.000000,true
A6,22,LC,"Urban area, large city",Hungary,UL,Mobile UL 2.6 GHz,158-202-225,true,15,0.458190,10.0,0.045819,0.000000,true
A6,22,LC,"Urban area, large city",Hungary,UL,Mobile TDD 2.6 GHz,247-104-161,true,15,0.000000,0.0,0.045819,0.000000,false
A6,22,LC,"Urban area, large city",Hungary,UL,Mobile TDD 3.5 GHz,221-52-151,true,15,0.320733,7.0,0.045819,0.000000,true
A6,22,LC,"Urban area, large city",Hungary,UL,Mobile SDL 700 MHz,0-68-27,true,15,0.000000,0.0,0.045819,0.000000,false
A6,22,LC,"Urban area, large city",Hungary,UL,Mobile DL 700 MHz,0-109-44,true,15,0.000000,0.0,0.045819,0.000000,false
A6,22,LC,"Urban area, large city",Hungary,UL,Mobile DL 800 MHz,35-139-69,true,15,0.183276,4.0,0.045819,0.000000,true
A6,22,LC,"Urban area, large city",Hungary,UL,Mobile DL 900 MHz,65-174-118,true,15,0.229095,5.0,0.045819,0.000000,true
A6,22,LC,"Urban area, large city",Hungary,UL,Mobile DL 1.4 GHz,102-194-164,true,15,0.045819,1.0,0.045819,0.000000,true
A6,22,LC,"Urban area, large city",Hungary,UL,Mobile DL 1.8 GHz,153-216-201,true,15,0.183276,4.0,0.045819,0.000000,true
A6,22,LC,"Urban area, large city",Hungary,UL,Mobile DL 2.1 GHz,204-236-230,true,15,0.091638,2.0,0.045819,0.000000,true
A6,22,LC,"Urban area, large city",Hungary,UL,Mobile DL 2.6 GHz,229-245-249,true,15,0.091638,2.0,0.045819,0.000000,true
A6,22,LC,"Urban area, large city",Italy,UL,Broadcast,189-189-189,true,11,0.274914,6.0,0.045819,0.000000,true
A6,22,LC,"Urban area, large city",Italy,UL,DECT,254-196-79,true,11,0.000000,0.0,0.045819,0.000000,false
A6,22,LC,"Urban area, large city",Italy,UL,WiFi 5 GHz,158-154-200,true,11,0.045819,1.0,0.045819,0.000000,true
A6,22,LC,"Urban area, large city",Italy,UL,ISM/WiFi 2.4 GHz,117-107-177,true,11,0.000000,0.0,0.045819,0.000000,false
A6,22,LC,"Urban area, large city",Italy,UL,Mobile UL 700 MHz,8-48-107,true,11,0.000000,0.0,0.045819,0.000000,false
A6,22,LC,"Urban area, large city",Italy,UL,Mobile UL 800 MHz,8-81-156,true,11,0.000000,0.0,0.045819,0.000000,false
A6,22,LC,"Urban area, large city",Italy,UL,Mobile UL 900 MHz,33-113-181,true,11,0.000000,0.0,0.045819,0.000000,false
A6,22,LC,"Urban area, large city",Italy,UL,Mobile UL 1.8 GHz,66-146-198,true,11,16.861397,368.0,0.045819,0.000000,true
A6,22,LC,"Urban area, large city",Italy,UL,Mobile UL 2.1 GHz,107-174-214,true,11,0.000000,0.0,0.045819,0.000000,false
A6,22,LC,"Urban area, large city",Italy,UL,Mobile UL 2.6 GHz,158-202-225,true,11,2.474227,54.0,0.045819,0.000000,true
A6,22,LC,"Urban area, large city",Italy,UL,Mobile TDD 2.6 GHz,247-104-161,true,11,0.000000,0.0,0.045819,0.000000,false
A6,22,LC,"Urban area, large city",Italy,UL,Mobile TDD 3.5 GHz,221-52-151,true,11,0.091638,2.0,0.045819,0.000000,true
A6,22,LC,"Urban area, large city",Italy,UL,Mobile SDL 700 MHz,0-68-27,true,11,0.000000,0.0,0.045819,0.000000,false
A6,22,LC,"Urban area, large city",Italy,UL,Mobile DL 700 MHz,0-109-44,true,11,0.045819,1.0,0.045819,0.000000,true
A6,22,LC,"Urban area, large city",Italy,UL,Mobile DL 800 MHz,35-139-69,true,11,0.091638,2.0,0.045819,0.000000,true
A6,22,LC,"Urban area, large city",Italy,UL,Mobile DL 900 MHz,65-174-118,true,11,0.045819,1.0,0.045819,0.000000,true
A6,22,LC,"Urban area, large city",Italy,UL,Mobile DL 1.4 GHz,102-194-164,true,11,0.045819,1.0,0.045819,0.000000,true
A6,22,LC,"Urban area, large city",Italy,UL,Mobile DL 1.8 GHz,153-216-201,true,11,0.183276,4.0,0.045819,0.000000,true
A6,22,LC,"Urban area, large city",Italy,UL,Mobile DL 2.1 GHz,204-236-230,true,11,0.137457,3.0,0.045819,0.000000,true
A6,22,LC,"Urban area, large city",Italy,UL,Mobile DL 2.6 GHz,229-245-249,true,11,0.091638,2.0,0.045819,0.000000,true
A6,22,LC,"Urban area, large city",Netherlands,UL,Broadcast,189-189-189,true,16,0.000000,0.0,0.045819,0.000000,false
A6,22,LC,"Urban area, large city",Netherlands,UL,DECT,254-196-79,true,16,0.000000,0.0,0.045819,0.000000,false
A6,22,LC,"Urban area, large city",Netherlands,UL,WiFi 5 GHz,158-154-200,true,16,0.091638,2.0,0.045819,0.000000,true
A6,22,LC,"Urban area, large city",Netherlands,UL,ISM/WiFi 2.4 GHz,117-107-177,true,16,0.000000,0.0,0.045819,0.000000,false
A6,22,LC,"Urban area, large city",Netherlands,UL,Mobile UL 700 MHz,8-48-107,true,16,0.000000,0.0,0.045819,0.000000,false
A6,22,LC,"Urban area, large city",Netherlands,UL,Mobile UL 800 MHz,8-81-156,true,16,3.848797,84.0,0.045819,0.000000,true
A6,22,LC,"Urban area, large city",Netherlands,UL,Mobile UL 900 MHz,33-113-181,true,16,0.000000,0.0,0.045819,0.000000,false
A6,22,LC,"Urban area, large city",Netherlands,UL,Mobile UL 1.8 GHz,66-146-198,true,16,15.670103,342.0,0.045819,0.000000,true
A6,22,LC,"Urban area, large city",Netherlands,UL,Mobile UL 2.1 GHz,107-174-214,true,16,1.145475,25.0,0.045819,0.000000,true
A6,22,LC,"Urban area, large city",Netherlands,UL,Mobile UL 2.6 GHz,158-202-225,true,16,0.000000,0.0,0.045819,0.000000,false
A6,22,LC,"Urban area, large city",Netherlands,UL,Mobile TDD 2.6 GHz,247-104-161,true,16,0.000000,0.0,0.045819,0.000000,false
A6,22,LC,"Urban area, large city",Netherlands,UL,Mobile TDD 3.5 GHz,221-52-151,true,16,0.000000,0.0,0.045819,0.000000,false
A6,22,LC,"Urban area, large city",Netherlands,UL,Mobile SDL 700 MHz,0-68-27,true,16,0.000000,0.0,0.045819,0.000000,false
A6,22,LC,"Urban area, large city",Netherlands,UL,Mobile DL 700 MHz,0-109-44,true,16,0.045819,1.0,0.045819,0.000000,true
A6,22,LC,"Urban area, large city",Netherlands,UL,Mobile DL 800 MHz,35-139-69,true,16,0.229095,5.0,0.045819,0.000000,true
A6,22,LC,"Urban area, large city",Netherlands,UL,Mobile DL 900 MHz,65-174-118,true,16,0.137457,3.0,0.045819,0.000000,true
A6,22,LC,"Urban area, large city",Netherlands,UL,Mobile DL 1.4 GHz,102-194-164,true,16,0.045819,1.0,0.045819,0.000000,true
A6,22,LC,"Urban area, large city",Netherlands,UL,Mobile DL 1.8 GHz,153-216-201,true,16,0.320733,7.0,0.045819,0.000000,true
A6,22,LC,"Urban area, large city",Netherlands,UL,Mobile DL 2.1 GHz,204-236-230,true,16,0.274914,6.0,0.045819,0.000000,true
A6,22,LC,"Urban area, large city",Netherlands,UL,Mobile DL 2.6 GHz,229-245-249,true,16,0.137457,3.0,0.045819,0.000000,true
A6,22,LC,"Urban area, large city",Poland,UL,Broadcast,189-189-189,true,15,0.412371,9.0,0.045819,0.000000,true
A6,22,LC,"Urban area, large city",Poland,UL,DECT,254-196-79,true,15,0.000000,0.0,0.045819,0.000000,false
A6,22,LC,"Urban area, large city",Poland,UL,WiFi 5 GHz,158-154-200,true,15,0.000000,0.0,0.045819,0.000000,false
A6,22,LC,"Urban area, large city",Poland,UL,ISM/WiFi 2.4 GHz,117-107-177,true,15,0.000000,0.0,0.045819,0.000000,false
A6,22,LC,"Urban area, large city",Poland,UL,Mobile UL 700 MHz,8-48-107,true,15,0.000000,0.0,0.045819,0.000000,false
A6,22,LC,"Urban area, large city",Poland,UL,Mobile UL 800 MHz,8-81-156,true,15,0.000000,0.0,0.045819,0.000000,false
A6,22,LC,"Urban area, large city",Poland,UL,Mobile UL 900 MHz,33-113-181,true,15,0.091638,2.0,0.045819,0.000000,true
A6,22,LC,"Urban area, large city",Poland,UL,Mobile UL 1.8 GHz,66-146-198,true,15,1.374570,30.0,0.045819,0.000000,true
A6,22,LC,"Urban area, large city",Poland,UL,Mobile UL 2.1 GHz,107-174-214,true,15,1.237113,27.0,0.045819,0.000000,true
A6,22,LC,"Urban area, large city",Poland,UL,Mobile UL 2.6 GHz,158-202-225,true,15,3.665521,80.0,0.045819,0.000000,true
A6,22,LC,"Urban area, large city",Poland,UL,Mobile TDD 2.6 GHz,247-104-161,true,15,0.000000,0.0,0.045819,0.000000,false
A6,22,LC,"Urban area, large city",Poland,UL,Mobile TDD 3.5 GHz,221-52-151,true,15,0.000000,0.0,0.045819,0.000000,false
A6,22,LC,"Urban area, large city",Poland,UL,Mobile SDL 700 MHz,0-68-27,true,15,0.000000,0.0,0.045819,0.000000,false
A6,22,LC,"Urban area, large city",Poland,UL,Mobile DL 700 MHz,0-109-44,true,15,0.000000,0.0,0.045819,0.000000,false
A6,22,LC,"Urban area, large city",Poland,UL,Mobile DL 800 MHz,35-139-69,true,15,0.183276,4.0,0.045819,0.000000,true
A6,22,LC,"Urban area, large city",Poland,UL,Mobile DL 900 MHz,65-174-118,true,15,0.320733,7.0,0.045819,0.000000,true
A6,22,LC,"Urban area, large city",Poland,UL,Mobile DL 1.4 GHz,102-194-164,true,15,0.045819,1.0,0.045819,0.000000,true
A6,22,LC,"Urban area, large city",Poland,UL,Mobile DL 1.8 GHz,153-216-201,true,15,0.366552,8.0,0.045819,0.000000,true
A6,22,LC,"Urban area, large city",Poland,UL,Mobile DL 2.1 GHz,204-236-230,true,15,0.412371,9.0,0.045819,0.000000,true
A6,22,LC,"Urban area, large city",Poland,UL,Mobile DL 2.6 GHz,229-245-249,true,15,0.183276,4.0,0.045819,0.000000,true
A6,22,LC,"Urban area, large city",Spain,UL,Broadcast,189-189-189,true,20,0.091638,2.0,0.045819,0.000000,true
A6,22,LC,"Urban area, large city",Spain,UL,DECT,254-196-79,true,20,0.000000,0.0,0.045819,0.000000,false
A6,22,LC,"Urban area, large city",Spain,UL,WiFi 5 GHz,158-154-200,true,20,0.000000,0.0,0.045819,0.000000,false
A6,22,LC,"Urban area, large city",Spain,UL,ISM/WiFi 2.4 GHz,117-107-177,true,20,0.045819,1.0,0.045819,0.000000,true
A6,22,LC,"Urban area, large city",Spain,UL,Mobile UL 700 MHz,8-48-107,true,20,0.000000,0.0,0.045819,0.000000,false
A6,22,LC,"Urban area, large city",Spain,UL,Mobile UL 800 MHz,8-81-156,true,20,0.045819,1.0,0.045819,0.000000,true
A6,22,LC,"Urban area, large city",Spain,UL,Mobile UL 900 MHz,33-113-181,true,20,0.595647,13.0,0.045819,0.000000,true
A6,22,LC,"Urban area, large city",Spain,UL,Mobile UL 1.8 GHz,66-146-198,true,20,2.199313,48.0,0.045819,0.000000,true
A6,22,LC,"Urban area, large city",Spain,UL,Mobile UL 2.1 GHz,107-174-214,true,20,2.520046,55.0,0.045819,0.000000,true
A6,22,LC,"Urban area, large city",Spain,UL,Mobile UL 2.6 GHz,158-202-225,true,20,3.253150,71.0,0.045819,0.000000,true
A6,22,LC,"Urban area, large city",Spain,UL,Mobile TDD 2.6 GHz,247-104-161,true,20,0.000000,0.0,0.045819,0.000000,false
A6,22,LC,"Urban area, large city",Spain,UL,Mobile TDD 3.5 GHz,221-52-151,true,20,1.924399,42.0,0.045819,0.000000,true
A6,22,LC,"Urban area, large city",Spain,UL,Mobile SDL 700 MHz,0-68-27,true,20,0.000000,0.0,0.045819,0.000000,false
A6,22,LC,"Urban area, large city",Spain,UL,Mobile DL 700 MHz,0-109-44,true,20,0.045819,1.0,0.045819,0.000000,true
A6,22,LC,"Urban area, large city",Spain,UL,Mobile DL 800 MHz,35-139-69,true,20,0.137457,3.0,0.045819,0.000000,true
A6,22,LC,"Urban area, large city",Spain,UL,Mobile DL 900 MHz,65-174-118,true,20,0.274914,6.0,0.045819,0.000000,true
A6,22,LC,"Urban area, large city",Spain,UL,Mobile DL 1.4 GHz,102-194-164,true,20,0.000000,0.0,0.045819,0.000000,false
A6,22,LC,"Urban area, large city",Spain,UL,Mobile DL 1.8 GHz,153-216-201,true,20,0.320733,7.0,0.045819,0.000000,true
A6,22,LC,"Urban area, large city",Spain,UL,Mobile DL 2.1 GHz,204-236-230,true,20,0.183276,4.0,0.045819,0.000000,true
A6,22,LC,"Urban area, large city",Spain,UL,Mobile DL 2.6 GHz,229-245-249,true,20,0.137457,3.0,0.045819,0.000000,true
A6,22,LC,"Urban area, large city",Switzerland,UL,Broadcast,189-189-189,true,18,0.091638,2.0,0.045819,0.000000,true
A6,22,LC,"Urban area, large city",Switzerland,UL,DECT,254-196-79,true,18,0.000000,0.0,0.045819,0.000000,false
A6,22,LC,"Urban area, large city",Switzerland,UL,WiFi 5 GHz,158-154-200,true,18,0.000000,0.0,0.045819,0.000000,false
A6,22,LC,"Urban area, large city",Switzerland,UL,ISM/WiFi 2.4 GHz,117-107-177,true,18,0.000000,0.0,0.045819,0.000000,false
A6,22,LC,"Urban area, large city",Switzerland,UL,Mobile UL 700 MHz,8-48-107,true,18,0.183276,4.0,0.045819,0.000000,true
A6,22,LC,"Urban area, large city",Switzerland,UL,Mobile UL 800 MHz,8-81-156,true,18,0.045819,1.0,0.045819,0.000000,true
A6,22,LC,"Urban area, large city",Switzerland,UL,Mobile UL 900 MHz,33-113-181,true,18,0.045819,1.0,0.045819,0.000000,true
A6,22,LC,"Urban area, large city",Switzerland,UL,Mobile UL 1.8 GHz,66-146-198,true,18,0.778923,17.0,0.045819,0.000000,true
A6,22,LC,"Urban area, large city",Switzerland,UL,Mobile UL 2.1 GHz,107-174-214,true,18,5.085911,111.0,0.045819,0.000000,true
A6,22,LC,"Urban area, large city",Switzerland,UL,Mobile UL 2.6 GHz,158-202-225,true,18,2.565865,56.0,0.045819,0.000000,true
A6,22,LC,"Urban area, large city",Switzerland,UL,Mobile TDD 2.6 GHz,247-104-161,true,18,0.000000,0.0,0.045819,0.000000,false
A6,22,LC,"Urban area, large city",Switzerland,UL,Mobile TDD 3.5 GHz,221-52-151,true,18,6.048110,132.0,0.045819,0.000000,true
A6,22,LC,"Urban area, large city",Switzerland,UL,Mobile SDL 700 MHz,0-68-27,true,18,0.000000,0.0,0.045819,0.000000,false
A6,22,LC,"Urban area, large city",Switzerland,UL,Mobile DL 700 MHz,0-109-44,true,18,0.045819,1.0,0.045819,0.000000,true
A6,22,LC,"Urban area, large city",Switzerland,UL,Mobile DL 800 MHz,35-139-69,true,18,0.045819,1.0,0.045819,0.000000,true
A6,22,LC,"Urban area, large city",Switzerland,UL,Mobile DL 900 MHz,65-174-118,true,18,0.000000,0.0,0.045819,0.000000,false
A6,22,LC,"Urban area, large city",Switzerland,UL,Mobile DL 1.4 GHz,102-194-164,true,18,0.045819,1.0,0.045819,0.000000,true
A6,22,LC,"Urban area, large city",Switzerland,UL,Mobile DL 1.8 GHz,153-216-201,true,18,0.045819,1.0,0.045819,0.000000,true
A6,22,LC,"Urban area, large city",Switzerland,UL,Mobile DL 2.1 GHz,204-236-230,true,18,0.045819,1.0,0.045819,0.000000,true
A6,22,LC,"Urban area, large city",Switzerland,UL,Mobile DL 2.6 GHz,229-245-249,true,18,0.045819,1.0,0.045819,0.000000,true
A6,22,LC,"Urban area, large city",UK,UL,Broadcast,189-189-189,true,24,0.000000,0.0,0.045819,0.000000,false
A6,22,LC,"Urban area, large city",UK,UL,DECT,254-196-79,true,24,0.000000,0.0,0.045819,0.000000,false
A6,22,LC,"Urban area, large city",UK,UL,WiFi 5 GHz,158-154-200,true,24,0.000000,0.0,0.045819,0.000000,false
A6,22,LC,"Urban area, large city",UK,UL,ISM/WiFi 2.4 GHz,117-107-177,true,24,0.137457,3.0,0.045819,0.000000,true
A6,22,LC,"Urban area, large city",UK,UL,Mobile UL 700 MHz,8-48-107,true,24,0.000000,0.0,0.045819,0.000000,false
A6,22,LC,"Urban area, large city",UK,UL,Mobile UL 800 MHz,8-81-156,true,24,0.320733,7.0,0.045819,0.000000,true
A6,22,LC,"Urban area, large city",UK,UL,Mobile UL 900 MHz,33-113-181,true,24,0.045819,1.0,0.045819,0.000000,true
A6,22,LC,"Urban area, large city",UK,UL,Mobile UL 1.8 GHz,66-146-198,true,24,0.137457,3.0,0.045819,0.000000,true
A6,22,LC,"Urban area, large city",UK,UL,Mobile UL 2.1 GHz,107-174-214,true,24,4.352806,95.0,0.045819,0.000000,true
A6,22,LC,"Urban area, large city",UK,UL,Mobile UL 2.6 GHz,158-202-225,true,24,0.000000,0.0,0.045819,0.000000,false
A6,22,LC,"Urban area, large city",UK,UL,Mobile TDD 2.6 GHz,247-104-161,true,24,0.000000,0.0,0.045819,0.000000,false
A6,22,LC,"Urban area, large city",UK,UL,Mobile TDD 3.5 GHz,221-52-151,true,24,2.245132,49.0,0.045819,0.000000,true
A6,22,LC,"Urban area, large city",UK,UL,Mobile SDL 700 MHz,0-68-27,true,24,0.000000,0.0,0.045819,0.000000,false
A6,22,LC,"Urban area, large city",UK,UL,Mobile DL 700 MHz,0-109-44,true,24,0.000000,0.0,0.045819,0.000000,false
A6,22,LC,"Urban area, large city",UK,UL,Mobile DL 800 MHz,35-139-69,true,24,0.091638,2.0,0.045819,0.000000,true
A6,22,LC,"Urban area, large city",UK,UL,Mobile DL 900 MHz,65-174-118,true,24,0.137457,3.0,0.045819,0.000000,true
A6,22,LC,"Urban area, large city",UK,UL,Mobile DL 1.4 GHz,102-194-164,true,24,0.000000,0.0,0.045819,0.000000,false
A6,22,LC,"Urban area, large city",UK,UL,Mobile DL 1.8 GHz,153-216-201,true,24,0.137457,3.0,0.045819,0.000000,true
A6,22,LC,"Urban area, large city",UK,UL,Mobile DL 2.1 GHz,204-236-230,true,24,0.229095,5.0,0.045819,0.000000,true
A6,22,LC,"Urban area, large city",UK,UL,Mobile DL 2.6 GHz,229-245-249,true,24,0.091638,2.0,0.045819,0.000000,true
A7,23,SC,"Urban area, secondary city",Austria,NU,Broadcast,189-189-189,true,21,0.000000,0.0,0.045819,0.000000,false
A7,23,SC,"Urban area, secondary city",Austria,NU,DECT,254-196-79,true,21,0.000000,0.0,0.045819,0.000000,false
A7,23,SC,"Urban area, secondary city",Austria,NU,WiFi 5 GHz,158-154-200,true,21,0.000000,0.0,0.045819,0.000000,false
A7,23,SC,"Urban area, secondary city",Austria,NU,ISM/WiFi 2.4 GHz,117-107-177,true,21,0.045819,1.0,0.045819,0.000000,true
A7,23,SC,"Urban area, secondary city",Austria,NU,Mobile UL 700 MHz,8-48-107,true,21,0.000000,0.0,0.045819,0.000000,false
A7,23,SC,"Urban area, secondary city",Austria,NU,Mobile UL 800 MHz,8-81-156,true,21,0.000000,0.0,0.045819,0.000000,false
A7,23,SC,"Urban area, secondary city",Austria,NU,Mobile UL 900 MHz,33-113-181,true,21,0.000000,0.0,0.045819,0.000000,false
A7,23,SC,"Urban area, secondary city",Austria,NU,Mobile UL 1.8 GHz,66-146-198,true,21,0.000000,0.0,0.045819,0.000000,false
A7,23,SC,"Urban area, secondary city",Austria,NU,Mobile UL 2.1 GHz,107-174-214,true,21,0.000000,0.0,0.045819,0.000000,false
A7,23,SC,"Urban area, secondary city",Austria,NU,Mobile UL 2.6 GHz,158-202-225,true,21,0.000000,0.0,0.045819,0.000000,false
A7,23,SC,"Urban area, secondary city",Austria,NU,Mobile TDD 2.6 GHz,247-104-161,true,21,0.000000,0.0,0.045819,0.000000,false
A7,23,SC,"Urban area, secondary city",Austria,NU,Mobile TDD 3.5 GHz,221-52-151,true,21,0.229095,5.0,0.045819,0.000000,true
A7,23,SC,"Urban area, secondary city",Austria,NU,Mobile SDL 700 MHz,0-68-27,true,21,0.000000,0.0,0.045819,0.000000,false
A7,23,SC,"Urban area, secondary city",Austria,NU,Mobile DL 700 MHz,0-109-44,true,21,0.045819,1.0,0.045819,0.000000,true
A7,23,SC,"Urban area, secondary city",Austria,NU,Mobile DL 800 MHz,35-139-69,true,21,0.000000,0.0,0.045819,0.000000,false
A7,23,SC,"Urban area, secondary city",Austria,NU,Mobile DL 900 MHz,65-174-118,true,21,0.274914,6.0,0.045819,0.000000,true
A7,23,SC,"Urban area, secondary city",Austria,NU,Mobile DL 1.4 GHz,102-194-164,true,21,0.000000,0.0,0.045819,0.000000,false
A7,23,SC,"Urban area, secondary city",Austria,NU,Mobile DL 1.8 GHz,153-216-201,true,21,0.458190,10.0,0.045819,0.000000,true
A7,23,SC,"Urban area, secondary city",Austria,NU,Mobile DL 2.1 GHz,204-236-230,true,21,0.229095,5.0,0.045819,0.000000,true
A7,23,SC,"Urban area, secondary city",Austria,NU,Mobile DL 2.6 GHz,229-245-249,true,21,0.137457,3.0,0.045819,0.000000,true
A7,23,SC,"Urban area, secondary city",Belgium,NU,Broadcast,189-189-189,true,28,0.091638,2.0,0.045819,0.000000,true
A7,23,SC,"Urban area, secondary city",Belgium,NU,DECT,254-196-79,true,28,0.000000,0.0,0.045819,0.000000,false
A7,23,SC,"Urban area, secondary city",Belgium,NU,WiFi 5 GHz,158-154-200,true,28,0.000000,0.0,0.045819,0.000000,false
A7,23,SC,"Urban area, secondary city",Belgium,NU,ISM/WiFi 2.4 GHz,117-107-177,true,28,0.091638,2.0,0.045819,0.000000,true
A7,23,SC,"Urban area, secondary city",Belgium,NU,Mobile UL 700 MHz,8-48-107,true,28,0.000000,0.0,0.045819,0.000000,false
A7,23,SC,"Urban area, secondary city",Belgium,NU,Mobile UL 800 MHz,8-81-156,true,28,0.000000,0.0,0.045819,0.000000,false
A7,23,SC,"Urban area, secondary city",Belgium,NU,Mobile UL 900 MHz,33-113-181,true,28,0.000000,0.0,0.045819,0.000000,false
A7,23,SC,"Urban area, secondary city",Belgium,NU,Mobile UL 1.8 GHz,66-146-198,true,28,0.000000,0.0,0.045819,0.000000,false
A7,23,SC,"Urban area, secondary city",Belgium,NU,Mobile UL 2.1 GHz,107-174-214,true,28,0.000000,0.0,0.045819,0.000000,false
A7,23,SC,"Urban area, secondary city",Belgium,NU,Mobile UL 2.6 GHz,158-202-225,true,28,0.000000,0.0,0.045819,0.000000,false
A7,23,SC,"Urban area, secondary city",Belgium,NU,Mobile TDD 2.6 GHz,247-104-161,true,28,0.000000,0.0,0.045819,0.000000,false
A7,23,SC,"Urban area, secondary city",Belgium,NU,Mobile TDD 3.5 GHz,221-52-151,true,28,0.000000,0.0,0.045819,0.000000,false
A7,23,SC,"Urban area, secondary city",Belgium,NU,Mobile SDL 700 MHz,0-68-27,true,28,0.000000,0.0,0.045819,0.000000,false
A7,23,SC,"Urban area, secondary city",Belgium,NU,Mobile DL 700 MHz,0-109-44,true,28,0.000000,0.0,0.045819,0.000000,false
A7,23,SC,"Urban area, secondary city",Belgium,NU,Mobile DL 800 MHz,35-139-69,true,28,0.183276,4.0,0.045819,0.000000,true
A7,23,SC,"Urban area, secondary city",Belgium,NU,Mobile DL 900 MHz,65-174-118,true,28,0.137457,3.0,0.045819,0.000000,true
A7,23,SC,"Urban area, secondary city",Belgium,NU,Mobile DL 1.4 GHz,102-194-164,true,28,0.000000,0.0,0.045819,0.000000,false
A7,23,SC,"Urban area, secondary city",Belgium,NU,Mobile DL 1.8 GHz,153-216-201,true,28,0.137457,3.0,0.045819,0.000000,true
A7,23,SC,"Urban area, secondary city",Belgium,NU,Mobile DL 2.1 GHz,204-236-230,true,28,0.091638,2.0,0.045819,0.000000,true
A7,23,SC,"Urban area, secondary city",Belgium,NU,Mobile DL 2.6 GHz,229-245-249,true,28,0.045819,1.0,0.045819,0.000000,true
A7,23,SC,"Urban area, secondary city",France,NU,Broadcast,189-189-189,true,23,0.045819,1.0,0.045819,0.000000,true
A7,23,SC,"Urban area, secondary city",France,NU,DECT,254-196-79,true,23,0.000000,0.0,0.045819,0.000000,false
A7,23,SC,"Urban area, secondary city",France,NU,WiFi 5 GHz,158-154-200,true,23,0.000000,0.0,0.045819,0.000000,false
A7,23,SC,"Urban area, secondary city",France,NU,ISM/WiFi 2.4 GHz,117-107-177,true,23,0.000000,0.0,0.045819,0.000000,false
A7,23,SC,"Urban area, secondary city",France,NU,Mobile UL 700 MHz,8-48-107,true,23,0.000000,0.0,0.045819,0.000000,false
A7,23,SC,"Urban area, secondary city",France,NU,Mobile UL 800 MHz,8-81-156,true,23,0.000000,0.0,0.045819,0.000000,false
A7,23,SC,"Urban area, secondary city",France,NU,Mobile UL 900 MHz,33-113-181,true,23,0.000000,0.0,0.045819,0.000000,false
A7,23,SC,"Urban area, secondary city",France,NU,Mobile UL 1.8 GHz,66-146-198,true,23,0.000000,0.0,0.045819,0.000000,false
A7,23,SC,"Urban area, secondary city",France,NU,Mobile UL 2.1 GHz,107-174-214,true,23,0.000000,0.0,0.045819,0.000000,false
A7,23,SC,"Urban area, secondary city",France,NU,Mobile UL 2.6 GHz,158-202-225,true,23,0.045819,1.0,0.045819,0.000000,true
A7,23,SC,"Urban area, secondary city",France,NU,Mobile TDD 2.6 GHz,247-104-161,true,23,0.000000,0.0,0.045819,0.000000,false
A7,23,SC,"Urban area, secondary city",France,NU,Mobile TDD 3.5 GHz,221-52-151,true,23,0.045819,1.0,0.045819,0.000000,true
A7,23,SC,"Urban area, secondary city",France,NU,Mobile SDL 700 MHz,0-68-27,true,23,0.000000,0.0,0.045819,0.000000,false
A7,23,SC,"Urban area, secondary city",France,NU,Mobile DL 700 MHz,0-109-44,true,23,0.091638,2.0,0.045819,0.000000,true
A7,23,SC,"Urban area, secondary city",France,NU,Mobile DL 800 MHz,35-139-69,true,23,0.137457,3.0,0.045819,0.000000,true
A7,23,SC,"Urban area, secondary city",France,NU,Mobile DL 900 MHz,65-174-118,true,23,0.091638,2.0,0.045819,0.000000,true
A7,23,SC,"Urban area, secondary city",France,NU,Mobile DL 1.4 GHz,102-194-164,true,23,0.000000,0.0,0.045819,0.000000,false
A7,23,SC,"Urban area, secondary city",France,NU,Mobile DL 1.8 GHz,153-216-201,true,23,0.137457,3.0,0.045819,0.000000,true
A7,23,SC,"Urban area, secondary city",France,NU,Mobile DL 2.1 GHz,204-236-230,true,23,0.091638,2.0,0.045819,0.000000,true
A7,23,SC,"Urban area, secondary city",France,NU,Mobile DL 2.6 GHz,229-245-249,true,23,0.091638,2.0,0.045819,0.000000,true
A7,23,SC,"Urban area, secondary city",Hungary,NU,Broadcast,189-189-189,true,25,0.045819,1.0,0.045819,0.000000,true
A7,23,SC,"Urban area, secondary city",Hungary,NU,DECT,254-196-79,true,25,0.000000,0.0,0.045819,0.000000,false
A7,23,SC,"Urban area, secondary city",Hungary,NU,WiFi 5 GHz,158-154-200,true,25,0.000000,0.0,0.045819,0.000000,false
A7,23,SC,"Urban area, secondary city",Hungary,NU,ISM/WiFi 2.4 GHz,117-107-177,true,25,0.045819,1.0,0.045819,0.000000,true
A7,23,SC,"Urban area, secondary city",Hungary,NU,Mobile UL 700 MHz,8-48-107,true,25,0.000000,0.0,0.045819,0.000000,false
A7,23,SC,"Urban area, secondary city",Hungary,NU,Mobile UL 800 MHz,8-81-156,true,25,0.000000,0.0,0.045819,0.000000,false
A7,23,SC,"Urban area, secondary city",Hungary,NU,Mobile UL 900 MHz,33-113-181,true,25,0.000000,0.0,0.045819,0.000000,false
A7,23,SC,"Urban area, secondary city",Hungary,NU,Mobile UL 1.8 GHz,66-146-198,true,25,0.000000,0.0,0.045819,0.000000,false
A7,23,SC,"Urban area, secondary city",Hungary,NU,Mobile UL 2.1 GHz,107-174-214,true,25,0.000000,0.0,0.045819,0.000000,false
A7,23,SC,"Urban area, secondary city",Hungary,NU,Mobile UL 2.6 GHz,158-202-225,true,25,0.000000,0.0,0.045819,0.000000,false
A7,23,SC,"Urban area, secondary city",Hungary,NU,Mobile TDD 2.6 GHz,247-104-161,true,25,0.000000,0.0,0.045819,0.000000,false
A7,23,SC,"Urban area, secondary city",Hungary,NU,Mobile TDD 3.5 GHz,221-52-151,true,25,0.000000,0.0,0.045819,0.000000,false
A7,23,SC,"Urban area, secondary city",Hungary,NU,Mobile SDL 700 MHz,0-68-27,true,25,0.000000,0.0,0.045819,0.000000,false
A7,23,SC,"Urban area, secondary city",Hungary,NU,Mobile DL 700 MHz,0-109-44,true,25,0.045819,1.0,0.045819,0.000000,true
A7,23,SC,"Urban area, secondary city",Hungary,NU,Mobile DL 800 MHz,35-139-69,true,25,0.091638,2.0,0.045819,0.000000,true
A7,23,SC,"Urban area, secondary city",Hungary,NU,Mobile DL 900 MHz,65-174-118,true,25,0.137457,3.0,0.045819,0.000000,true
A7,23,SC,"Urban area, secondary city",Hungary,NU,Mobile DL 1.4 GHz,102-194-164,true,25,0.000000,0.0,0.045819,0.000000,false
A7,23,SC,"Urban area, secondary city",Hungary,NU,Mobile DL 1.8 GHz,153-216-201,true,25,0.229095,5.0,0.045819,0.000000,true
A7,23,SC,"Urban area, secondary city",Hungary,NU,Mobile DL 2.1 GHz,204-236-230,true,25,0.091638,2.0,0.045819,0.000000,true
A7,23,SC,"Urban area, secondary city",Hungary,NU,Mobile DL 2.6 GHz,229-245-249,true,25,0.000000,0.0,0.045819,0.000000,false
A7,23,SC,"Urban area, secondary city",Italy,NU,Broadcast,189-189-189,true,20,0.137457,3.0,0.045819,0.000000,true
A7,23,SC,"Urban area, secondary city",Italy,NU,DECT,254-196-79,true,20,0.000000,0.0,0.045819,0.000000,false
A7,23,SC,"Urban area, secondary city",Italy,NU,WiFi 5 GHz,158-154-200,true,20,0.045819,1.0,0.045819,0.000000,true
A7,23,SC,"Urban area, secondary city",Italy,NU,ISM/WiFi 2.4 GHz,117-107-177,true,20,0.000000,0.0,0.045819,0.000000,false
A7,23,SC,"Urban area, secondary city",Italy,NU,Mobile UL 700 MHz,8-48-107,true,20,0.000000,0.0,0.045819,0.000000,false
A7,23,SC,"Urban area, secondary city",Italy,NU,Mobile UL 800 MHz,8-81-156,true,20,0.000000,0.0,0.045819,0.000000,false
A7,23,SC,"Urban area, secondary city",Italy,NU,Mobile UL 900 MHz,33-113-181,true,20,0.000000,0.0,0.045819,0.000000,false
A7,23,SC,"Urban area, secondary city",Italy,NU,Mobile UL 1.8 GHz,66-146-198,true,20,0.000000,0.0,0.045819,0.000000,false
A7,23,SC,"Urban area, secondary city",Italy,NU,Mobile UL 2.1 GHz,107-174-214,true,20,0.000000,0.0,0.045819,0.000000,false
A7,23,SC,"Urban area, secondary city",Italy,NU,Mobile UL 2.6 GHz,158-202-225,true,20,0.000000,0.0,0.045819,0.000000,false
A7,23,SC,"Urban area, secondary city",Italy,NU,Mobile TDD 2.6 GHz,247-104-161,true,20,0.000000,0.0,0.045819,0.000000,false
A7,23,SC,"Urban area, secondary city",Italy,NU,Mobile TDD 3.5 GHz,221-52-151,true,20,0.045819,1.0,0.045819,0.000000,true
A7,23,SC,"Urban area, secondary city",Italy,NU,Mobile SDL 700 MHz,0-68-27,true,20,0.000000,0.0,0.045819,0.000000,false
A7,23,SC,"Urban area, secondary city",Italy,NU,Mobile DL 700 MHz,0-109-44,true,20,0.000000,0.0,0.045819,0.000000,false
A7,23,SC,"Urban area, secondary city",Italy,NU,Mobile DL 800 MHz,35-139-69,true,20,0.137457,3.0,0.045819,0.000000,true
A7,23,SC,"Urban area, secondary city",Italy,NU,Mobile DL 900 MHz,65-174-118,true,20,0.045819,1.0,0.045819,0.000000,true
A7,23,SC,"Urban area, secondary city",Italy,NU,Mobile DL 1.4 GHz,102-194-164,true,20,0.045819,1.0,0.045819,0.000000,true
A7,23,SC,"Urban area, secondary city",Italy,NU,Mobile DL 1.8 GHz,153-216-201,true,20,0.091638,2.0,0.045819,0.000000,true
A7,23,SC,"Urban area, secondary city",Italy,NU,Mobile DL 2.1 GHz,204-236-230,true,20,0.091638,2.0,0.045819,0.000000,true
A7,23,SC,"Urban area, secondary city",Italy,NU,Mobile DL 2.6 GHz,229-245-249,true,20,0.045819,1.0,0.045819,0.000000,true
A7,23,SC,"Urban area, secondary city",Netherlands,NU,Broadcast,189-189-189,true,22,0.137457,3.0,0.045819,0.000000,true
A7,23,SC,"Urban area, secondary city",Netherlands,NU,DECT,254-196-79,true,22,0.000000,0.0,0.045819,0.000000,false
A7,23,SC,"Urban area, secondary city",Netherlands,NU,WiFi 5 GHz,158-154-200,true,22,0.000000,0.0,0.045819,0.000000,false
A7,23,SC,"Urban area, secondary city",Netherlands,NU,ISM/WiFi 2.4 GHz,117-107-177,true,22,0.045819,1.0,0.045819,0.000000,true
A7,23,SC,"Urban area, secondary city",Netherlands,NU,Mobile UL 700 MHz,8-48-107,true,22,0.000000,0.0,0.045819,0.000000,false
A7,23,SC,"Urban area, secondary city",Netherlands,NU,Mobile UL 800 MHz,8-81-156,true,22,0.000000,0.0,0.045819,0.000000,false
A7,23,SC,"Urban area, secondary city",Netherlands,NU,Mobile UL 900 MHz,33-113-181,true,22,0.000000,0.0,0.045819,0.000000,false
A7,23,SC,"Urban area, secondary city",Netherlands,NU,Mobile UL 1.8 GHz,66-146-198,true,22,0.000000,0.0,0.045819,0.000000,false
A7,23,SC,"Urban area, secondary city",Netherlands,NU,Mobile UL 2.1 GHz,107-174-214,true,22,0.000000,0.0,0.045819,0.000000,false
A7,23,SC,"Urban area, secondary city",Netherlands,NU,Mobile UL 2.6 GHz,158-202-225,true,22,0.000000,0.0,0.045819,0.000000,false
A7,23,SC,"Urban area, secondary city",Netherlands,NU,Mobile TDD 2.6 GHz,247-104-161,true,22,0.000000,0.0,0.045819,0.000000,false
A7,23,SC,"Urban area, secondary city",Netherlands,NU,Mobile TDD 3.5 GHz,221-52-151,true,22,0.000000,0.0,0.045819,0.000000,false
A7,23,SC,"Urban area, secondary city",Netherlands,NU,Mobile SDL 700 MHz,0-68-27,true,22,0.000000,0.0,0.045819,0.000000,false
A7,23,SC,"Urban area, secondary city",Netherlands,NU,Mobile DL 700 MHz,0-109-44,true,22,0.091638,2.0,0.045819,0.000000,true
A7,23,SC,"Urban area, secondary city",Netherlands,NU,Mobile DL 800 MHz,35-139-69,true,22,0.183276,4.0,0.045819,0.000000,true
A7,23,SC,"Urban area, secondary city",Netherlands,NU,Mobile DL 900 MHz,65-174-118,true,22,0.183276,4.0,0.045819,0.000000,true
A7,23,SC,"Urban area, secondary city",Netherlands,NU,Mobile DL 1.4 GHz,102-194-164,true,22,0.091638,2.0,0.045819,0.000000,true
A7,23,SC,"Urban area, secondary city",Netherlands,NU,Mobile DL 1.8 GHz,153-216-201,true,22,0.229095,5.0,0.045819,0.000000,true
A7,23,SC,"Urban area, secondary city",Netherlands,NU,Mobile DL 2.1 GHz,204-236-230,true,22,0.320733,7.0,0.045819,0.000000,true
A7,23,SC,"Urban area, secondary city",Netherlands,NU,Mobile DL 2.6 GHz,229-245-249,true,22,0.045819,1.0,0.045819,0.000000,true
A7,23,SC,"Urban area, secondary city",Poland,NU,Broadcast,189-189-189,true,25,0.045819,1.0,0.045819,0.000000,true
A7,23,SC,"Urban area, secondary city",Poland,NU,DECT,254-196-79,true,25,0.000000,0.0,0.045819,0.000000,false
A7,23,SC,"Urban area, secondary city",Poland,NU,WiFi 5 GHz,158-154-200,true,25,0.000000,0.0,0.045819,0.000000,false
A7,23,SC,"Urban area, secondary city",Poland,NU,ISM/WiFi 2.4 GHz,117-107-177,true,25,0.000000,0.0,0.045819,0.000000,false
A7,23,SC,"Urban area, secondary city",Poland,NU,Mobile UL 700 MHz,8-48-107,true,25,0.000000,0.0,0.045819,0.000000,false
A7,23,SC,"Urban area, secondary city",Poland,NU,Mobile UL 800 MHz,8-81-156,true,25,0.000000,0.0,0.045819,0.000000,false
A7,23,SC,"Urban area, secondary city",Poland,NU,Mobile UL 900 MHz,33-113-181,true,25,0.045819,1.0,0.045819,0.000000,true
A7,23,SC,"Urban area, secondary city",Poland,NU,Mobile UL 1.8 GHz,66-146-198,true,25,0.000000,0.0,0.045819,0.000000,false
A7,23,SC,"Urban area, secondary city",Poland,NU,Mobile UL 2.1 GHz,107-174-214,true,25,0.000000,0.0,0.045819,0.000000,false
A7,23,SC,"Urban area, secondary city",Poland,NU,Mobile UL 2.6 GHz,158-202-225,true,25,0.000000,0.0,0.045819,0.000000,false
A7,23,SC,"Urban area, secondary city",Poland,NU,Mobile TDD 2.6 GHz,247-104-161,true,25,0.000000,0.0,0.045819,0.000000,false
A7,23,SC,"Urban area, secondary city",Poland,NU,Mobile TDD 3.5 GHz,221-52-151,true,25,0.000000,0.0,0.045819,0.000000,false
A7,23,SC,"Urban area, secondary city",Poland,NU,Mobile SDL 700 MHz,0-68-27,true,25,0.000000,0.0,0.045819,0.000000,false
A7,23,SC,"Urban area, secondary city",Poland,NU,Mobile DL 700 MHz,0-109-44,true,25,0.000000,0.0,0.045819,0.000000,false
A7,23,SC,"Urban area, secondary city",Poland,NU,Mobile DL 800 MHz,35-139-69,true,25,0.045819,1.0,0.045819,0.000000,true
A7,23,SC,"Urban area, secondary city",Poland,NU,Mobile DL 900 MHz,65-174-118,true,25,0.183276,4.0,0.045819,0.000000,true
A7,23,SC,"Urban area, secondary city",Poland,NU,Mobile DL 1.4 GHz,102-194-164,true,25,0.000000,0.0,0.045819,0.000000,false
A7,23,SC,"Urban area, secondary city",Poland,NU,Mobile DL 1.8 GHz,153-216-201,true,25,0.320733,7.0,0.045819,0.000000,true
A7,23,SC,"Urban area, secondary city",Poland,NU,Mobile DL 2.1 GHz,204-236-230,true,25,0.366552,8.0,0.045819,0.000000,true
A7,23,SC,"Urban area, secondary city",Poland,NU,Mobile DL 2.6 GHz,229-245-249,true,25,0.183276,4.0,0.045819,0.000000,true
A7,23,SC,"Urban area, secondary city",Spain,NU,Broadcast,189-189-189,true,20,0.045819,1.0,0.045819,0.000000,true
A7,23,SC,"Urban area, secondary city",Spain,NU,DECT,254-196-79,true,20,0.000000,0.0,0.045819,0.000000,false
A7,23,SC,"Urban area, secondary city",Spain,NU,WiFi 5 GHz,158-154-200,true,20,0.045819,1.0,0.045819,0.000000,true
A7,23,SC,"Urban area, secondary city",Spain,NU,ISM/WiFi 2.4 GHz,117-107-177,true,20,0.000000,0.0,0.045819,0.000000,false
A7,23,SC,"Urban area, secondary city",Spain,NU,Mobile UL 700 MHz,8-48-107,true,20,0.000000,0.0,0.045819,0.000000,false
A7,23,SC,"Urban area, secondary city",Spain,NU,Mobile UL 800 MHz,8-81-156,true,20,0.000000,0.0,0.045819,0.000000,false
A7,23,SC,"Urban area, secondary city",Spain,NU,Mobile UL 900 MHz,33-113-181,true,20,0.045819,1.0,0.045819,0.000000,true
A7,23,SC,"Urban area, secondary city",Spain,NU,Mobile UL 1.8 GHz,66-146-198,true,20,0.045819,1.0,0.045819,0.000000,true
A7,23,SC,"Urban area, secondary city",Spain,NU,Mobile UL 2.1 GHz,107-174-214,true,20,0.000000,0.0,0.045819,0.000000,false
A7,23,SC,"Urban area, secondary city",Spain,NU,Mobile UL 2.6 GHz,158-202-225,true,20,0.000000,0.0,0.045819,0.000000,false
A7,23,SC,"Urban area, secondary city",Spain,NU,Mobile TDD 2.6 GHz,247-104-161,true,20,0.000000,0.0,0.045819,0.000000,false
A7,23,SC,"Urban area, secondary city",Spain,NU,Mobile TDD 3.5 GHz,221-52-151,true,20,0.000000,0.0,0.045819,0.000000,false
A7,23,SC,"Urban area, secondary city",Spain,NU,Mobile SDL 700 MHz,0-68-27,true,20,0.000000,0.0,0.045819,0.000000,false
A7,23,SC,"Urban area, secondary city",Spain,NU,Mobile DL 700 MHz,0-109-44,true,20,0.045819,1.0,0.045819,0.000000,true
A7,23,SC,"Urban area, secondary city",Spain,NU,Mobile DL 800 MHz,35-139-69,true,20,0.091638,2.0,0.045819,0.000000,true
A7,23,SC,"Urban area, secondary city",Spain,NU,Mobile DL 900 MHz,65-174-118,true,20,0.091638,2.0,0.045819,0.000000,true
A7,23,SC,"Urban area, secondary city",Spain,NU,Mobile DL 1.4 GHz,102-194-164,true,20,0.000000,0.0,0.045819,0.000000,false
A7,23,SC,"Urban area, secondary city",Spain,NU,Mobile DL 1.8 GHz,153-216-201,true,20,0.091638,2.0,0.045819,0.000000,true
A7,23,SC,"Urban area, secondary city",Spain,NU,Mobile DL 2.1 GHz,204-236-230,true,20,0.045819,1.0,0.045819,0.000000,true
A7,23,SC,"Urban area, secondary city",Spain,NU,Mobile DL 2.6 GHz,229-245-249,true,20,0.000000,0.0,0.045819,0.000000,false
A7,23,SC,"Urban area, secondary city",Switzerland,NU,Broadcast,189-189-189,true,47,0.000000,0.0,0.045819,0.000000,false
A7,23,SC,"Urban area, secondary city",Switzerland,NU,DECT,254-196-79,true,47,0.000000,0.0,0.045819,0.000000,false
A7,23,SC,"Urban area, secondary city",Switzerland,NU,WiFi 5 GHz,158-154-200,true,47,0.045819,1.0,0.045819,0.000000,true
A7,23,SC,"Urban area, secondary city",Switzerland,NU,ISM/WiFi 2.4 GHz,117-107-177,true,47,0.091638,2.0,0.045819,0.000000,true
A7,23,SC,"Urban area, secondary city",Switzerland,NU,Mobile UL 700 MHz,8-48-107,true,47,0.000000,0.0,0.045819,0.000000,false
A7,23,SC,"Urban area, secondary city",Switzerland,NU,Mobile UL 800 MHz,8-81-156,true,47,0.000000,0.0,0.045819,0.000000,false
A7,23,SC,"Urban area, secondary city",Switzerland,NU,Mobile UL 900 MHz,33-113-181,true,47,0.000000,0.0,0.045819,0.000000,false
A7,23,SC,"Urban area, secondary city",Switzerland,NU,Mobile UL 1.8 GHz,66-146-198,true,47,0.045819,1.0,0.045819,0.000000,true
A7,23,SC,"Urban area, secondary city",Switzerland,NU,Mobile UL 2.1 GHz,107-174-214,true,47,0.000000,0.0,0.045819,0.000000,false
A7,23,SC,"Urban area, secondary city",Switzerland,NU,Mobile UL 2.6 GHz,158-202-225,true,47,0.000000,0.0,0.045819,0.000000,false
A7,23,SC,"Urban area, secondary city",Switzerland,NU,Mobile TDD 2.6 GHz,247-104-161,true,47,0.000000,0.0,0.045819,0.000000,false
A7,23,SC,"Urban area, secondary city",Switzerland,NU,Mobile TDD 3.5 GHz,221-52-151,true,47,0.000000,0.0,0.045819,0.000000,false
A7,23,SC,"Urban area, secondary city",Switzerland,NU,Mobile SDL 700 MHz,0-68-27,true,47,0.000000,0.0,0.045819,0.000000,false
A7,23,SC,"Urban area, secondary city",Switzerland,NU,Mobile DL 700 MHz,0-109-44,true,47,0.000000,0.0,0.045819,0.000000,false
A7,23,SC,"Urban area, secondary city",Switzerland,NU,Mobile DL 800 MHz,35-139-69,true,47,0.000000,0.0,0.045819,0.000000,false
A7,23,SC,"Urban area, secondary city",Switzerland,NU,Mobile DL 900 MHz,65-174-118,true,47,0.045819,1.0,0.045819,0.000000,true
A7,23,SC,"Urban area, secondary city",Switzerland,NU,Mobile DL 1.4 GHz,102-194-164,true,47,0.045819,1.0,0.045819,0.000000,true
A7,23,SC,"Urban area, secondary city",Switzerland,NU,Mobile DL 1.8 GHz,153-216-201,true,47,0.000000,0.0,0.045819,0.000000,false
A7,23,SC,"Urban area, secondary city",Switzerland,NU,Mobile DL 2.1 GHz,204-236-230,true,47,0.091638,2.0,0.045819,0.000000,true
A7,23,SC,"Urban area, secondary city",Switzerland,NU,Mobile DL 2.6 GHz,229-245-249,true,47,0.000000,0.0,0.045819,0.000000,false
A7,23,SC,"Urban area, secondary city",UK,NU,Broadcast,189-189-189,true,43,0.000000,0.0,0.045819,0.000000,false
A7,23,SC,"Urban area, secondary city",UK,NU,DECT,254-196-79,true,43,0.000000,0.0,0.045819,0.000000,false
A7,23,SC,"Urban area, secondary city",UK,NU,WiFi 5 GHz,158-154-200,true,43,0.045819,1.0,0.045819,0.000000,true
A7,23,SC,"Urban area, secondary city",UK,NU,ISM/WiFi 2.4 GHz,117-107-177,true,43,0.045819,1.0,0.045819,0.000000,true
A7,23,SC,"Urban area, secondary city",UK,NU,Mobile UL 700 MHz,8-48-107,true,43,0.000000,0.0,0.045819,0.000000,false
A7,23,SC,"Urban area, secondary city",UK,NU,Mobile UL 800 MHz,8-81-156,true,43,0.000000,0.0,0.045819,0.000000,false
A7,23,SC,"Urban area, secondary city",UK,NU,Mobile UL 900 MHz,33-113-181,true,43,0.000000,0.0,0.045819,0.000000,false
A7,23,SC,"Urban area, secondary city",UK,NU,Mobile UL 1.8 GHz,66-146-198,true,43,0.000000,0.0,0.045819,0.000000,false
A7,23,SC,"Urban area, secondary city",UK,NU,Mobile UL 2.1 GHz,107-174-214,true,43,0.000000,0.0,0.045819,0.000000,false
A7,23,SC,"Urban area, secondary city",UK,NU,Mobile UL 2.6 GHz,158-202-225,true,43,0.000000,0.0,0.045819,0.000000,false
A7,23,SC,"Urban area, secondary city",UK,NU,Mobile TDD 2.6 GHz,247-104-161,true,43,0.000000,0.0,0.045819,0.000000,false
A7,23,SC,"Urban area, secondary city",UK,NU,Mobile TDD 3.5 GHz,221-52-151,true,43,0.183276,4.0,0.045819,0.000000,true
A7,23,SC,"Urban area, secondary city",UK,NU,Mobile SDL 700 MHz,0-68-27,true,43,0.000000,0.0,0.045819,0.000000,false
A7,23,SC,"Urban area, secondary city",UK,NU,Mobile DL 700 MHz,0-109-44,true,43,0.000000,0.0,0.045819,0.000000,false
A7,23,SC,"Urban area, secondary city",UK,NU,Mobile DL 800 MHz,35-139-69,true,43,0.137457,3.0,0.045819,0.000000,true
A7,23,SC,"Urban area, secondary city",UK,NU,Mobile DL 900 MHz,65-174-118,true,43,0.137457,3.0,0.045819,0.000000,true
A7,23,SC,"Urban area, secondary city",UK,NU,Mobile DL 1.4 GHz,102-194-164,true,43,0.000000,0.0,0.045819,0.000000,false
A7,23,SC,"Urban area, secondary city",UK,NU,Mobile DL 1.8 GHz,153-216-201,true,43,0.229095,5.0,0.045819,0.000000,true
A7,23,SC,"Urban area, secondary city",UK,NU,Mobile DL 2.1 GHz,204-236-230,true,43,0.183276,4.0,0.045819,0.000000,true
A7,23,SC,"Urban area, secondary city",UK,NU,Mobile DL 2.6 GHz,229-245-249,true,43,0.137457,3.0,0.045819,0.000000,true
A7,23,SC,"Urban area, secondary city",Austria,DL,Broadcast,189-189-189,false,0,,,0.045819,,false
A7,23,SC,"Urban area, secondary city",Austria,DL,DECT,254-196-79,false,0,,,0.045819,,false
A7,23,SC,"Urban area, secondary city",Austria,DL,WiFi 5 GHz,158-154-200,false,0,,,0.045819,,false
A7,23,SC,"Urban area, secondary city",Austria,DL,ISM/WiFi 2.4 GHz,117-107-177,false,0,,,0.045819,,false
A7,23,SC,"Urban area, secondary city",Austria,DL,Mobile UL 700 MHz,8-48-107,false,0,,,0.045819,,false
A7,23,SC,"Urban area, secondary city",Austria,DL,Mobile UL 800 MHz,8-81-156,false,0,,,0.045819,,false
A7,23,SC,"Urban area, secondary city",Austria,DL,Mobile UL 900 MHz,33-113-181,false,0,,,0.045819,,false
A7,23,SC,"Urban area, secondary city",Austria,DL,Mobile UL 1.8 GHz,66-146-198,false,0,,,0.045819,,false
A7,23,SC,"Urban area, secondary city",Austria,DL,Mobile UL 2.1 GHz,107-174-214,false,0,,,0.045819,,false
A7,23,SC,"Urban area, secondary city",Austria,DL,Mobile UL 2.6 GHz,158-202-225,false,0,,,0.045819,,false
A7,23,SC,"Urban area, secondary city",Austria,DL,Mobile TDD 2.6 GHz,247-104-161,false,0,,,0.045819,,false
A7,23,SC,"Urban area, secondary city",Austria,DL,Mobile TDD 3.5 GHz,221-52-151,false,0,,,0.045819,,false
A7,23,SC,"Urban area, secondary city",Austria,DL,Mobile SDL 700 MHz,0-68-27,false,0,,,0.045819,,false
A7,23,SC,"Urban area, secondary city",Austria,DL,Mobile DL 700 MHz,0-109-44,false,0,,,0.045819,,false
A7,23,SC,"Urban area, secondary city",Austria,DL,Mobile DL 800 MHz,35-139-69,false,0,,,0.045819,,false
A7,23,SC,"Urban area, secondary city",Austria,DL,Mobile DL 900 MHz,65-174-118,false,0,,,0.045819,,false
A7,23,SC,"Urban area, secondary city",Austria,DL,Mobile DL 1.4 GHz,102-194-164,false,0,,,0.045819,,false
A7,23,SC,"Urban area, secondary city",Austria,DL,Mobile DL 1.8 GHz,153-216-201,false,0,,,0.045819,,false
A7,23,SC,"Urban area, secondary city",Austria,DL,Mobile DL 2.1 GHz,204-236-230,false,0,,,0.045819,,false
A7,23,SC,"Urban area, secondary city",Austria,DL,Mobile DL 2.6 GHz,229-245-249,false,0,,,0.045819,,false
A7,23,SC,"Urban area, secondary city",Belgium,DL,Broadcast,189-189-189,true,17,0.137457,3.0,0.045819,0.000000,true
A7,23,SC,"Urban area, secondary city",Belgium,DL,DECT,254-196-79,true,17,0.000000,0.0,0.045819,0.000000,false
A7,23,SC,"Urban area, secondary city",Belgium,DL,WiFi 5 GHz,158-154-200,true,17,0.000000,0.0,0.045819,0.000000,false
A7,23,SC,"Urban area, secondary city",Belgium,DL,ISM/WiFi 2.4 GHz,117-107-177,true,17,0.000000,0.0,0.045819,0.000000,false
A7,23,SC,"Urban area, secondary city",Belgium,DL,Mobile UL 700 MHz,8-48-107,true,17,0.000000,0.0,0.045819,0.000000,false
A7,23,SC,"Urban area, secondary city",Belgium,DL,Mobile UL 800 MHz,8-81-156,true,17,0.137457,3.0,0.045819,0.000000,true
A7,23,SC,"Urban area, secondary city",Belgium,DL,Mobile UL 900 MHz,33-113-181,true,17,0.045819,1.0,0.045819,0.000000,true
A7,23,SC,"Urban area, secondary city",Belgium,DL,Mobile UL 1.8 GHz,66-146-198,true,17,0.137457,3.0,0.045819,0.000000,true
A7,23,SC,"Urban area, secondary city",Belgium,DL,Mobile UL 2.1 GHz,107-174-214,true,17,0.549828,12.0,0.045819,0.000000,true
A7,23,SC,"Urban area, secondary city",Belgium,DL,Mobile UL 2.6 GHz,158-202-225,true,17,0.045819,1.0,0.045819,0.000000,true
A7,23,SC,"Urban area, secondary city",Belgium,DL,Mobile TDD 2.6 GHz,247-104-161,true,17,0.000000,0.0,0.045819,0.000000,false
A7,23,SC,"Urban area, secondary city",Belgium,DL,Mobile TDD 3.5 GHz,221-52-151,true,17,1.237113,27.0,0.045819,0.000000,true
A7,23,SC,"Urban area, secondary city",Belgium,DL,Mobile SDL 700 MHz,0-68-27,true,17,0.000000,0.0,0.045819,0.000000,false
A7,23,SC,"Urban area, secondary city",Belgium,DL,Mobile DL 700 MHz,0-109-44,true,17,0.000000,0.0,0.045819,0.000000,false
A7,23,SC,"Urban area, secondary city",Belgium,DL,Mobile DL 800 MHz,35-139-69,true,17,0.137457,3.0,0.045819,0.000000,true
A7,23,SC,"Urban area, secondary city",Belgium,DL,Mobile DL 900 MHz,65-174-118,true,17,0.091638,2.0,0.045819,0.000000,true
A7,23,SC,"Urban area, secondary city",Belgium,DL,Mobile DL 1.4 GHz,102-194-164,true,17,0.045819,1.0,0.045819,0.000000,true
A7,23,SC,"Urban area, secondary city",Belgium,DL,Mobile DL 1.8 GHz,153-216-201,true,17,0.045819,1.0,0.045819,0.000000,true
A7,23,SC,"Urban area, secondary city",Belgium,DL,Mobile DL 2.1 GHz,204-236-230,true,17,0.045819,1.0,0.045819,0.000000,true
A7,23,SC,"Urban area, secondary city",Belgium,DL,Mobile DL 2.6 GHz,229-245-249,true,17,0.000000,0.0,0.045819,0.000000,false
A7,23,SC,"Urban area, secondary city",France,DL,Broadcast,189-189-189,true,21,0.045819,1.0,0.045819,0.000000,true
A7,23,SC,"Urban area, secondary city",France,DL,DECT,254-196-79,true,21,0.000000,0.0,0.045819,0.000000,false
A7,23,SC,"Urban area, secondary city",France,DL,WiFi 5 GHz,158-154-200,true,21,0.000000,0.0,0.045819,0.000000,false
A7,23,SC,"Urban area, secondary city",France,DL,ISM/WiFi 2.4 GHz,117-107-177,true,21,0.045819,1.0,0.045819,0.000000,true
A7,23,SC,"Urban area, secondary city",France,DL,Mobile UL 700 MHz,8-48-107,true,21,0.000000,0.0,0.045819,0.000000,false
A7,23,SC,"Urban area, secondary city",France,DL,Mobile UL 800 MHz,8-81-156,true,21,0.000000,0.0,0.045819,0.000000,false
A7,23,SC,"Urban area, secondary city",France,DL,Mobile UL 900 MHz,33-113-181,true,21,0.045819,1.0,0.045819,0.000000,true
A7,23,SC,"Urban area, secondary city",France,DL,Mobile UL 1.8 GHz,66-146-198,true,21,0.274914,6.0,0.045819,0.000000,true
A7,23,SC,"Urban area, secondary city",France,DL,Mobile UL 2.1 GHz,107-174-214,true,21,0.733104,16.0,0.045819,0.000000,true
A7,23,SC,"Urban area, secondary city",France,DL,Mobile UL 2.6 GHz,158-202-225,true,21,0.091638,2.0,0.045819,0.000000,true
A7,23,SC,"Urban area, secondary city",France,DL,Mobile TDD 2.6 GHz,247-104-161,true,21,0.000000,0.0,0.045819,0.000000,false
A7,23,SC,"Urban area, secondary city",France,DL,Mobile TDD 3.5 GHz,221-52-151,true,21,4.673540,102.0,0.045819,0.000000,true
A7,23,SC,"Urban area, secondary city",France,DL,Mobile SDL 700 MHz,0-68-27,true,21,0.000000,0.0,0.045819,0.000000,false
A7,23,SC,"Urban area, secondary city",France,DL,Mobile DL 700 MHz,0-109-44,true,21,0.045819,1.0,0.045819,0.000000,true
A7,23,SC,"Urban area, secondary city",France,DL,Mobile DL 800 MHz,35-139-69,true,21,0.137457,3.0,0.045819,0.000000,true
A7,23,SC,"Urban area, secondary city",France,DL,Mobile DL 900 MHz,65-174-118,true,21,0.091638,2.0,0.045819,0.000000,true
A7,23,SC,"Urban area, secondary city",France,DL,Mobile DL 1.4 GHz,102-194-164,true,21,0.000000,0.0,0.045819,0.000000,false
A7,23,SC,"Urban area, secondary city",France,DL,Mobile DL 1.8 GHz,153-216-201,true,21,0.091638,2.0,0.045819,0.000000,true
A7,23,SC,"Urban area, secondary city",France,DL,Mobile DL 2.1 GHz,204-236-230,true,21,0.091638,2.0,0.045819,0.000000,true
A7,23,SC,"Urban area, secondary city",France,DL,Mobile DL 2.6 GHz,229-245-249,true,21,0.045819,1.0,0.045819,0.000000,true
A7,23,SC,"Urban area, secondary city",Hungary,DL,Broadcast,189-189-189,true,16,0.045819,1.0,0.045819,0.000000,true
A7,23,SC,"Urban area, secondary city",Hungary,DL,DECT,254-196-79,true,16,0.000000,0.0,0.045819,0.000000,false
A7,23,SC,"Urban area, secondary city",Hungary,DL,WiFi 5 GHz,158-154-200,true,16,0.000000,0.0,0.045819,0.000000,false
A7,23,SC,"Urban area, secondary city",Hungary,DL,ISM/WiFi 2.4 GHz,117-107-177,true,16,0.045819,1.0,0.045819,0.000000,true
A7,23,SC,"Urban area, secondary city",Hungary,DL,Mobile UL 700 MHz,8-48-107,true,16,0.137457,3.0,0.045819,0.000000,true
A7,23,SC,"Urban area, secondary city",Hungary,DL,Mobile UL 800 MHz,8-81-156,true,16,0.549828,12.0,0.045819,0.000000,true
A7,23,SC,"Urban area, secondary city",Hungary,DL,Mobile UL 900 MHz,33-113-181,true,16,0.000000,0.0,0.045819,0.000000,false
A7,23,SC,"Urban area, secondary city",Hungary,DL,Mobile UL 1.8 GHz,66-146-198,true,16,0.641466,14.0,0.045819,0.000000,true
A7,23,SC,"Urban area, secondary city",Hungary,DL,Mobile UL 2.1 GHz,107-174-214,true,16,0.045819,1.0,0.045819,0.000000,true
A7,23,SC,"Urban area, secondary city",Hungary,DL,Mobile UL 2.6 GHz,158-202-225,true,16,0.000000,0.0,0.045819,0.000000,false
A7,23,SC,"Urban area, secondary city",Hungary,DL,Mobile TDD 2.6 GHz,247-104-161,true,16,0.000000,0.0,0.045819,0.000000,false
A7,23,SC,"Urban area, secondary city",Hungary,DL,Mobile TDD 3.5 GHz,221-52-151,true,16,0.183276,4.0,0.045819,0.000000,true
A7,23,SC,"Urban area, secondary city",Hungary,DL,Mobile SDL 700 MHz,0-68-27,true,16,0.000000,0.0,0.045819,0.000000,false
A7,23,SC,"Urban area, secondary city",Hungary,DL,Mobile DL 700 MHz,0-109-44,true,16,0.045819,1.0,0.045819,0.000000,true
A7,23,SC,"Urban area, secondary city",Hungary,DL,Mobile DL 800 MHz,35-139-69,true,16,0.045819,1.0,0.045819,0.000000,true
A7,23,SC,"Urban area, secondary city",Hungary,DL,Mobile DL 900 MHz,65-174-118,true,16,0.137457,3.0,0.045819,0.000000,true
A7,23,SC,"Urban area, secondary city",Hungary,DL,Mobile DL 1.4 GHz,102-194-164,true,16,0.000000,0.0,0.045819,0.000000,false
A7,23,SC,"Urban area, secondary city",Hungary,DL,Mobile DL 1.8 GHz,153-216-201,true,16,0.229095,5.0,0.045819,0.000000,true
A7,23,SC,"Urban area, secondary city",Hungary,DL,Mobile DL 2.1 GHz,204-236-230,true,16,0.045819,1.0,0.045819,0.000000,true
A7,23,SC,"Urban area, secondary city",Hungary,DL,Mobile DL 2.6 GHz,229-245-249,true,16,0.000000,0.0,0.045819,0.000000,false
A7,23,SC,"Urban area, secondary city",Italy,DL,Broadcast,189-189-189,true,12,0.229095,5.0,0.045819,0.000000,true
A7,23,SC,"Urban area, secondary city",Italy,DL,DECT,254-196-79,true,12,0.000000,0.0,0.045819,0.000000,false
A7,23,SC,"Urban area, secondary city",Italy,DL,WiFi 5 GHz,158-154-200,true,12,0.000000,0.0,0.045819,0.000000,false
A7,23,SC,"Urban area, secondary city",Italy,DL,ISM/WiFi 2.4 GHz,117-107-177,true,12,0.000000,0.0,0.045819,0.000000,false
A7,23,SC,"Urban area, secondary city",Italy,DL,Mobile UL 700 MHz,8-48-107,true,12,0.000000,0.0,0.045819,0.000000,false
A7,23,SC,"Urban area, secondary city",Italy,DL,Mobile UL 800 MHz,8-81-156,true,12,0.000000,0.0,0.045819,0.000000,false
A7,23,SC,"Urban area, secondary city",Italy,DL,Mobile UL 900 MHz,33-113-181,true,12,0.000000,0.0,0.045819,0.000000,false
A7,23,SC,"Urban area, secondary city",Italy,DL,Mobile UL 1.8 GHz,66-146-198,true,12,2.290951,50.0,0.045819,0.000000,true
A7,23,SC,"Urban area, secondary city",Italy,DL,Mobile UL 2.1 GHz,107-174-214,true,12,0.000000,0.0,0.045819,0.000000,false
A7,23,SC,"Urban area, secondary city",Italy,DL,Mobile UL 2.6 GHz,158-202-225,true,12,0.000000,0.0,0.045819,0.000000,false
A7,23,SC,"Urban area, secondary city",Italy,DL,Mobile TDD 2.6 GHz,247-104-161,true,12,0.000000,0.0,0.045819,0.000000,false
A7,23,SC,"Urban area, secondary city",Italy,DL,Mobile TDD 3.5 GHz,221-52-151,true,12,0.045819,1.0,0.045819,0.000000,true
A7,23,SC,"Urban area, secondary city",Italy,DL,Mobile SDL 700 MHz,0-68-27,true,12,0.000000,0.0,0.045819,0.000000,false
A7,23,SC,"Urban area, secondary city",Italy,DL,Mobile DL 700 MHz,0-109-44,true,12,0.000000,0.0,0.045819,0.000000,false
A7,23,SC,"Urban area, secondary city",Italy,DL,Mobile DL 800 MHz,35-139-69,true,12,0.137457,3.0,0.045819,0.000000,true
A7,23,SC,"Urban area, secondary city",Italy,DL,Mobile DL 900 MHz,65-174-118,true,12,0.045819,1.0,0.045819,0.000000,true
A7,23,SC,"Urban area, secondary city",Italy,DL,Mobile DL 1.4 GHz,102-194-164,true,12,0.000000,0.0,0.045819,0.000000,false
A7,23,SC,"Urban area, secondary city",Italy,DL,Mobile DL 1.8 GHz,153-216-201,true,12,0.045819,1.0,0.045819,0.000000,true
A7,23,SC,"Urban area, secondary city",Italy,DL,Mobile DL 2.1 GHz,204-236-230,true,12,0.091638,2.0,0.045819,0.000000,true
A7,23,SC,"Urban area, secondary city",Italy,DL,Mobile DL 2.6 GHz,229-245-249,true,12,0.045819,1.0,0.045819,0.000000,true
A7,23,SC,"Urban area, secondary city",Netherlands,DL,Broadcast,189-189-189,true,9,0.000000,0.0,0.045819,0.000000,false
A7,23,SC,"Urban area, secondary city",Netherlands,DL,DECT,254-196-79,true,9,0.000000,0.0,0.045819,0.000000,false
A7,23,SC,"Urban area, secondary city",Netherlands,DL,WiFi 5 GHz,158-154-200,true,9,0.000000,0.0,0.045819,0.000000,false
A7,23,SC,"Urban area, secondary city",Netherlands,DL,ISM/WiFi 2.4 GHz,117-107-177,true,9,0.045819,1.0,0.045819,0.000000,true
A7,23,SC,"Urban area, secondary city",Netherlands,DL,Mobile UL 700 MHz,8-48-107,true,9,0.045819,1.0,0.045819,0.000000,true
A7,23,SC,"Urban area, secondary city",Netherlands,DL,Mobile UL 800 MHz,8-81-156,true,9,0.091638,2.0,0.045819,0.000000,true
A7,23,SC,"Urban area, secondary city",Netherlands,DL,Mobile UL 900 MHz,33-113-181,true,9,0.000000,0.0,0.045819,0.000000,false
A7,23,SC,"Urban area, secondary city",Netherlands,DL,Mobile UL 1.8 GHz,66-146-198,true,9,2.153494,47.0,0.045819,0.000000,true
A7,23,SC,"Urban area, secondary city",Netherlands,DL,Mobile UL 2.1 GHz,107-174-214,true,9,0.045819,1.0,0.045819,0.000000,true
A7,23,SC,"Urban area, secondary city",Netherlands,DL,Mobile UL 2.6 GHz,158-202-225,true,9,0.045819,1.0,0.045819,0.000000,true
A7,23,SC,"Urban area, secondary city",Netherlands,DL,Mobile TDD 2.6 GHz,247-104-161,true,9,0.000000,0.0,0.045819,0.000000,false
A7,23,SC,"Urban area, secondary city",Netherlands,DL,Mobile TDD 3.5 GHz,221-52-151,true,9,0.000000,0.0,0.045819,0.000000,false
A7,23,SC,"Urban area, secondary city",Netherlands,DL,Mobile SDL 700 MHz,0-68-27,true,9,0.000000,0.0,0.045819,0.000000,false
A7,23,SC,"Urban area, secondary city",Netherlands,DL,Mobile DL 700 MHz,0-109-44,true,9,0.183276,4.0,0.045819,0.000000,true
A7,23,SC,"Urban area, secondary city",Netherlands,DL,Mobile DL 800 MHz,35-139-69,true,9,0.320733,7.0,0.045819,0.000000,true
A7,23,SC,"Urban area, secondary city",Netherlands,DL,Mobile DL 900 MHz,65-174-118,true,9,0.274914,6.0,0.045819,0.000000,true
A7,23,SC,"Urban area, secondary city",Netherlands,DL,Mobile DL 1.4 GHz,102-194-164,true,9,0.091638,2.0,0.045819,0.000000,true
A7,23,SC,"Urban area, secondary city",Netherlands,DL,Mobile DL 1.8 GHz,153-216-201,true,9,0.412371,9.0,0.045819,0.000000,true
A7,23,SC,"Urban area, secondary city",Netherlands,DL,Mobile DL 2.1 GHz,204-236-230,true,9,0.412371,9.0,0.045819,0.000000,true
A7,23,SC,"Urban area, secondary city",Netherlands,DL,Mobile DL 2.6 GHz,229-245-249,true,9,0.091638,2.0,0.045819,0.000000,true
A7,23,SC,"Urban area, secondary city",Poland,DL,Broadcast,189-189-189,true,18,0.045819,1.0,0.045819,0.000000,true
A7,23,SC,"Urban area, secondary city",Poland,DL,DECT,254-196-79,true,18,0.000000,0.0,0.045819,0.000000,false
A7,23,SC,"Urban area, secondary city",Poland,DL,WiFi 5 GHz,158-154-200,true,18,0.045819,1.0,0.045819,0.000000,true
A7,23,SC,"Urban area, secondary city",Poland,DL,ISM/WiFi 2.4 GHz,117-107-177,true,18,0.000000,0.0,0.045819,0.000000,false
A7,23,SC,"Urban area, secondary city",Poland,DL,Mobile UL 700 MHz,8-48-107,true,18,0.000000,0.0,0.045819,0.000000,false
A7,23,SC,"Urban area, secondary city",Poland,DL,Mobile UL 800 MHz,8-81-156,true,18,0.320733,7.0,0.045819,0.000000,true
A7,23,SC,"Urban area, secondary city",Poland,DL,Mobile UL 900 MHz,33-113-181,true,18,0.091638,2.0,0.045819,0.000000,true
A7,23,SC,"Urban area, secondary city",Poland,DL,Mobile UL 1.8 GHz,66-146-198,true,18,0.549828,12.0,0.045819,0.000000,true
A7,23,SC,"Urban area, secondary city",Poland,DL,Mobile UL 2.1 GHz,107-174-214,true,18,0.504009,11.0,0.045819,0.000000,true
A7,23,SC,"Urban area, secondary city",Poland,DL,Mobile UL 2.6 GHz,158-202-225,true,18,0.366552,8.0,0.045819,0.000000,true
A7,23,SC,"Urban area, secondary city",Poland,DL,Mobile TDD 2.6 GHz,247-104-161,true,18,0.000000,0.0,0.045819,0.000000,false
A7,23,SC,"Urban area, secondary city",Poland,DL,Mobile TDD 3.5 GHz,221-52-151,true,18,0.000000,0.0,0.045819,0.000000,false
A7,23,SC,"Urban area, secondary city",Poland,DL,Mobile SDL 700 MHz,0-68-27,true,18,0.000000,0.0,0.045819,0.000000,false
A7,23,SC,"Urban area, secondary city",Poland,DL,Mobile DL 700 MHz,0-109-44,true,18,0.000000,0.0,0.045819,0.000000,false
A7,23,SC,"Urban area, secondary city",Poland,DL,Mobile DL 800 MHz,35-139-69,true,18,0.091638,2.0,0.045819,0.000000,true
A7,23,SC,"Urban area, secondary city",Poland,DL,Mobile DL 900 MHz,65-174-118,true,18,0.091638,2.0,0.045819,0.000000,true
A7,23,SC,"Urban area, secondary city",Poland,DL,Mobile DL 1.4 GHz,102-194-164,true,18,0.000000,0.0,0.045819,0.000000,false
A7,23,SC,"Urban area, secondary city",Poland,DL,Mobile DL 1.8 GHz,153-216-201,true,18,0.183276,4.0,0.045819,0.000000,true
A7,23,SC,"Urban area, secondary city",Poland,DL,Mobile DL 2.1 GHz,204-236-230,true,18,0.229095,5.0,0.045819,0.000000,true
A7,23,SC,"Urban area, secondary city",Poland,DL,Mobile DL 2.6 GHz,229-245-249,true,18,0.091638,2.0,0.045819,0.000000,true
A7,23,SC,"Urban area, secondary city",Spain,DL,Broadcast,189-189-189,true,11,0.000000,0.0,0.045819,0.000000,false
A7,23,SC,"Urban area, secondary city",Spain,DL,DECT,254-196-79,true,11,0.000000,0.0,0.045819,0.000000,false
A7,23,SC,"Urban area, secondary city",Spain,DL,WiFi 5 GHz,158-154-200,true,11,0.045819,1.0,0.045819,0.000000,true
A7,23,SC,"Urban area, secondary city",Spain,DL,ISM/WiFi 2.4 GHz,117-107-177,true,11,0.000000,0.0,0.045819,0.000000,false
A7,23,SC,"Urban area, secondary city",Spain,DL,Mobile UL 700 MHz,8-48-107,true,11,0.000000,0.0,0.045819,0.000000,false
A7,23,SC,"Urban area, secondary city",Spain,DL,Mobile UL 800 MHz,8-81-156,true,11,0.045819,1.0,0.045819,0.000000,true
A7,23,SC,"Urban area, secondary city",Spain,DL,Mobile UL 900 MHz,33-113-181,true,11,0.045819,1.0,0.045819,0.000000,true
A7,23,SC,"Urban area, secondary city",Spain,DL,Mobile UL 1.8 GHz,66-146-198,true,11,0.274914,6.0,0.045819,0.000000,true
A7,23,SC,"Urban area, secondary city",Spain,DL,Mobile UL 2.1 GHz,107-174-214,true,11,0.137457,3.0,0.045819,0.000000,true
A7,23,SC,"Urban area, secondary city",Spain,DL,Mobile UL 2.6 GHz,158-202-225,true,11,0.366552,8.0,0.045819,0.000000,true
A7,23,SC,"Urban area, secondary city",Spain,DL,Mobile TDD 2.6 GHz,247-104-161,true,11,0.000000,0.0,0.045819,0.000000,false
A7,23,SC,"Urban area, secondary city",Spain,DL,Mobile TDD 3.5 GHz,221-52-151,true,11,1.878580,41.0,0.045819,0.000000,true
A7,23,SC,"Urban area, secondary city",Spain,DL,Mobile SDL 700 MHz,0-68-27,true,11,0.000000,0.0,0.045819,0.000000,false
A7,23,SC,"Urban area, secondary city",Spain,DL,Mobile DL 700 MHz,0-109-44,true,11,0.000000,0.0,0.045819,0.000000,false
A7,23,SC,"Urban area, secondary city",Spain,DL,Mobile DL 800 MHz,35-139-69,true,11,0.137457,3.0,0.045819,0.000000,true
A7,23,SC,"Urban area, secondary city",Spain,DL,Mobile DL 900 MHz,65-174-118,true,11,0.000000,0.0,0.045819,0.000000,false
A7,23,SC,"Urban area, secondary city",Spain,DL,Mobile DL 1.4 GHz,102-194-164,true,11,0.045819,1.0,0.045819,0.000000,true
A7,23,SC,"Urban area, secondary city",Spain,DL,Mobile DL 1.8 GHz,153-216-201,true,11,0.045819,1.0,0.045819,0.000000,true
A7,23,SC,"Urban area, secondary city",Spain,DL,Mobile DL 2.1 GHz,204-236-230,true,11,0.045819,1.0,0.045819,0.000000,true
A7,23,SC,"Urban area, secondary city",Spain,DL,Mobile DL 2.6 GHz,229-245-249,true,11,0.000000,0.0,0.045819,0.000000,false
A7,23,SC,"Urban area, secondary city",Switzerland,DL,Broadcast,189-189-189,true,23,0.000000,0.0,0.045819,0.000000,false
A7,23,SC,"Urban area, secondary city",Switzerland,DL,DECT,254-196-79,true,23,0.000000,0.0,0.045819,0.000000,false
A7,23,SC,"Urban area, secondary city",Switzerland,DL,WiFi 5 GHz,158-154-200,true,23,0.091638,2.0,0.045819,0.000000,true
A7,23,SC,"Urban area, secondary city",Switzerland,DL,ISM/WiFi 2.4 GHz,117-107-177,true,23,0.045819,1.0,0.045819,0.000000,true
A7,23,SC,"Urban area, secondary city",Switzerland,DL,Mobile UL 700 MHz,8-48-107,true,23,0.045819,1.0,0.045819,0.000000,true
A7,23,SC,"Urban area, secondary city",Switzerland,DL,Mobile UL 800 MHz,8-81-156,true,23,0.045819,1.0,0.045819,0.000000,true
A7,23,SC,"Urban area, secondary city",Switzerland,DL,Mobile UL 900 MHz,33-113-181,true,23,0.045819,1.0,0.045819,0.000000,true
A7,23,SC,"Urban area, secondary city",Switzerland,DL,Mobile UL 1.8 GHz,66-146-198,true,23,0.320733,7.0,0.045819,0.000000,true
A7,23,SC,"Urban area, secondary city",Switzerland,DL,Mobile UL 2.1 GHz,107-174-214,true,23,0.229095,5.0,0.045819,0.000000,true
A7,23,SC,"Urban area, secondary city",Switzerland,DL,Mobile UL 2.6 GHz,158-202-225,true,23,0.000000,0.0,0.045819,0.000000,false
A7,23,SC,"Urban area, secondary city",Switzerland,DL,Mobile TDD 2.6 GHz,247-104-161,true,23,0.000000,0.0,0.045819,0.000000,false
A7,23,SC,"Urban area, secondary city",Switzerland,DL,Mobile TDD 3.5 GHz,221-52-151,true,23,5.727377,125.0,0.045819,0.000000,true
A7,23,SC,"Urban area, secondary city",Switzerland,DL,Mobile SDL 700 MHz,0-68-27,true,23,0.000000,0.0,0.045819,0.000000,false
A7,23,SC,"Urban area, secondary city",Switzerland,DL,Mobile DL 700 MHz,0-109-44,true,23,0.000000,0.0,0.045819,0.000000,false
A7,23,SC,"Urban area, secondary city",Switzerland,DL,Mobile DL 800 MHz,35-139-69,true,23,0.045819,1.0,0.045819,0.000000,true
A7,23,SC,"Urban area, secondary city",Switzerland,DL,Mobile DL 900 MHz,65-174-118,true,23,0.000000,0.0,0.045819,0.000000,false
A7,23,SC,"Urban area, secondary city",Switzerland,DL,Mobile DL 1.4 GHz,102-194-164,true,23,0.000000,0.0,0.045819,0.000000,false
A7,23,SC,"Urban area, secondary city",Switzerland,DL,Mobile DL 1.8 GHz,153-216-201,true,23,0.091638,2.0,0.045819,0.000000,true
A7,23,SC,"Urban area, secondary city",Switzerland,DL,Mobile DL 2.1 GHz,204-236-230,true,23,0.045819,1.0,0.045819,0.000000,true
A7,23,SC,"Urban area, secondary city",Switzerland,DL,Mobile DL 2.6 GHz,229-245-249,true,23,0.045819,1.0,0.045819,0.000000,true
A7,23,SC,"Urban area, secondary city",UK,DL,Broadcast,189-189-189,true,22,0.000000,0.0,0.045819,0.000000,false
A7,23,SC,"Urban area, secondary city",UK,DL,DECT,254-196-79,true,22,0.000000,0.0,0.045819,0.000000,false
A7,23,SC,"Urban area, secondary city",UK,DL,WiFi 5 GHz,158-154-200,true,22,0.091638,2.0,0.045819,0.000000,true
A7,23,SC,"Urban area, secondary city",UK,DL,ISM/WiFi 2.4 GHz,117-107-177,true,22,0.045819,1.0,0.045819,0.000000,true
A7,23,SC,"Urban area, secondary city",UK,DL,Mobile UL 700 MHz,8-48-107,true,22,0.000000,0.0,0.045819,0.000000,false
A7,23,SC,"Urban area, secondary city",UK,DL,Mobile UL 800 MHz,8-81-156,true,22,0.137457,3.0,0.045819,0.000000,true
A7,23,SC,"Urban area, secondary city",UK,DL,Mobile UL 900 MHz,33-113-181,true,22,1.145475,25.0,0.045819,0.000000,true
A7,23,SC,"Urban area, secondary city",UK,DL,Mobile UL 1.8 GHz,66-146-198,true,22,0.000000,0.0,0.045819,0.000000,false
A7,23,SC,"Urban area, secondary city",UK,DL,Mobile UL 2.1 GHz,107-174-214,true,22,1.741123,38.0,0.045819,0.000000,true
A7,23,SC,"Urban area, secondary city",UK,DL,Mobile UL 2.6 GHz,158-202-225,true,22,0.000000,0.0,0.045819,0.000000,false
A7,23,SC,"Urban area, secondary city",UK,DL,Mobile TDD 2.6 GHz,247-104-161,true,22,0.000000,0.0,0.045819,0.000000,false
A7,23,SC,"Urban area, secondary city",UK,DL,Mobile TDD 3.5 GHz,221-52-151,true,22,11.821306,258.0,0.045819,0.000000,true
A7,23,SC,"Urban area, secondary city",UK,DL,Mobile SDL 700 MHz,0-68-27,true,22,0.000000,0.0,0.045819,0.000000,false
A7,23,SC,"Urban area, secondary city",UK,DL,Mobile DL 700 MHz,0-109-44,true,22,0.000000,0.0,0.045819,0.000000,false
A7,23,SC,"Urban area, secondary city",UK,DL,Mobile DL 800 MHz,35-139-69,true,22,0.091638,2.0,0.045819,0.000000,true
A7,23,SC,"Urban area, secondary city",UK,DL,Mobile DL 900 MHz,65-174-118,true,22,0.091638,2.0,0.045819,0.000000,true
A7,23,SC,"Urban area, secondary city",UK,DL,Mobile DL 1.4 GHz,102-194-164,true,22,0.000000,0.0,0.045819,0.000000,false
A7,23,SC,"Urban area, secondary city",UK,DL,Mobile DL 1.8 GHz,153-216-201,true,22,0.183276,4.0,0.045819,0.000000,true
A7,23,SC,"Urban area, secondary city",UK,DL,Mobile DL 2.1 GHz,204-236-230,true,22,0.229095,5.0,0.045819,0.000000,true
A7,23,SC,"Urban area, secondary city",UK,DL,Mobile DL 2.6 GHz,229-245-249,true,22,0.045819,1.0,0.045819,0.000000,true
A7,23,SC,"Urban area, secondary city",Austria,UL,Broadcast,189-189-189,false,0,,,0.045819,,false
A7,23,SC,"Urban area, secondary city",Austria,UL,DECT,254-196-79,false,0,,,0.045819,,false
A7,23,SC,"Urban area, secondary city",Austria,UL,WiFi 5 GHz,158-154-200,false,0,,,0.045819,,false
A7,23,SC,"Urban area, secondary city",Austria,UL,ISM/WiFi 2.4 GHz,117-107-177,false,0,,,0.045819,,false
A7,23,SC,"Urban area, secondary city",Austria,UL,Mobile UL 700 MHz,8-48-107,false,0,,,0.045819,,false
A7,23,SC,"Urban area, secondary city",Austria,UL,Mobile UL 800 MHz,8-81-156,false,0,,,0.045819,,false
A7,23,SC,"Urban area, secondary city",Austria,UL,Mobile UL 900 MHz,33-113-181,false,0,,,0.045819,,false
A7,23,SC,"Urban area, secondary city",Austria,UL,Mobile UL 1.8 GHz,66-146-198,false,0,,,0.045819,,false
A7,23,SC,"Urban area, secondary city",Austria,UL,Mobile UL 2.1 GHz,107-174-214,false,0,,,0.045819,,false
A7,23,SC,"Urban area, secondary city",Austria,UL,Mobile UL 2.6 GHz,158-202-225,false,0,,,0.045819,,false
A7,23,SC,"Urban area, secondary city",Austria,UL,Mobile TDD 2.6 GHz,247-104-161,false,0,,,0.045819,,false
A7,23,SC,"Urban area, secondary city",Austria,UL,Mobile TDD 3.5 GHz,221-52-151,false,0,,,0.045819,,false
A7,23,SC,"Urban area, secondary city",Austria,UL,Mobile SDL 700 MHz,0-68-27,false,0,,,0.045819,,false
A7,23,SC,"Urban area, secondary city",Austria,UL,Mobile DL 700 MHz,0-109-44,false,0,,,0.045819,,false
A7,23,SC,"Urban area, secondary city",Austria,UL,Mobile DL 800 MHz,35-139-69,false,0,,,0.045819,,false
A7,23,SC,"Urban area, secondary city",Austria,UL,Mobile DL 900 MHz,65-174-118,false,0,,,0.045819,,false
A7,23,SC,"Urban area, secondary city",Austria,UL,Mobile DL 1.4 GHz,102-194-164,false,0,,,0.045819,,false
A7,23,SC,"Urban area, secondary city",Austria,UL,Mobile DL 1.8 GHz,153-216-201,false,0,,,0.045819,,false
A7,23,SC,"Urban area, secondary city",Austria,UL,Mobile DL 2.1 GHz,204-236-230,false,0,,,0.045819,,false
A7,23,SC,"Urban area, secondary city",Austria,UL,Mobile DL 2.6 GHz,229-245-249,false,0,,,0.045819,,false
A7,23,SC,"Urban area, secondary city",Belgium,UL,Broadcast,189-189-189,true,17,0.091638,2.0,0.045819,0.000000,true
A7,23,SC,"Urban area, secondary city",Belgium,UL,DECT,254-196-79,true,17,0.000000,0.0,0.045819,0.000000,false
A7,23,SC,"Urban area, secondary city",Belgium,UL,WiFi 5 GHz,158-154-200,true,17,0.000000,0.0,0.045819,0.000000,false
A7,23,SC,"Urban area, secondary city",Belgium,UL,ISM/WiFi 2.4 GHz,117-107-177,true,17,0.045819,1.0,0.045819,0.000000,true
A7,23,SC,"Urban area, secondary city",Belgium,UL,Mobile UL 700 MHz,8-48-107,true,17,0.000000,0.0,0.045819,0.000000,false
A7,23,SC,"Urban area, secondary city",Belgium,UL,Mobile UL 800 MHz,8-81-156,true,17,1.741123,38.0,0.045819,0.000000,true
A7,23,SC,"Urban area, secondary city",Belgium,UL,Mobile UL 900 MHz,33-113-181,true,17,0.045819,1.0,0.045819,0.000000,true
A7,23,SC,"Urban area, secondary city",Belgium,UL,Mobile UL 1.8 GHz,66-146-198,true,17,8.201604,179.0,0.045819,0.000000,true
A7,23,SC,"Urban area, secondary city",Belgium,UL,Mobile UL 2.1 GHz,107-174-214,true,17,0.870561,19.0,0.045819,0.000000,true
A7,23,SC,"Urban area, secondary city",Belgium,UL,Mobile UL 2.6 GHz,158-202-225,true,17,1.786942,39.0,0.045819,0.000000,true
A7,23,SC,"Urban area, secondary city",Belgium,UL,Mobile TDD 2.6 GHz,247-104-161,true,17,0.000000,0.0,0.045819,0.000000,false
A7,23,SC,"Urban area, secondary city",Belgium,UL,Mobile TDD 3.5 GHz,221-52-151,true,17,1.741123,38.0,0.045819,0.000000,true
A7,23,SC,"Urban area, secondary city",Belgium,UL,Mobile SDL 700 MHz,0-68-27,true,17,0.000000,0.0,0.045819,0.000000,false
A7,23,SC,"Urban area, secondary city",Belgium,UL,Mobile DL 700 MHz,0-109-44,true,17,0.000000,0.0,0.045819,0.000000,false
A7,23,SC,"Urban area, secondary city",Belgium,UL,Mobile DL 800 MHz,35-139-69,true,17,0.183276,4.0,0.045819,0.000000,true
A7,23,SC,"Urban area, secondary city",Belgium,UL,Mobile DL 900 MHz,65-174-118,true,17,0.045819,1.0,0.045819,0.000000,true
A7,23,SC,"Urban area, secondary city",Belgium,UL,Mobile DL 1.4 GHz,102-194-164,true,17,0.045819,1.0,0.045819,0.000000,true
A7,23,SC,"Urban area, secondary city",Belgium,UL,Mobile DL 1.8 GHz,153-216-201,true,17,0.045819,1.0,0.045819,0.000000,true
A7,23,SC,"Urban area, secondary city",Belgium,UL,Mobile DL 2.1 GHz,204-236-230,true,17,0.091638,2.0,0.045819,0.000000,true
A7,23,SC,"Urban area, secondary city",Belgium,UL,Mobile DL 2.6 GHz,229-245-249,true,17,0.000000,0.0,0.045819,0.000000,false
A7,23,SC,"Urban area, secondary city",France,UL,Broadcast,189-189-189,true,22,0.045819,1.0,0.045819,0.000000,true
A7,23,SC,"Urban area, secondary city",France,UL,DECT,254-196-79,true,22,0.091638,2.0,0.045819,0.000000,true
A7,23,SC,"Urban area, secondary city",France,UL,WiFi 5 GHz,158-154-200,true,22,0.000000,0.0,0.045819,0.000000,false
A7,23,SC,"Urban area, secondary city",France,UL,ISM/WiFi 2.4 GHz,117-107-177,true,22,0.045819,1.0,0.045819,0.000000,true
A7,23,SC,"Urban area, secondary city",France,UL,Mobile UL 700 MHz,8-48-107,true,22,0.000000,0.0,0.045819,0.000000,false
A7,23,SC,"Urban area, secondary city",France,UL,Mobile UL 800 MHz,8-81-156,true,22,0.045819,1.0,0.045819,0.000000,true
A7,23,SC,"Urban area, secondary city",France,UL,Mobile UL 900 MHz,33-113-181,true,22,0.000000,0.0,0.045819,0.000000,false
A7,23,SC,"Urban area, secondary city",France,UL,Mobile UL 1.8 GHz,66-146-198,true,22,3.986254,87.0,0.045819,0.000000,true
A7,23,SC,"Urban area, secondary city",France,UL,Mobile UL 2.1 GHz,107-174-214,true,22,5.864834,128.0,0.045819,0.000000,true
A7,23,SC,"Urban area, secondary city",France,UL,Mobile UL 2.6 GHz,158-202-225,true,22,0.320733,7.0,0.045819,0.000000,true
A7,23,SC,"Urban area, secondary city",France,UL,Mobile TDD 2.6 GHz,247-104-161,true,22,0.000000,0.0,0.045819,0.000000,false
A7,23,SC,"Urban area, secondary city",France,UL,Mobile TDD 3.5 GHz,221-52-151,true,22,2.199313,48.0,0.045819,0.000000,true
A7,23,SC,"Urban area, secondary city",France,UL,Mobile SDL 700 MHz,0-68-27,true,22,0.000000,0.0,0.045819,0.000000,false
A7,23,SC,"Urban area, secondary city",France,UL,Mobile DL 700 MHz,0-109-44,true,22,0.229095,5.0,0.045819,0.000000,true
A7,23,SC,"Urban area, secondary city",France,UL,Mobile DL 800 MHz,35-139-69,true,22,0.091638,2.0,0.045819,0.000000,true
A7,23,SC,"Urban area, secondary city",France,UL,Mobile DL 900 MHz,65-174-118,true,22,0.091638,2.0,0.045819,0.000000,true
A7,23,SC,"Urban area, secondary city",France,UL,Mobile DL 1.4 GHz,102-194-164,true,22,0.000000,0.0,0.045819,0.000000,false
A7,23,SC,"Urban area, secondary city",France,UL,Mobile DL 1.8 GHz,153-216-201,true,22,0.091638,2.0,0.045819,0.000000,true
A7,23,SC,"Urban area, secondary city",France,UL,Mobile DL 2.1 GHz,204-236-230,true,22,0.045819,1.0,0.045819,0.000000,true
A7,23,SC,"Urban area, secondary city",France,UL,Mobile DL 2.6 GHz,229-245-249,true,22,0.091638,2.0,0.045819,0.000000,true
A7,23,SC,"Urban area, secondary city",Hungary,UL,Broadcast,189-189-189,true,15,0.045819,1.0,0.045819,0.000000,true
A7,23,SC,"Urban area, secondary city",Hungary,UL,DECT,254-196-79,true,15,0.000000,0.0,0.045819,0.000000,false
A7,23,SC,"Urban area, secondary city",Hungary,UL,WiFi 5 GHz,158-154-200,true,15,0.000000,0.0,0.045819,0.000000,false
A7,23,SC,"Urban area, secondary city",Hungary,UL,ISM/WiFi 2.4 GHz,117-107-177,true,15,0.045819,1.0,0.045819,0.000000,true
A7,23,SC,"Urban area, secondary city",Hungary,UL,Mobile UL 700 MHz,8-48-107,true,15,0.458190,10.0,0.045819,0.000000,true
A7,23,SC,"Urban area, secondary city",Hungary,UL,Mobile UL 800 MHz,8-81-156,true,15,1.191294,26.0,0.045819,0.000000,true
A7,23,SC,"Urban area, secondary city",Hungary,UL,Mobile UL 900 MHz,33-113-181,true,15,0.045819,1.0,0.045819,0.000000,true
A7,23,SC,"Urban area, secondary city",Hungary,UL,Mobile UL 1.8 GHz,66-146-198,true,15,7.056128,154.0,0.045819,0.000000,true
A7,23,SC,"Urban area, secondary city",Hungary,UL,Mobile UL 2.1 GHz,107-174-214,true,15,0.320733,7.0,0.045819,0.000000,true
A7,23,SC,"Urban area, secondary city",Hungary,UL,Mobile UL 2.6 GHz,158-202-225,true,15,0.000000,0.0,0.045819,0.000000,false
A7,23,SC,"Urban area, secondary city",Hungary,UL,Mobile TDD 2.6 GHz,247-104-161,true,15,0.000000,0.0,0.045819,0.000000,false
A7,23,SC,"Urban area, secondary city",Hungary,UL,Mobile TDD 3.5 GHz,221-52-151,true,15,0.045819,1.0,0.045819,0.000000,true
A7,23,SC,"Urban area, secondary city",Hungary,UL,Mobile SDL 700 MHz,0-68-27,true,15,0.000000,0.0,0.045819,0.000000,false
A7,23,SC,"Urban area, secondary city",Hungary,UL,Mobile DL 700 MHz,0-109-44,true,15,0.045819,1.0,0.045819,0.000000,true
A7,23,SC,"Urban area, secondary city",Hungary,UL,Mobile DL 800 MHz,35-139-69,true,15,0.045819,1.0,0.045819,0.000000,true
A7,23,SC,"Urban area, secondary city",Hungary,UL,Mobile DL 900 MHz,65-174-118,true,15,0.137457,3.0,0.045819,0.000000,true
A7,23,SC,"Urban area, secondary city",Hungary,UL,Mobile DL 1.4 GHz,102-194-164,true,15,0.000000,0.0,0.045819,0.000000,false
A7,23,SC,"Urban area, secondary city",Hungary,UL,Mobile DL 1.8 GHz,153-216-201,true,15,0.183276,4.0,0.045819,0.000000,true
A7,23,SC,"Urban area, secondary city",Hungary,UL,Mobile DL 2.1 GHz,204-236-230,true,15,0.137457,3.0,0.045819,0.000000,true
A7,23,SC,"Urban area, secondary city",Hungary,UL,Mobile DL 2.6 GHz,229-245-249,true,15,0.000000,0.0,0.045819,0.000000,false
A7,23,SC,"Urban area, secondary city",Italy,UL,Broadcast,189-189-189,true,12,0.183276,4.0,0.045819,0.000000,true
A7,23,SC,"Urban area, secondary city",Italy,UL,DECT,254-196-79,true,12,0.000000,0.0,0.045819,0.000000,false
A7,23,SC,"Urban area, secondary city",Italy,UL,WiFi 5 GHz,158-154-200,true,12,0.000000,0.0,0.045819,0.000000,false
A7,23,SC,"Urban area, secondary city",Italy,UL,ISM/WiFi 2.4 GHz,117-107-177,true,12,0.000000,0.0,0.045819,0.000000,false
A7,23,SC,"Urban area, secondary city",Italy,UL,Mobile UL 700 MHz,8-48-107,true,12,0.000000,0.0,0.045819,0.000000,false
A7,23,SC,"Urban area, secondary city",Italy,UL,Mobile UL 800 MHz,8-81-156,true,12,0.000000,0.0,0.045819,0.000000,false
A7,23,SC,"Urban area, secondary city",Italy,UL,Mobile UL 900 MHz,33-113-181,true,12,0.000000,0.0,0.045819,0.000000,false
A7,23,SC,"Urban area, secondary city",Italy,UL,Mobile UL 1.8 GHz,66-146-198,true,12,20.985109,458.0,0.045819,0.000000,true
A7,23,SC,"Urban area, secondary city",Italy,UL,Mobile UL 2.1 GHz,107-174-214,true,12,0.045819,1.0,0.045819,0.000000,true
A7,23,SC,"Urban area, secondary city",Italy,UL,Mobile UL 2.6 GHz,158-202-225,true,12,0.000000,0.0,0.045819,0.000000,false
A7,23,SC,"Urban area, secondary city",Italy,UL,Mobile TDD 2.6 GHz,247-104-161,true,12,0.000000,0.0,0.045819,0.000000,false
A7,23,SC,"Urban area, secondary city",Italy,UL,Mobile TDD 3.5 GHz,221-52-151,true,12,0.045819,1.0,0.045819,0.000000,true
A7,23,SC,"Urban area, secondary city",Italy,UL,Mobile SDL 700 MHz,0-68-27,true,12,0.000000,0.0,0.045819,0.000000,false
A7,23,SC,"Urban area, secondary city",Italy,UL,Mobile DL 700 MHz,0-109-44,true,12,0.000000,0.0,0.045819,0.000000,false
A7,23,SC,"Urban area, secondary city",Italy,UL,Mobile DL 800 MHz,35-139-69,true,12,0.183276,4.0,0.045819,0.000000,true
A7,23,SC,"Urban area, secondary city",Italy,UL,Mobile DL 900 MHz,65-174-118,true,12,0.045819,1.0,0.045819,0.000000,true
A7,23,SC,"Urban area, secondary city",Italy,UL,Mobile DL 1.4 GHz,102-194-164,true,12,0.000000,0.0,0.045819,0.000000,false
A7,23,SC,"Urban area, secondary city",Italy,UL,Mobile DL 1.8 GHz,153-216-201,true,12,0.091638,2.0,0.045819,0.000000,true
A7,23,SC,"Urban area, secondary city",Italy,UL,Mobile DL 2.1 GHz,204-236-230,true,12,0.137457,3.0,0.045819,0.000000,true
A7,23,SC,"Urban area, secondary city",Italy,UL,Mobile DL 2.6 GHz,229-245-249,true,12,0.045819,1.0,0.045819,0.000000,true
A7,23,SC,"Urban area, secondary city",Netherlands,UL,Broadcast,189-189-189,true,11,0.045819,1.0,0.045819,0.000000,true
A7,23,SC,"Urban area, secondary city",Netherlands,UL,DECT,254-196-79,true,11,0.000000,0.0,0.045819,0.000000,false
A7,23,SC,"Urban area, secondary city",Netherlands,UL,WiFi 5 GHz,158-154-200,true,11,0.000000,0.0,0.045819,0.000000,false
A7,23,SC,"Urban area, secondary city",Netherlands,UL,ISM/WiFi 2.4 GHz,117-107-177,true,11,0.000000,0.0,0.045819,0.000000,false
A7,23,SC,"Urban area, secondary city",Netherlands,UL,Mobile UL 700 MHz,8-48-107,true,11,0.000000,0.0,0.045819,0.000000,false
A7,23,SC,"Urban area, secondary city",Netherlands,UL,Mobile UL 800 MHz,8-81-156,true,11,1.695304,37.0,0.045819,0.000000,true
A7,23,SC,"Urban area, secondary city",Netherlands,UL,Mobile UL 900 MHz,33-113-181,true,11,0.045819,1.0,0.045819,0.000000,true
A7,23,SC,"Urban area, secondary city",Netherlands,UL,Mobile UL 1.8 GHz,66-146-198,true,11,20.068729,438.0,0.045819,0.000000,true
A7,23,SC,"Urban area, secondary city",Netherlands,UL,Mobile UL 2.1 GHz,107-174-214,true,11,1.557847,34.0,0.045819,0.000000,true
A7,23,SC,"Urban area, secondary city",Netherlands,UL,Mobile UL 2.6 GHz,158-202-225,true,11,1.512027,33.0,0.045819,0.000000,true
A7,23,SC,"Urban area, secondary city",Netherlands,UL,Mobile TDD 2.6 GHz,247-104-161,true,11,0.000000,0.0,0.045819,0.000000,false
A7,23,SC,"Urban area, secondary city",Netherlands,UL,Mobile TDD 3.5 GHz,221-52-151,true,11,0.000000,0.0,0.045819,0.000000,false
A7,23,SC,"Urban area, secondary city",Netherlands,UL,Mobile SDL 700 MHz,0-68-27,true,11,0.000000,0.0,0.045819,0.000000,false
A7,23,SC,"Urban area, secondary city",Netherlands,UL,Mobile DL 700 MHz,0-109-44,true,11,0.091638,2.0,0.045819,0.000000,true
A7,23,SC,"Urban area, secondary city",Netherlands,UL,Mobile DL 800 MHz,35-139-69,true,11,0.320733,7.0,0.045819,0.000000,true
A7,23,SC,"Urban area, secondary city",Netherlands,UL,Mobile DL 900 MHz,65-174-118,true,11,0.229095,5.0,0.045819,0.000000,true
A7,23,SC,"Urban area, secondary city",Netherlands,UL,Mobile DL 1.4 GHz,102-194-164,true,11,0.091638,2.0,0.045819,0.000000,true
A7,23,SC,"Urban area, secondary city",Netherlands,UL,Mobile DL 1.8 GHz,153-216-201,true,11,0.274914,6.0,0.045819,0.000000,true
A7,23,SC,"Urban area, secondary city",Netherlands,UL,Mobile DL 2.1 GHz,204-236-230,true,11,0.320733,7.0,0.045819,0.000000,true
A7,23,SC,"Urban area, secondary city",Netherlands,UL,Mobile DL 2.6 GHz,229-245-249,true,11,0.091638,2.0,0.045819,0.000000,true
A7,23,SC,"Urban area, secondary city",Poland,UL,Broadcast,189-189-189,true,15,0.045819,1.0,0.045819,0.000000,true
A7,23,SC,"Urban area, secondary city",Poland,UL,DECT,254-196-79,true,15,0.000000,0.0,0.045819,0.000000,false
A7,23,SC,"Urban area, secondary city",Poland,UL,WiFi 5 GHz,158-154-200,true,15,0.000000,0.0,0.045819,0.000000,false
A7,23,SC,"Urban area, secondary city",Poland,UL,ISM/WiFi 2.4 GHz,117-107-177,true,15,0.091638,2.0,0.045819,0.000000,true
A7,23,SC,"Urban area, secondary city",Poland,UL,Mobile UL 700 MHz,8-48-107,true,15,0.000000,0.0,0.045819,0.000000,false
A7,23,SC,"Urban area, secondary city",Poland,UL,Mobile UL 800 MHz,8-81-156,true,15,0.000000,0.0,0.045819,0.000000,false
A7,23,SC,"Urban area, secondary city",Poland,UL,Mobile UL 900 MHz,33-113-181,true,15,0.045819,1.0,0.045819,0.000000,true
A7,23,SC,"Urban area, secondary city",Poland,UL,Mobile UL 1.8 GHz,66-146-198,true,15,0.962199,21.0,0.045819,0.000000,true
A7,23,SC,"Urban area, secondary city",Poland,UL,Mobile UL 2.1 GHz,107-174-214,true,15,2.886598,63.0,0.045819,0.000000,true
A7,23,SC,"Urban area, secondary city",Poland,UL,Mobile UL 2.6 GHz,158-202-225,true,15,10.080183,220.0,0.045819,0.000000,true
A7,23,SC,"Urban area, secondary city",Poland,UL,Mobile TDD 2.6 GHz,247-104-161,true,15,0.000000,0.0,0.045819,0.000000,false
A7,23,SC,"Urban area, secondary city",Poland,UL,Mobile TDD 3.5 GHz,221-52-151,true,15,0.000000,0.0,0.045819,0.000000,false
A7,23,SC,"Urban area, secondary city",Poland,UL,Mobile SDL 700 MHz,0-68-27,true,15,0.000000,0.0,0.045819,0.000000,false
A7,23,SC,"Urban area, secondary city",Poland,UL,Mobile DL 700 MHz,0-109-44,true,15,0.000000,0.0,0.045819,0.000000,false
A7,23,SC,"Urban area, secondary city",Poland,UL,Mobile DL 800 MHz,35-139-69,true,15,0.045819,1.0,0.045819,0.000000,true
A7,23,SC,"Urban area, secondary city",Poland,UL,Mobile DL 900 MHz,65-174-118,true,15,0.137457,3.0,0.045819,0.000000,true
A7,23,SC,"Urban area, secondary city",Poland,UL,Mobile DL 1.4 GHz,102-194-164,true,15,0.000000,0.0,0.045819,0.000000,false
A7,23,SC,"Urban area, secondary city",Poland,UL,Mobile DL 1.8 GHz,153-216-201,true,15,0.229095,5.0,0.045819,0.000000,true
A7,23,SC,"Urban area, secondary city",Poland,UL,Mobile DL 2.1 GHz,204-236-230,true,15,0.274914,6.0,0.045819,0.000000,true
A7,23,SC,"Urban area, secondary city",Poland,UL,Mobile DL 2.6 GHz,229-245-249,true,15,0.091638,2.0,0.045819,0.000000,true
A7,23,SC,"Urban area, secondary city",Spain,UL,Broadcast,189-189-189,true,11,0.000000,0.0,0.045819,0.000000,false
A7,23,SC,"Urban area, secondary city",Spain,UL,DECT,254-196-79,true,11,0.000000,0.0,0.045819,0.000000,false
A7,23,SC,"Urban area, secondary city",Spain,UL,WiFi 5 GHz,158-154-200,true,11,0.000000,0.0,0.045819,0.000000,false
A7,23,SC,"Urban area, secondary city",Spain,UL,ISM/WiFi 2.4 GHz,117-107-177,true,11,0.045819,1.0,0.045819,0.000000,true
A7,23,SC,"Urban area, secondary city",Spain,UL,Mobile UL 700 MHz,8-48-107,true,11,0.137457,3.0,0.045819,0.000000,true
A7,23,SC,"Urban area, secondary city",Spain,UL,Mobile UL 800 MHz,8-81-156,true,11,0.045819,1.0,0.045819,0.000000,true
A7,23,SC,"Urban area, secondary city",Spain,UL,Mobile UL 900 MHz,33-113-181,true,11,0.274914,6.0,0.045819,0.000000,true
A7,23,SC,"Urban area, secondary city",Spain,UL,Mobile UL 1.8 GHz,66-146-198,true,11,3.253150,71.0,0.045819,0.000000,true
A7,23,SC,"Urban area, secondary city",Spain,UL,Mobile UL 2.1 GHz,107-174-214,true,11,3.940435,86.0,0.045819,0.000000,true
A7,23,SC,"Urban area, secondary city",Spain,UL,Mobile UL 2.6 GHz,158-202-225,true,11,0.458190,10.0,0.045819,0.000000,true
A7,23,SC,"Urban area, secondary city",Spain,UL,Mobile TDD 2.6 GHz,247-104-161,true,11,0.045819,1.0,0.045819,0.000000,true
A7,23,SC,"Urban area, secondary city",Spain,UL,Mobile TDD 3.5 GHz,221-52-151,true,11,2.016037,44.0,0.045819,0.000000,true
A7,23,SC,"Urban area, secondary city",Spain,UL,Mobile SDL 700 MHz,0-68-27,true,11,0.000000,0.0,0.045819,0.000000,false
A7,23,SC,"Urban area, secondary city",Spain,UL,Mobile DL 700 MHz,0-109-44,true,11,0.000000,0.0,0.045819,0.000000,false
A7,23,SC,"Urban area, secondary city",Spain,UL,Mobile DL 800 MHz,35-139-69,true,11,0.091638,2.0,0.045819,0.000000,true
A7,23,SC,"Urban area, secondary city",Spain,UL,Mobile DL 900 MHz,65-174-118,true,11,0.045819,1.0,0.045819,0.000000,true
A7,23,SC,"Urban area, secondary city",Spain,UL,Mobile DL 1.4 GHz,102-194-164,true,11,0.000000,0.0,0.045819,0.000000,false
A7,23,SC,"Urban area, secondary city",Spain,UL,Mobile DL 1.8 GHz,153-216-201,true,11,0.091638,2.0,0.045819,0.000000,true
A7,23,SC,"Urban area, secondary city",Spain,UL,Mobile DL 2.1 GHz,204-236-230,true,11,0.045819,1.0,0.045819,0.000000,true
A7,23,SC,"Urban area, secondary city",Spain,UL,Mobile DL 2.6 GHz,229-245-249,true,11,0.000000,0.0,0.045819,0.000000,false
A7,23,SC,"Urban area, secondary city",Switzerland,UL,Broadcast,189-189-189,true,25,0.045819,1.0,0.045819,0.000000,true
A7,23,SC,"Urban area, secondary city",Switzerland,UL,DECT,254-196-79,true,25,0.000000,0.0,0.045819,0.000000,false
A7,23,SC,"Urban area, secondary city",Switzerland,UL,WiFi 5 GHz,158-154-200,true,25,0.045819,1.0,0.045819,0.000000,true
A7,23,SC,"Urban area, secondary city",Switzerland,UL,ISM/WiFi 2.4 GHz,117-107-177,true,25,0.000000,0.0,0.045819,0.000000,false
A7,23,SC,"Urban area, secondary city",Switzerland,UL,Mobile UL 700 MHz,8-48-107,true,25,0.045819,1.0,0.045819,0.000000,true
A7,23,SC,"Urban area, secondary city",Switzerland,UL,Mobile UL 800 MHz,8-81-156,true,25,0.091638,2.0,0.045819,0.000000,true
A7,23,SC,"Urban area, secondary city",Switzerland,UL,Mobile UL 900 MHz,33-113-181,true,25,0.000000,0.0,0.045819,0.000000,false
A7,23,SC,"Urban area, secondary city",Switzerland,UL,Mobile UL 1.8 GHz,66-146-198,true,25,1.878580,41.0,0.045819,0.000000,true
A7,23,SC,"Urban area, secondary city",Switzerland,UL,Mobile UL 2.1 GHz,107-174-214,true,25,6.689576,146.0,0.045819,0.000000,true
A7,23,SC,"Urban area, secondary city",Switzerland,UL,Mobile UL 2.6 GHz,158-202-225,true,25,0.137457,3.0,0.045819,0.000000,true
A7,23,SC,"Urban area, secondary city",Switzerland,UL,Mobile TDD 2.6 GHz,247-104-161,true,25,0.000000,0.0,0.045819,0.000000,false
A7,23,SC,"Urban area, secondary city",Switzerland,UL,Mobile TDD 3.5 GHz,221-52-151,true,25,4.215349,92.0,0.045819,0.000000,true
A7,23,SC,"Urban area, secondary city",Switzerland,UL,Mobile SDL 700 MHz,0-68-27,true,25,0.000000,0.0,0.045819,0.000000,false
A7,23,SC,"Urban area, secondary city",Switzerland,UL,Mobile DL 700 MHz,0-109-44,true,25,0.000000,0.0,0.045819,0.000000,false
A7,23,SC,"Urban area, secondary city",Switzerland,UL,Mobile DL 800 MHz,35-139-69,true,25,0.045819,1.0,0.045819,0.000000,true
A7,23,SC,"Urban area, secondary city",Switzerland,UL,Mobile DL 900 MHz,65-174-118,true,25,0.045819,1.0,0.045819,0.000000,true
A7,23,SC,"Urban area, secondary city",Switzerland,UL,Mobile DL 1.4 GHz,102-194-164,true,25,0.000000,0.0,0.045819,0.000000,false
A7,23,SC,"Urban area, secondary city",Switzerland,UL,Mobile DL 1.8 GHz,153-216-201,true,25,0.045819,1.0,0.045819,0.000000,true
A7,23,SC,"Urban area, secondary city",Switzerland,UL,Mobile DL 2.1 GHz,204-236-230,true,25,0.045819,1.0,0.045819,0.000000,true
A7,23,SC,"Urban area, secondary city",Switzerland,UL,Mobile DL 2.6 GHz,229-245-249,true,25,0.045819,1.0,0.045819,0.000000,true
A7,23,SC,"Urban area, secondary city",UK,UL,Broadcast,189-189-189,true,21,0.000000,0.0,0.045819,0.000000,false
A7,23,SC,"Urban area, secondary city",UK,UL,DECT,254-196-79,true,21,0.000000,0.0,0.045819,0.000000,false
A7,23,SC,"Urban area, secondary city",UK,UL,WiFi 5 GHz,158-154-200,true,21,0.091638,2.0,0.045819,0.000000,true
A7,23,SC,"Urban area, secondary city",UK,UL,ISM/WiFi 2.4 GHz,117-107-177,true,21,0.000000,0.0,0.045819,0.000000,false
A7,23,SC,"Urban area, secondary city",UK,UL,Mobile UL 700 MHz,8-48-107,true,21,0.000000,0.0,0.045819,0.000000,false
A7,23,SC,"Urban area, secondary city",UK,UL,Mobile UL 800 MHz,8-81-156,true,21,0.778923,17.0,0.045819,0.000000,true
A7,23,SC,"Urban area, secondary city",UK,UL,Mobile UL 900 MHz,33-113-181,true,21,0.137457,3.0,0.045819,0.000000,true
A7,23,SC,"Urban area, secondary city",UK,UL,Mobile UL 1.8 GHz,66-146-198,true,21,0.000000,0.0,0.045819,0.000000,false
A7,23,SC,"Urban area, secondary city",UK,UL,Mobile UL 2.1 GHz,107-174-214,true,21,9.896907,216.0,0.045819,0.000000,true
A7,23,SC,"Urban area, secondary city",UK,UL,Mobile UL 2.6 GHz,158-202-225,true,21,0.000000,0.0,0.045819,0.000000,false
A7,23,SC,"Urban area, secondary city",UK,UL,Mobile TDD 2.6 GHz,247-104-161,true,21,0.000000,0.0,0.045819,0.000000,false
A7,23,SC,"Urban area, secondary city",UK,UL,Mobile TDD 3.5 GHz,221-52-151,true,21,5.773196,126.0,0.045819,0.000000,true
A7,23,SC,"Urban area, secondary city",UK,UL,Mobile SDL 700 MHz,0-68-27,true,21,0.000000,0.0,0.045819,0.000000,false
A7,23,SC,"Urban area, secondary city",UK,UL,Mobile DL 700 MHz,0-109-44,true,21,0.000000,0.0,0.045819,0.000000,false
A7,23,SC,"Urban area, secondary city",UK,UL,Mobile DL 800 MHz,35-139-69,true,21,0.137457,3.0,0.045819,0.000000,true
A7,23,SC,"Urban area, secondary city",UK,UL,Mobile DL 900 MHz,65-174-118,true,21,0.091638,2.0,0.045819,0.000000,true
A7,23,SC,"Urban area, secondary city",UK,UL,Mobile DL 1.4 GHz,102-194-164,true,21,0.045819,1.0,0.045819,0.000000,true
A7,23,SC,"Urban area, secondary city",UK,UL,Mobile DL 1.8 GHz,153-216-201,true,21,0.274914,6.0,0.045819,0.000000,true
A7,23,SC,"Urban area, secondary city",UK,UL,Mobile DL 2.1 GHz,204-236-230,true,21,0.229095,5.0,0.045819,0.000000,true
A7,23,SC,"Urban area, secondary city",UK,UL,Mobile DL 2.6 GHz,229-245-249,true,21,0.045819,1.0,0.045819,0.000000,true
A8,24,RA1,Rural area 1,Austria,NU,Broadcast,189-189-189,true,8,0.000000,0.0,0.080183,0.000000,false
A8,24,RA1,Rural area 1,Austria,NU,DECT,254-196-79,true,8,0.000000,0.0,0.080183,0.000000,false
A8,24,RA1,Rural area 1,Austria,NU,WiFi 5 GHz,158-154-200,true,8,0.080183,1.0,0.080183,0.000000,true
A8,24,RA1,Rural area 1,Austria,NU,ISM/WiFi 2.4 GHz,117-107-177,true,8,0.000000,0.0,0.080183,0.000000,false
A8,24,RA1,Rural area 1,Austria,NU,Mobile UL 700 MHz,8-48-107,true,8,0.000000,0.0,0.080183,0.000000,false
A8,24,RA1,Rural area 1,Austria,NU,Mobile UL 800 MHz,8-81-156,true,8,0.000000,0.0,0.080183,0.000000,false
A8,24,RA1,Rural area 1,Austria,NU,Mobile UL 900 MHz,33-113-181,true,8,0.000000,0.0,0.080183,0.000000,false
A8,24,RA1,Rural area 1,Austria,NU,Mobile UL 1.8 GHz,66-146-198,true,8,0.000000,0.0,0.080183,0.000000,false
A8,24,RA1,Rural area 1,Austria,NU,Mobile UL 2.1 GHz,107-174-214,true,8,0.000000,0.0,0.080183,0.000000,false
A8,24,RA1,Rural area 1,Austria,NU,Mobile UL 2.6 GHz,158-202-225,true,8,0.000000,0.0,0.080183,0.000000,false
A8,24,RA1,Rural area 1,Austria,NU,Mobile TDD 2.6 GHz,247-104-161,true,8,0.000000,0.0,0.080183,0.000000,false
A8,24,RA1,Rural area 1,Austria,NU,Mobile TDD 3.5 GHz,221-52-151,true,8,0.080183,1.0,0.080183,0.000000,true
A8,24,RA1,Rural area 1,Austria,NU,Mobile SDL 700 MHz,0-68-27,true,8,0.000000,0.0,0.080183,0.000000,false
A8,24,RA1,Rural area 1,Austria,NU,Mobile DL 700 MHz,0-109-44,true,8,0.000000,0.0,0.080183,0.000000,false
A8,24,RA1,Rural area 1,Austria,NU,Mobile DL 800 MHz,35-139-69,true,8,0.080183,1.0,0.080183,0.000000,true
A8,24,RA1,Rural area 1,Austria,NU,Mobile DL 900 MHz,65-174-118,true,8,0.240550,3.0,0.080183,0.000000,true
A8,24,RA1,Rural area 1,Austria,NU,Mobile DL 1.4 GHz,102-194-164,true,8,0.080183,1.0,0.080183,0.000000,true
A8,24,RA1,Rural area 1,Austria,NU,Mobile DL 1.8 GHz,153-216-201,true,8,0.160367,2.0,0.080183,0.000000,true
A8,24,RA1,Rural area 1,Austria,NU,Mobile DL 2.1 GHz,204-236-230,true,8,0.160367,2.0,0.080183,0.000000,true
A8,24,RA1,Rural area 1,Austria,NU,Mobile DL 2.6 GHz,229-245-249,true,8,0.000000,0.0,0.080183,0.000000,false
A8,24,RA1,Rural area 1,Belgium,NU,Broadcast,189-189-189,true,13,0.080183,1.0,0.080183,0.000000,true
A8,24,RA1,Rural area 1,Belgium,NU,DECT,254-196-79,true,13,0.000000,0.0,0.080183,0.000000,false
A8,24,RA1,Rural area 1,Belgium,NU,WiFi 5 GHz,158-154-200,true,13,0.000000,0.0,0.080183,0.000000,false
A8,24,RA1,Rural area 1,Belgium,NU,ISM/WiFi 2.4 GHz,117-107-177,true,13,0.000000,0.0,0.080183,0.000000,false
A8,24,RA1,Rural area 1,Belgium,NU,Mobile UL 700 MHz,8-48-107,true,13,0.000000,0.0,0.080183,0.000000,false
A8,24,RA1,Rural area 1,Belgium,NU,Mobile UL 800 MHz,8-81-156,true,13,0.080183,1.0,0.080183,0.000000,true
A8,24,RA1,Rural area 1,Belgium,NU,Mobile UL 900 MHz,33-113-181,true,13,0.000000,0.0,0.080183,0.000000,false
A8,24,RA1,Rural area 1,Belgium,NU,Mobile UL 1.8 GHz,66-146-198,true,13,0.080183,1.0,0.080183,0.000000,true
A8,24,RA1,Rural area 1,Belgium,NU,Mobile UL 2.1 GHz,107-174-214,true,13,0.000000,0.0,0.080183,0.000000,false
A8,24,RA1,Rural area 1,Belgium,NU,Mobile UL 2.6 GHz,158-202-225,true,13,0.000000,0.0,0.080183,0.000000,false
A8,24,RA1,Rural area 1,Belgium,NU,Mobile TDD 2.6 GHz,247-104-161,true,13,0.000000,0.0,0.080183,0.000000,false
A8,24,RA1,Rural area 1,Belgium,NU,Mobile TDD 3.5 GHz,221-52-151,true,13,0.000000,0.0,0.080183,0.000000,false
A8,24,RA1,Rural area 1,Belgium,NU,Mobile SDL 700 MHz,0-68-27,true,13,0.000000,0.0,0.080183,0.000000,false
A8,24,RA1,Rural area 1,Belgium,NU,Mobile DL 700 MHz,0-109-44,true,13,0.000000,0.0,0.080183,0.000000,false
A8,24,RA1,Rural area 1,Belgium,NU,Mobile DL 800 MHz,35-139-69,true,13,0.000000,0.0,0.080183,0.000000,false
A8,24,RA1,Rural area 1,Belgium,NU,Mobile DL 900 MHz,65-174-118,true,13,0.080183,1.0,0.080183,0.000000,true
A8,24,RA1,Rural area 1,Belgium,NU,Mobile DL 1.4 GHz,102-194-164,true,13,0.000000,0.0,0.080183,0.000000,false
A8,24,RA1,Rural area 1,Belgium,NU,Mobile DL 1.8 GHz,153-216-201,true,13,0.080183,1.0,0.080183,0.000000,true
A8,24,RA1,Rural area 1,Belgium,NU,Mobile DL 2.1 GHz,204-236-230,true,13,0.000000,0.0,0.080183,0.000000,false
A8,24,RA1,Rural area 1,Belgium,NU,Mobile DL 2.6 GHz,229-245-249,true,13,0.000000,0.0,0.080183,0.000000,false
A8,24,RA1,Rural area 1,France,NU,Broadcast,189-189-189,true,10,0.000000,0.0,0.080183,0.000000,false
A8,24,RA1,Rural area 1,France,NU,DECT,254-196-79,true,10,0.000000,0.0,0.080183,0.000000,false
A8,24,RA1,Rural area 1,France,NU,WiFi 5 GHz,158-154-200,true,10,0.000000,0.0,0.080183,0.000000,false
A8,24,RA1,Rural area 1,France,NU,ISM/WiFi 2.4 GHz,117-107-177,true,10,0.000000,0.0,0.080183,0.000000,false
A8,24,RA1,Rural area 1,France,NU,Mobile UL 700 MHz,8-48-107,true,10,0.000000,0.0,0.080183,0.000000,false
A8,24,RA1,Rural area 1,France,NU,Mobile UL 800 MHz,8-81-156,true,10,0.000000,0.0,0.080183,0.000000,false
A8,24,RA1,Rural area 1,France,NU,Mobile UL 900 MHz,33-113-181,true,10,0.000000,0.0,0.080183,0.000000,false
A8,24,RA1,Rural area 1,France,NU,Mobile UL 1.8 GHz,66-146-198,true,10,0.000000,0.0,0.080183,0.000000,false
A8,24,RA1,Rural area 1,France,NU,Mobile UL 2.1 GHz,107-174-214,true,10,0.080183,1.0,0.080183,0.000000,true
A8,24,RA1,Rural area 1,France,NU,Mobile UL 2.6 GHz,158-202-225,true,10,0.000000,0.0,0.080183,0.000000,false
A8,24,RA1,Rural area 1,France,NU,Mobile TDD 2.6 GHz,247-104-161,true,10,0.000000,0.0,0.080183,0.000000,false
A8,24,RA1,Rural area 1,France,NU,Mobile TDD 3.5 GHz,221-52-151,true,10,0.000000,0.0,0.080183,0.000000,false
A8,24,RA1,Rural area 1,France,NU,Mobile SDL 700 MHz,0-68-27,true,10,0.000000,0.0,0.080183,0.000000,false
A8,24,RA1,Rural area 1,France,NU,Mobile DL 700 MHz,0-109-44,true,10,0.000000,0.0,0.080183,0.000000,false
A8,24,RA1,Rural area 1,France,NU,Mobile DL 800 MHz,35-139-69,true,10,0.000000,0.0,0.080183,0.000000,false
A8,24,RA1,Rural area 1,France,NU,Mobile DL 900 MHz,65-174-118,true,10,0.080183,1.0,0.080183,0.000000,true
A8,24,RA1,Rural area 1,France,NU,Mobile DL 1.4 GHz,102-194-164,true,10,0.080183,1.0,0.080183,0.000000,true
A8,24,RA1,Rural area 1,France,NU,Mobile DL 1.8 GHz,153-216-201,true,10,0.000000,0.0,0.080183,0.000000,false
A8,24,RA1,Rural area 1,France,NU,Mobile DL 2.1 GHz,204-236-230,true,10,0.000000,0.0,0.080183,0.000000,false
A8,24,RA1,Rural area 1,France,NU,Mobile DL 2.6 GHz,229-245-249,true,10,0.000000,0.0,0.080183,0.000000,false
A8,24,RA1,Rural area 1,Hungary,NU,Broadcast,189-189-189,true,8,0.000000,0.0,0.080183,0.000000,false
A8,24,RA1,Rural area 1,Hungary,NU,DECT,254-196-79,true,8,0.000000,0.0,0.080183,0.000000,false
A8,24,RA1,Rural area 1,Hungary,NU,WiFi 5 GHz,158-154-200,true,8,0.000000,0.0,0.080183,0.000000,false
A8,24,RA1,Rural area 1,Hungary,NU,ISM/WiFi 2.4 GHz,117-107-177,true,8,0.000000,0.0,0.080183,0.000000,false
A8,24,RA1,Rural area 1,Hungary,NU,Mobile UL 700 MHz,8-48-107,true,8,0.000000,0.0,0.080183,0.000000,false
A8,24,RA1,Rural area 1,Hungary,NU,Mobile UL 800 MHz,8-81-156,true,8,0.000000,0.0,0.080183,0.000000,false
A8,24,RA1,Rural area 1,Hungary,NU,Mobile UL 900 MHz,33-113-181,true,8,0.000000,0.0,0.080183,0.000000,false
A8,24,RA1,Rural area 1,Hungary,NU,Mobile UL 1.8 GHz,66-146-198,true,8,0.000000,0.0,0.080183,0.000000,false
A8,24,RA1,Rural area 1,Hungary,NU,Mobile UL 2.1 GHz,107-174-214,true,8,0.000000,0.0,0.080183,0.000000,false
A8,24,RA1,Rural area 1,Hungary,NU,Mobile UL 2.6 GHz,158-202-225,true,8,0.080183,1.0,0.080183,0.000000,true
A8,24,RA1,Rural area 1,Hungary,NU,Mobile TDD 2.6 GHz,247-104-161,true,8,0.000000,0.0,0.080183,0.000000,false
A8,24,RA1,Rural area 1,Hungary,NU,Mobile TDD 3.5 GHz,221-52-151,true,8,0.000000,0.0,0.080183,0.000000,false
A8,24,RA1,Rural area 1,Hungary,NU,Mobile SDL 700 MHz,0-68-27,true,8,0.000000,0.0,0.080183,0.000000,false
A8,24,RA1,Rural area 1,Hungary,NU,Mobile DL 700 MHz,0-109-44,true,8,0.000000,0.0,0.080183,0.000000,false
A8,24,RA1,Rural area 1,Hungary,NU,Mobile DL 800 MHz,35-139-69,true,8,0.080183,1.0,0.080183,0.000000,true
A8,24,RA1,Rural area 1,Hungary,NU,Mobile DL 900 MHz,65-174-118,true,8,0.000000,0.0,0.080183,0.000000,false
A8,24,RA1,Rural area 1,Hungary,NU,Mobile DL 1.4 GHz,102-194-164,true,8,0.080183,1.0,0.080183,0.000000,true
A8,24,RA1,Rural area 1,Hungary,NU,Mobile DL 1.8 GHz,153-216-201,true,8,0.000000,0.0,0.080183,0.000000,false
A8,24,RA1,Rural area 1,Hungary,NU,Mobile DL 2.1 GHz,204-236-230,true,8,0.000000,0.0,0.080183,0.000000,false
A8,24,RA1,Rural area 1,Hungary,NU,Mobile DL 2.6 GHz,229-245-249,true,8,0.000000,0.0,0.080183,0.000000,false
A8,24,RA1,Rural area 1,Italy,NU,Broadcast,189-189-189,true,6,0.000000,0.0,0.080183,0.000000,false
A8,24,RA1,Rural area 1,Italy,NU,DECT,254-196-79,true,6,0.000000,0.0,0.080183,0.000000,false
A8,24,RA1,Rural area 1,Italy,NU,WiFi 5 GHz,158-154-200,true,6,0.000000,0.0,0.080183,0.000000,false
A8,24,RA1,Rural area 1,Italy,NU,ISM/WiFi 2.4 GHz,117-107-177,true,6,0.000000,0.0,0.080183,0.000000,false
A8,24,RA1,Rural area 1,Italy,NU,Mobile UL 700 MHz,8-48-107,true,6,0.000000,0.0,0.080183,0.000000,false
A8,24,RA1,Rural area 1,Italy,NU,Mobile UL 800 MHz,8-81-156,true,6,0.000000,0.0,0.080183,0.000000,false
A8,24,RA1,Rural area 1,Italy,NU,Mobile UL 900 MHz,33-113-181,true,6,0.000000,0.0,0.080183,0.000000,false
A8,24,RA1,Rural area 1,Italy,NU,Mobile UL 1.8 GHz,66-146-198,true,6,0.000000,0.0,0.080183,0.000000,false
A8,24,RA1,Rural area 1,Italy,NU,Mobile UL 2.1 GHz,107-174-214,true,6,0.000000,0.0,0.080183,0.000000,false
A8,24,RA1,Rural area 1,Italy,NU,Mobile UL 2.6 GHz,158-202-225,true,6,0.000000,0.0,0.080183,0.000000,false
A8,24,RA1,Rural area 1,Italy,NU,Mobile TDD 2.6 GHz,247-104-161,true,6,0.000000,0.0,0.080183,0.000000,false
A8,24,RA1,Rural area 1,Italy,NU,Mobile TDD 3.5 GHz,221-52-151,true,6,0.000000,0.0,0.080183,0.000000,false
A8,24,RA1,Rural area 1,Italy,NU,Mobile SDL 700 MHz,0-68-27,true,6,0.000000,0.0,0.080183,0.000000,false
A8,24,RA1,Rural area 1,Italy,NU,Mobile DL 700 MHz,0-109-44,true,6,0.000000,0.0,0.080183,0.000000,false
A8,24,RA1,Rural area 1,Italy,NU,Mobile DL 800 MHz,35-139-69,true,6,0.000000,0.0,0.080183,0.000000,false
A8,24,RA1,Rural area 1,Italy,NU,Mobile DL 900 MHz,65-174-118,true,6,0.000000,0.0,0.080183,0.000000,false
A8,24,RA1,Rural area 1,Italy,NU,Mobile DL 1.4 GHz,102-194-164,true,6,0.080183,1.0,0.080183,0.000000,true
A8,24,RA1,Rural area 1,Italy,NU,Mobile DL 1.8 GHz,153-216-201,true,6,0.000000,0.0,0.080183,0.000000,false
A8,24,RA1,Rural area 1,Italy,NU,Mobile DL 2.1 GHz,204-236-230,true,6,0.080183,1.0,0.080183,0.000000,true
A8,24,RA1,Rural area 1,Italy,NU,Mobile DL 2.6 GHz,229-245-249,true,6,0.000000,0.0,0.080183,0.000000,false
A8,24,RA1,Rural area 1,Netherlands,NU,Broadcast,189-189-189,true,5,0.000000,0.0,0.080183,0.000000,false
A8,24,RA1,Rural area 1,Netherlands,NU,DECT,254-196-79,true,5,0.000000,0.0,0.080183,0.000000,false
A8,24,RA1,Rural area 1,Netherlands,NU,WiFi 5 GHz,158-154-200,true,5,0.000000,0.0,0.080183,0.000000,false
A8,24,RA1,Rural area 1,Netherlands,NU,ISM/WiFi 2.4 GHz,117-107-177,true,5,0.000000,0.0,0.080183,0.000000,false
A8,24,RA1,Rural area 1,Netherlands,NU,Mobile UL 700 MHz,8-48-107,true,5,0.000000,0.0,0.080183,0.000000,false
A8,24,RA1,Rural area 1,Netherlands,NU,Mobile UL 800 MHz,8-81-156,true,5,0.000000,0.0,0.080183,0.000000,false
A8,24,RA1,Rural area 1,Netherlands,NU,Mobile UL 900 MHz,33-113-181,true,5,0.000000,0.0,0.080183,0.000000,false
A8,24,RA1,Rural area 1,Netherlands,NU,Mobile UL 1.8 GHz,66-146-198,true,5,0.000000,0.0,0.080183,0.000000,false
A8,24,RA1,Rural area 1,Netherlands,NU,Mobile UL 2.1 GHz,107-174-214,true,5,0.000000,0.0,0.080183,0.000000,false
A8,24,RA1,Rural area 1,Netherlands,NU,Mobile UL 2.6 GHz,158-202-225,true,5,0.000000,0.0,0.080183,0.000000,false
A8,24,RA1,Rural area 1,Netherlands,NU,Mobile TDD 2.6 GHz,247-104-161,true,5,0.000000,0.0,0.080183,0.000000,false
A8,24,RA1,Rural area 1,Netherlands,NU,Mobile TDD 3.5 GHz,221-52-151,true,5,0.000000,0.0,0.080183,0.000000,false
A8,24,RA1,Rural area 1,Netherlands,NU,Mobile SDL 700 MHz,0-68-27,true,5,0.000000,0.0,0.080183,0.000000,false
A8,24,RA1,Rural area 1,Netherlands,NU,Mobile DL 700 MHz,0-109-44,true,5,0.000000,0.0,0.080183,0.000000,false
A8,24,RA1,Rural area 1,Netherlands,NU,Mobile DL 800 MHz,35-139-69,true,5,0.080183,1.0,0.080183,0.000000,true
A8,24,RA1,Rural area 1,Netherlands,NU,Mobile DL 900 MHz,65-174-118,true,5,0.160367,2.0,0.080183,0.000000,true
A8,24,RA1,Rural area 1,Netherlands,NU,Mobile DL 1.4 GHz,102-194-164,true,5,0.080183,1.0,0.080183,0.000000,true
A8,24,RA1,Rural area 1,Netherlands,NU,Mobile DL 1.8 GHz,153-216-201,true,5,0.080183,1.0,0.080183,0.000000,true
A8,24,RA1,Rural area 1,Netherlands,NU,Mobile DL 2.1 GHz,204-236-230,true,5,0.080183,1.0,0.080183,0.000000,true
A8,24,RA1,Rural area 1,Netherlands,NU,Mobile DL 2.6 GHz,229-245-249,true,5,0.080183,1.0,0.080183,0.000000,true
A8,24,RA1,Rural area 1,Poland,NU,Broadcast,189-189-189,true,5,0.000000,0.0,0.080183,0.000000,false
A8,24,RA1,Rural area 1,Poland,NU,DECT,254-196-79,true,5,0.000000,0.0,0.080183,0.000000,false
A8,24,RA1,Rural area 1,Poland,NU,WiFi 5 GHz,158-154-200,true,5,0.000000,0.0,0.080183,0.000000,false
A8,24,RA1,Rural area 1,Poland,NU,ISM/WiFi 2.4 GHz,117-107-177,true,5,0.000000,0.0,0.080183,0.000000,false
A8,24,RA1,Rural area 1,Poland,NU,Mobile UL 700 MHz,8-48-107,true,5,0.000000,0.0,0.080183,0.000000,false
A8,24,RA1,Rural area 1,Poland,NU,Mobile UL 800 MHz,8-81-156,true,5,0.000000,0.0,0.080183,0.000000,false
A8,24,RA1,Rural area 1,Poland,NU,Mobile UL 900 MHz,33-113-181,true,5,0.000000,0.0,0.080183,0.000000,false
A8,24,RA1,Rural area 1,Poland,NU,Mobile UL 1.8 GHz,66-146-198,true,5,0.000000,0.0,0.080183,0.000000,false
A8,24,RA1,Rural area 1,Poland,NU,Mobile UL 2.1 GHz,107-174-214,true,5,0.000000,0.0,0.080183,0.000000,false
A8,24,RA1,Rural area 1,Poland,NU,Mobile UL 2.6 GHz,158-202-225,true,5,0.000000,0.0,0.080183,0.000000,false
A8,24,RA1,Rural area 1,Poland,NU,Mobile TDD 2.6 GHz,247-104-161,true,5,0.000000,0.0,0.080183,0.000000,false
A8,24,RA1,Rural area 1,Poland,NU,Mobile TDD 3.5 GHz,221-52-151,true,5,0.000000,0.0,0.080183,0.000000,false
A8,24,RA1,Rural area 1,Poland,NU,Mobile SDL 700 MHz,0-68-27,true,5,0.000000,0.0,0.080183,0.000000,false
A8,24,RA1,Rural area 1,Poland,NU,Mobile DL 700 MHz,0-109-44,true,5,0.000000,0.0,0.080183,0.000000,false
A8,24,RA1,Rural area 1,Poland,NU,Mobile DL 800 MHz,35-139-69,true,5,0.000000,0.0,0.080183,0.000000,false
A8,24,RA1,Rural area 1,Poland,NU,Mobile DL 900 MHz,65-174-118,true,5,0.000000,0.0,0.080183,0.000000,false
A8,24,RA1,Rural area 1,Poland,NU,Mobile DL 1.4 GHz,102-194-164,true,5,0.000000,0.0,0.080183,0.000000,false
A8,24,RA1,Rural area 1,Poland,NU,Mobile DL 1.8 GHz,153-216-201,true,5,0.080183,1.0,0.080183,0.000000,true
A8,24,RA1,Rural area 1,Poland,NU,Mobile DL 2.1 GHz,204-236-230,true,5,0.080183,1.0,0.080183,0.000000,true
A8,24,RA1,Rural area 1,Poland,NU,Mobile DL 2.6 GHz,229-245-249,true,5,0.000000,0.0,0.080183,0.000000,false
A8,24,RA1,Rural area 1,Spain,NU,Broadcast,189-189-189,true,5,0.000000,0.0,0.080183,0.000000,false
A8,24,RA1,Rural area 1,Spain,NU,DECT,254-196-79,true,5,0.000000,0.0,0.080183,0.000000,false
A8,24,RA1,Rural area 1,Spain,NU,WiFi 5 GHz,158-154-200,true,5,0.000000,0.0,0.080183,0.000000,false
A8,24,RA1,Rural area 1,Spain,NU,ISM/WiFi 2.4 GHz,117-107-177,true,5,0.000000,0.0,0.080183,0.000000,false
A8,24,RA1,Rural area 1,Spain,NU,Mobile UL 700 MHz,8-48-107,true,5,0.000000,0.0,0.080183,0.000000,false
A8,24,RA1,Rural area 1,Spain,NU,Mobile UL 800 MHz,8-81-156,true,5,0.000000,0.0,0.080183,0.000000,false
A8,24,RA1,Rural area 1,Spain,NU,Mobile UL 900 MHz,33-113-181,true,5,0.000000,0.0,0.080183,0.000000,false
A8,24,RA1,Rural area 1,Spain,NU,Mobile UL 1.8 GHz,66-146-198,true,5,0.000000,0.0,0.080183,0.000000,false
A8,24,RA1,Rural area 1,Spain,NU,Mobile UL 2.1 GHz,107-174-214,true,5,0.240550,3.0,0.080183,0.000000,true
A8,24,RA1,Rural area 1,Spain,NU,Mobile UL 2.6 GHz,158-202-225,true,5,0.000000,0.0,0.080183,0.000000,false
A8,24,RA1,Rural area 1,Spain,NU,Mobile TDD 2.6 GHz,247-104-161,true,5,0.000000,0.0,0.080183,0.000000,false
A8,24,RA1,Rural area 1,Spain,NU,Mobile TDD 3.5 GHz,221-52-151,true,5,0.000000,0.0,0.080183,0.000000,false
A8,24,RA1,Rural area 1,Spain,NU,Mobile SDL 700 MHz,0-68-27,true,5,0.000000,0.0,0.080183,0.000000,false
A8,24,RA1,Rural area 1,Spain,NU,Mobile DL 700 MHz,0-109-44,true,5,0.000000,0.0,0.080183,0.000000,false
A8,24,RA1,Rural area 1,Spain,NU,Mobile DL 800 MHz,35-139-69,true,5,0.000000,0.0,0.080183,0.000000,false
A8,24,RA1,Rural area 1,Spain,NU,Mobile DL 900 MHz,65-174-118,true,5,0.080183,1.0,0.080183,0.000000,true
A8,24,RA1,Rural area 1,Spain,NU,Mobile DL 1.4 GHz,102-194-164,true,5,0.000000,0.0,0.080183,0.000000,false
A8,24,RA1,Rural area 1,Spain,NU,Mobile DL 1.8 GHz,153-216-201,true,5,0.000000,0.0,0.080183,0.000000,false
A8,24,RA1,Rural area 1,Spain,NU,Mobile DL 2.1 GHz,204-236-230,true,5,0.000000,0.0,0.080183,0.000000,false
A8,24,RA1,Rural area 1,Spain,NU,Mobile DL 2.6 GHz,229-245-249,true,5,0.000000,0.0,0.080183,0.000000,false
A8,24,RA1,Rural area 1,Switzerland,NU,Broadcast,189-189-189,true,7,0.000000,0.0,0.080183,0.000000,false
A8,24,RA1,Rural area 1,Switzerland,NU,DECT,254-196-79,true,7,0.000000,0.0,0.080183,0.000000,false
A8,24,RA1,Rural area 1,Switzerland,NU,WiFi 5 GHz,158-154-200,true,7,0.080183,1.0,0.080183,0.000000,true
A8,24,RA1,Rural area 1,Switzerland,NU,ISM/WiFi 2.4 GHz,117-107-177,true,7,0.000000,0.0,0.080183,0.000000,false
A8,24,RA1,Rural area 1,Switzerland,NU,Mobile UL 700 MHz,8-48-107,true,7,0.000000,0.0,0.080183,0.000000,false
A8,24,RA1,Rural area 1,Switzerland,NU,Mobile UL 800 MHz,8-81-156,true,7,0.000000,0.0,0.080183,0.000000,false
A8,24,RA1,Rural area 1,Switzerland,NU,Mobile UL 900 MHz,33-113-181,true,7,0.000000,0.0,0.080183,0.000000,false
A8,24,RA1,Rural area 1,Switzerland,NU,Mobile UL 1.8 GHz,66-146-198,true,7,0.000000,0.0,0.080183,0.000000,false
A8,24,RA1,Rural area 1,Switzerland,NU,Mobile UL 2.1 GHz,107-174-214,true,7,0.000000,0.0,0.080183,0.000000,false
A8,24,RA1,Rural area 1,Switzerland,NU,Mobile UL 2.6 GHz,158-202-225,true,7,0.000000,0.0,0.080183,0.000000,false
A8,24,RA1,Rural area 1,Switzerland,NU,Mobile TDD 2.6 GHz,247-104-161,true,7,0.000000,0.0,0.080183,0.000000,false
A8,24,RA1,Rural area 1,Switzerland,NU,Mobile TDD 3.5 GHz,221-52-151,true,7,0.000000,0.0,0.080183,0.000000,false
A8,24,RA1,Rural area 1,Switzerland,NU,Mobile SDL 700 MHz,0-68-27,true,7,0.000000,0.0,0.080183,0.000000,false
A8,24,RA1,Rural area 1,Switzerland,NU,Mobile DL 700 MHz,0-109-44,true,7,0.000000,0.0,0.080183,0.000000,false
A8,24,RA1,Rural area 1,Switzerland,NU,Mobile DL 800 MHz,35-139-69,true,7,0.080183,1.0,0.080183,0.000000,true
A8,24,RA1,Rural area 1,Switzerland,NU,Mobile DL 900 MHz,65-174-118,true,7,0.000000,0.0,0.080183,0.000000,false
A8,24,RA1,Rural area 1,Switzerland,NU,Mobile DL 1.4 GHz,102-194-164,true,7,0.000000,0.0,0.080183,0.000000,false
A8,24,RA1,Rural area 1,Switzerland,NU,Mobile DL 1.8 GHz,153-216-201,true,7,0.080183,1.0,0.080183,0.000000,true
A8,24,RA1,Rural area 1,Switzerland,NU,Mobile DL 2.1 GHz,204-236-230,true,7,0.000000,0.0,0.080183,0.000000,false
A8,24,RA1,Rural area 1,Switzerland,NU,Mobile DL 2.6 GHz,229-245-249,true,7,0.000000,0.0,0.080183,0.000000,false
A8,24,RA1,Rural area 1,UK,NU,Broadcast,189-189-189,true,10,0.000000,0.0,0.080183,0.000000,false
A8,24,RA1,Rural area 1,UK,NU,DECT,254-196-79,true,10,0.000000,0.0,0.080183,0.000000,false
A8,24,RA1,Rural area 1,UK,NU,WiFi 5 GHz,158-154-200,true,10,0.000000,0.0,0.080183,0.000000,false
A8,24,RA1,Rural area 1,UK,NU,ISM/WiFi 2.4 GHz,117-107-177,true,10,0.000000,0.0,0.080183,0.000000,false
A8,24,RA1,Rural area 1,UK,NU,Mobile UL 700 MHz,8-48-107,true,10,0.000000,0.0,0.080183,0.000000,false
A8,24,RA1,Rural area 1,UK,NU,Mobile UL 800 MHz,8-81-156,true,10,0.000000,0.0,0.080183,0.000000,false
A8,24,RA1,Rural area 1,UK,NU,Mobile UL 900 MHz,33-113-181,true,10,0.080183,1.0,0.080183,0.000000,true
A8,24,RA1,Rural area 1,UK,NU,Mobile UL 1.8 GHz,66-146-198,true,10,0.000000,0.0,0.080183,0.000000,false
A8,24,RA1,Rural area 1,UK,NU,Mobile UL 2.1 GHz,107-174-214,true,10,0.000000,0.0,0.080183,0.000000,false
A8,24,RA1,Rural area 1,UK,NU,Mobile UL 2.6 GHz,158-202-225,true,10,0.080183,1.0,0.080183,0.000000,true
A8,24,RA1,Rural area 1,UK,NU,Mobile TDD 2.6 GHz,247-104-161,true,10,0.000000,0.0,0.080183,0.000000,false
A8,24,RA1,Rural area 1,UK,NU,Mobile TDD 3.5 GHz,221-52-151,true,10,0.000000,0.0,0.080183,0.000000,false
A8,24,RA1,Rural area 1,UK,NU,Mobile SDL 700 MHz,0-68-27,true,10,0.000000,0.0,0.080183,0.000000,false
A8,24,RA1,Rural area 1,UK,NU,Mobile DL 700 MHz,0-109-44,true,10,0.000000,0.0,0.080183,0.000000,false
A8,24,RA1,Rural area 1,UK,NU,Mobile DL 800 MHz,35-139-69,true,10,0.000000,0.0,0.080183,0.000000,false
A8,24,RA1,Rural area 1,UK,NU,Mobile DL 900 MHz,65-174-118,true,10,0.000000,0.0,0.080183,0.000000,false
A8,24,RA1,Rural area 1,UK,NU,Mobile DL 1.4 GHz,102-194-164,true,10,0.080183,1.0,0.080183,0.000000,true
A8,24,RA1,Rural area 1,UK,NU,Mobile DL 1.8 GHz,153-216-201,true,10,0.080183,1.0,0.080183,0.000000,true
A8,24,RA1,Rural area 1,UK,NU,Mobile DL 2.1 GHz,204-236-230,true,10,0.000000,0.0,0.080183,0.000000,false
A8,24,RA1,Rural area 1,UK,NU,Mobile DL 2.6 GHz,229-245-249,true,10,0.000000,0.0,0.080183,0.000000,false
A8,24,RA1,Rural area 1,Austria,DL,Broadcast,189-189-189,false,0,,,0.080183,,false
A8,24,RA1,Rural area 1,Austria,DL,DECT,254-196-79,false,0,,,0.080183,,false
A8,24,RA1,Rural area 1,Austria,DL,WiFi 5 GHz,158-154-200,false,0,,,0.080183,,false
A8,24,RA1,Rural area 1,Austria,DL,ISM/WiFi 2.4 GHz,117-107-177,false,0,,,0.080183,,false
A8,24,RA1,Rural area 1,Austria,DL,Mobile UL 700 MHz,8-48-107,false,0,,,0.080183,,false
A8,24,RA1,Rural area 1,Austria,DL,Mobile UL 800 MHz,8-81-156,false,0,,,0.080183,,false
A8,24,RA1,Rural area 1,Austria,DL,Mobile UL 900 MHz,33-113-181,false,0,,,0.080183,,false
A8,24,RA1,Rural area 1,Austria,DL,Mobile UL 1.8 GHz,66-146-198,false,0,,,0.080183,,false
A8,24,RA1,Rural area 1,Austria,DL,Mobile UL 2.1 GHz,107-174-214,false,0,,,0.080183,,false
A8,24,RA1,Rural area 1,Austria,DL,Mobile UL 2.6 GHz,158-202-225,false,0,,,0.080183,,false
A8,24,RA1,Rural area 1,Austria,DL,Mobile TDD 2.6 GHz,247-104-161,false,0,,,0.080183,,false
A8,24,RA1,Rural area 1,Austria,DL,Mobile TDD 3.5 GHz,221-52-151,false,0,,,0.080183,,false
A8,24,RA1,Rural area 1,Austria,DL,Mobile SDL 700 MHz,0-68-27,false,0,,,0.080183,,false
A8,24,RA1,Rural area 1,Austria,DL,Mobile DL 700 MHz,0-109-44,false,0,,,0.080183,,false
A8,24,RA1,Rural area 1,Austria,DL,Mobile DL 800 MHz,35-139-69,false,0,,,0.080183,,false
A8,24,RA1,Rural area 1,Austria,DL,Mobile DL 900 MHz,65-174-118,false,0,,,0.080183,,false
A8,24,RA1,Rural area 1,Austria,DL,Mobile DL 1.4 GHz,102-194-164,false,0,,,0.080183,,false
A8,24,RA1,Rural area 1,Austria,DL,Mobile DL 1.8 GHz,153-216-201,false,0,,,0.080183,,false
A8,24,RA1,Rural area 1,Austria,DL,Mobile DL 2.1 GHz,204-236-230,false,0,,,0.080183,,false
A8,24,RA1,Rural area 1,Austria,DL,Mobile DL 2.6 GHz,229-245-249,false,0,,,0.080183,,false
A8,24,RA1,Rural area 1,Belgium,DL,Broadcast,189-189-189,true,7,0.000000,0.0,0.080183,0.000000,false
A8,24,RA1,Rural area 1,Belgium,DL,DECT,254-196-79,true,7,0.000000,0.0,0.080183,0.000000,false
A8,24,RA1,Rural area 1,Belgium,DL,WiFi 5 GHz,158-154-200,true,7,0.000000,0.0,0.080183,0.000000,false
A8,24,RA1,Rural area 1,Belgium,DL,ISM/WiFi 2.4 GHz,117-107-177,true,7,0.000000,0.0,0.080183,0.000000,false
A8,24,RA1,Rural area 1,Belgium,DL,Mobile UL 700 MHz,8-48-107,true,7,0.000000,0.0,0.080183,0.000000,false
A8,24,RA1,Rural area 1,Belgium,DL,Mobile UL 800 MHz,8-81-156,true,7,0.400916,5.0,0.080183,0.000000,true
A8,24,RA1,Rural area 1,Belgium,DL,Mobile UL 900 MHz,33-113-181,true,7,0.160367,2.0,0.080183,0.000000,true
A8,24,RA1,Rural area 1,Belgium,DL,Mobile UL 1.8 GHz,66-146-198,true,7,1.202749,15.0,0.080183,0.000000,true
A8,24,RA1,Rural area 1,Belgium,DL,Mobile UL 2.1 GHz,107-174-214,true,7,0.240550,3.0,0.080183,0.000000,true
A8,24,RA1,Rural area 1,Belgium,DL,Mobile UL 2.6 GHz,158-202-225,true,7,0.641466,8.0,0.080183,0.000000,true
A8,24,RA1,Rural area 1,Belgium,DL,Mobile TDD 2.6 GHz,247-104-161,true,7,0.000000,0.0,0.080183,0.000000,false
A8,24,RA1,Rural area 1,Belgium,DL,Mobile TDD 3.5 GHz,221-52-151,true,7,0.080183,1.0,0.080183,0.000000,true
A8,24,RA1,Rural area 1,Belgium,DL,Mobile SDL 700 MHz,0-68-27,true,7,0.000000,0.0,0.080183,0.000000,false
A8,24,RA1,Rural area 1,Belgium,DL,Mobile DL 700 MHz,0-109-44,true,7,0.000000,0.0,0.080183,0.000000,false
A8,24,RA1,Rural area 1,Belgium,DL,Mobile DL 800 MHz,35-139-69,true,7,0.080183,1.0,0.080183,0.000000,true
A8,24,RA1,Rural area 1,Belgium,DL,Mobile DL 900 MHz,65-174-118,true,7,0.000000,0.0,0.080183,0.000000,false
A8,24,RA1,Rural area 1,Belgium,DL,Mobile DL 1.4 GHz,102-194-164,true,7,0.000000,0.0,0.080183,0.000000,false
A8,24,RA1,Rural area 1,Belgium,DL,Mobile DL 1.8 GHz,153-216-201,true,7,0.080183,1.0,0.080183,0.000000,true
A8,24,RA1,Rural area 1,Belgium,DL,Mobile DL 2.1 GHz,204-236-230,true,7,0.000000,0.0,0.080183,0.000000,false
A8,24,RA1,Rural area 1,Belgium,DL,Mobile DL 2.6 GHz,229-245-249,true,7,0.000000,0.0,0.080183,0.000000,false
A8,24,RA1,Rural area 1,France,DL,Broadcast,189-189-189,true,10,0.000000,0.0,0.080183,0.000000,false
A8,24,RA1,Rural area 1,France,DL,DECT,254-196-79,true,10,0.000000,0.0,0.080183,0.000000,false
A8,24,RA1,Rural area 1,France,DL,WiFi 5 GHz,158-154-200,true,10,0.000000,0.0,0.080183,0.000000,false
A8,24,RA1,Rural area 1,France,DL,ISM/WiFi 2.4 GHz,117-107-177,true,10,0.000000,0.0,0.080183,0.000000,false
A8,24,RA1,Rural area 1,France,DL,Mobile UL 700 MHz,8-48-107,true,10,0.000000,0.0,0.080183,0.000000,false
A8,24,RA1,Rural area 1,France,DL,Mobile UL 800 MHz,8-81-156,true,10,0.000000,0.0,0.080183,0.000000,false
A8,24,RA1,Rural area 1,France,DL,Mobile UL 900 MHz,33-113-181,true,10,0.080183,1.0,0.080183,0.000000,true
A8,24,RA1,Rural area 1,France,DL,Mobile UL 1.8 GHz,66-146-198,true,10,0.320733,4.0,0.080183,0.000000,true
A8,24,RA1,Rural area 1,France,DL,Mobile UL 2.1 GHz,107-174-214,true,10,0.882016,11.0,0.080183,0.000000,true
A8,24,RA1,Rural area 1,France,DL,Mobile UL 2.6 GHz,158-202-225,true,10,0.962199,12.0,0.080183,0.000000,true
A8,24,RA1,Rural area 1,France,DL,Mobile TDD 2.6 GHz,247-104-161,true,10,0.080183,1.0,0.080183,0.000000,true
A8,24,RA1,Rural area 1,France,DL,Mobile TDD 3.5 GHz,221-52-151,true,10,2.565865,32.0,0.080183,0.000000,true
A8,24,RA1,Rural area 1,France,DL,Mobile SDL 700 MHz,0-68-27,true,10,0.000000,0.0,0.080183,0.000000,false
A8,24,RA1,Rural area 1,France,DL,Mobile DL 700 MHz,0-109-44,true,10,0.000000,0.0,0.080183,0.000000,false
A8,24,RA1,Rural area 1,France,DL,Mobile DL 800 MHz,35-139-69,true,10,0.080183,1.0,0.080183,0.000000,true
A8,24,RA1,Rural area 1,France,DL,Mobile DL 900 MHz,65-174-118,true,10,0.000000,0.0,0.080183,0.000000,false
A8,24,RA1,Rural area 1,France,DL,Mobile DL 1.4 GHz,102-194-164,true,10,0.000000,0.0,0.080183,0.000000,false
A8,24,RA1,Rural area 1,France,DL,Mobile DL 1.8 GHz,153-216-201,true,10,0.080183,1.0,0.080183,0.000000,true
A8,24,RA1,Rural area 1,France,DL,Mobile DL 2.1 GHz,204-236-230,true,10,0.080183,1.0,0.080183,0.000000,true
A8,24,RA1,Rural area 1,France,DL,Mobile DL 2.6 GHz,229-245-249,true,10,0.000000,0.0,0.080183,0.000000,false
A8,24,RA1,Rural area 1,Hungary,DL,Broadcast,189-189-189,true,6,0.000000,0.0,0.080183,0.000000,false
A8,24,RA1,Rural area 1,Hungary,DL,DECT,254-196-79,true,6,0.000000,0.0,0.080183,0.000000,false
A8,24,RA1,Rural area 1,Hungary,DL,WiFi 5 GHz,158-154-200,true,6,0.000000,0.0,0.080183,0.000000,false
A8,24,RA1,Rural area 1,Hungary,DL,ISM/WiFi 2.4 GHz,117-107-177,true,6,0.080183,1.0,0.080183,0.000000,true
A8,24,RA1,Rural area 1,Hungary,DL,Mobile UL 700 MHz,8-48-107,true,6,0.320733,4.0,0.080183,0.000000,true
A8,24,RA1,Rural area 1,Hungary,DL,Mobile UL 800 MHz,8-81-156,true,6,0.160367,2.0,0.080183,0.000000,true
A8,24,RA1,Rural area 1,Hungary,DL,Mobile UL 900 MHz,33-113-181,true,6,0.080183,1.0,0.080183,0.000000,true
A8,24,RA1,Rural area 1,Hungary,DL,Mobile UL 1.8 GHz,66-146-198,true,6,0.240550,3.0,0.080183,0.000000,true
A8,24,RA1,Rural area 1,Hungary,DL,Mobile UL 2.1 GHz,107-174-214,true,6,0.000000,0.0,0.080183,0.000000,false
A8,24,RA1,Rural area 1,Hungary,DL,Mobile UL 2.6 GHz,158-202-225,true,6,0.000000,0.0,0.080183,0.000000,false
A8,24,RA1,Rural area 1,Hungary,DL,Mobile TDD 2.6 GHz,247-104-161,true,6,0.000000,0.0,0.080183,0.000000,false
A8,24,RA1,Rural area 1,Hungary,DL,Mobile TDD 3.5 GHz,221-52-151,true,6,0.000000,0.0,0.080183,0.000000,false
A8,24,RA1,Rural area 1,Hungary,DL,Mobile SDL 700 MHz,0-68-27,true,6,0.000000,0.0,0.080183,0.000000,false
A8,24,RA1,Rural area 1,Hungary,DL,Mobile DL 700 MHz,0-109-44,true,6,0.000000,0.0,0.080183,0.000000,false
A8,24,RA1,Rural area 1,Hungary,DL,Mobile DL 800 MHz,35-139-69,true,6,0.000000,0.0,0.080183,0.000000,false
A8,24,RA1,Rural area 1,Hungary,DL,Mobile DL 900 MHz,65-174-118,true,6,0.000000,0.0,0.080183,0.000000,false
A8,24,RA1,Rural area 1,Hungary,DL,Mobile DL 1.4 GHz,102-194-164,true,6,0.160367,2.0,0.080183,0.000000,true
A8,24,RA1,Rural area 1,Hungary,DL,Mobile DL 1.8 GHz,153-216-201,true,6,0.000000,0.0,0.080183,0.000000,false
A8,24,RA1,Rural area 1,Hungary,DL,Mobile DL 2.1 GHz,204-236-230,true,6,0.000000,0.0,0.080183,0.000000,false
A8,24,RA1,Rural area 1,Hungary,DL,Mobile DL 2.6 GHz,229-245-249,true,6,0.000000,0.0,0.080183,0.000000,false
A8,24,RA1,Rural area 1,Italy,DL,Broadcast,189-189-189,true,6,0.000000,0.0,0.080183,0.000000,false
A8,24,RA1,Rural area 1,Italy,DL,DECT,254-196-79,true,6,0.000000,0.0,0.080183,0.000000,false
A8,24,RA1,Rural area 1,Italy,DL,WiFi 5 GHz,158-154-200,true,6,0.000000,0.0,0.080183,0.000000,false
A8,24,RA1,Rural area 1,Italy,DL,ISM/WiFi 2.4 GHz,117-107-177,true,6,0.000000,0.0,0.080183,0.000000,false
A8,24,RA1,Rural area 1,Italy,DL,Mobile UL 700 MHz,8-48-107,true,6,0.000000,0.0,0.080183,0.000000,false
A8,24,RA1,Rural area 1,Italy,DL,Mobile UL 800 MHz,8-81-156,true,6,0.882016,11.0,0.080183,0.000000,true
A8,24,RA1,Rural area 1,Italy,DL,Mobile UL 900 MHz,33-113-181,true,6,0.000000,0.0,0.080183,0.000000,false
A8,24,RA1,Rural area 1,Italy,DL,Mobile UL 1.8 GHz,66-146-198,true,6,4.570447,57.0,0.080183,0.000000,true
A8,24,RA1,Rural area 1,Italy,DL,Mobile UL 2.1 GHz,107-174-214,true,6,1.844215,23.0,0.080183,0.000000,true
A8,24,RA1,Rural area 1,Italy,DL,Mobile UL 2.6 GHz,158-202-225,true,6,0.000000,0.0,0.080183,0.000000,false
A8,24,RA1,Rural area 1,Italy,DL,Mobile TDD 2.6 GHz,247-104-161,true,6,0.000000,0.0,0.080183,0.000000,false
A8,24,RA1,Rural area 1,Italy,DL,Mobile TDD 3.5 GHz,221-52-151,true,6,0.000000,0.0,0.080183,0.000000,false
A8,24,RA1,Rural area 1,Italy,DL,Mobile SDL 700 MHz,0-68-27,true,6,0.000000,0.0,0.080183,0.000000,false
A8,24,RA1,Rural area 1,Italy,DL,Mobile DL 700 MHz,0-109-44,true,6,0.000000,0.0,0.080183,0.000000,false
A8,24,RA1,Rural area 1,Italy,DL,Mobile DL 800 MHz,35-139-69,true,6,0.000000,0.0,0.080183,0.000000,false
A8,24,RA1,Rural area 1,Italy,DL,Mobile DL 900 MHz,65-174-118,true,6,0.000000,0.0,0.080183,0.000000,false
A8,24,RA1,Rural area 1,Italy,DL,Mobile DL 1.4 GHz,102-194-164,true,6,0.080183,1.0,0.080183,0.000000,true
A8,24,RA1,Rural area 1,Italy,DL,Mobile DL 1.8 GHz,153-216-201,true,6,0.080183,1.0,0.080183,0.000000,true
A8,24,RA1,Rural area 1,Italy,DL,Mobile DL 2.1 GHz,204-236-230,true,6,0.000000,0.0,0.080183,0.000000,false
A8,24,RA1,Rural area 1,Italy,DL,Mobile DL 2.6 GHz,229-245-249,true,6,0.080183,1.0,0.080183,0.000000,true
A8,24,RA1,Rural area 1,Netherlands,DL,Broadcast,189-189-189,true,3,0.000000,0.0,0.080183,0.000000,false
A8,24,RA1,Rural area 1,Netherlands,DL,DECT,254-196-79,true,3,0.000000,0.0,0.080183,0.000000,false
A8,24,RA1,Rural area 1,Netherlands,DL,WiFi 5 GHz,158-154-200,true,3,0.000000,0.0,0.080183,0.000000,false
A8,24,RA1,Rural area 1,Netherlands,DL,ISM/WiFi 2.4 GHz,117-107-177,true,3,0.000000,0.0,0.080183,0.000000,false
A8,24,RA1,Rural area 1,Netherlands,DL,Mobile UL 700 MHz,8-48-107,true,3,0.000000,0.0,0.080183,0.000000,false
A8,24,RA1,Rural area 1,Netherlands,DL,Mobile UL 800 MHz,8-81-156,true,3,0.962199,12.0,0.080183,0.000000,true
A8,24,RA1,Rural area 1,Netherlands,DL,Mobile UL 900 MHz,33-113-181,true,3,0.000000,0.0,0.080183,0.000000,false
A8,24,RA1,Rural area 1,Netherlands,DL,Mobile UL 1.8 GHz,66-146-198,true,3,44.421535,554.0,0.080183,0.000000,true
A8,24,RA1,Rural area 1,Netherlands,DL,Mobile UL 2.1 GHz,107-174-214,true,3,0.000000,0.0,0.080183,0.000000,false
A8,24,RA1,Rural area 1,Netherlands,DL,Mobile UL 2.6 GHz,158-202-225,true,3,0.000000,0.0,0.080183,0.000000,false
A8,24,RA1,Rural area 1,Netherlands,DL,Mobile TDD 2.6 GHz,247-104-161,true,3,0.000000,0.0,0.080183,0.000000,false
A8,24,RA1,Rural area 1,Netherlands,DL,Mobile TDD 3.5 GHz,221-52-151,true,3,0.000000,0.0,0.080183,0.000000,false
A8,24,RA1,Rural area 1,Netherlands,DL,Mobile SDL 700 MHz,0-68-27,true,3,0.000000,0.0,0.080183,0.000000,false
A8,24,RA1,Rural area 1,Netherlands,DL,Mobile DL 700 MHz,0-109-44,true,3,0.000000,0.0,0.080183,0.000000,false
A8,24,RA1,Rural area 1,Netherlands,DL,Mobile DL 800 MHz,35-139-69,true,3,0.080183,1.0,0.080183,0.000000,true
A8,24,RA1,Rural area 1,Netherlands,DL,Mobile DL 900 MHz,65-174-118,true,3,0.160367,2.0,0.080183,0.000000,true
A8,24,RA1,Rural area 1,Netherlands,DL,Mobile DL 1.4 GHz,102-194-164,true,3,0.080183,1.0,0.080183,0.000000,true
A8,24,RA1,Rural area 1,Netherlands,DL,Mobile DL 1.8 GHz,153-216-201,true,3,0.000000,0.0,0.080183,0.000000,false
A8,24,RA1,Rural area 1,Netherlands,DL,Mobile DL 2.1 GHz,204-236-230,true,3,0.080183,1.0,0.080183,0.000000,true
A8,24,RA1,Rural area 1,Netherlands,DL,Mobile DL 2.6 GHz,229-245-249,true,3,0.000000,0.0,0.080183,0.000000,false
A8,24,RA1,Rural area 1,Poland,DL,Broadcast,189-189-189,true,5,0.000000,0.0,0.080183,0.000000,false
A8,24,RA1,Rural area 1,Poland,DL,DECT,254-196-79,true,5,0.000000,0.0,0.080183,0.000000,false
A8,24,RA1,Rural area 1,Poland,DL,WiFi 5 GHz,158-154-200,true,5,0.000000,0.0,0.080183,0.000000,false
A8,24,RA1,Rural area 1,Poland,DL,ISM/WiFi 2.4 GHz,117-107-177,true,5,0.000000,0.0,0.080183,0.000000,false
A8,24,RA1,Rural area 1,Poland,DL,Mobile UL 700 MHz,8-48-107,true,5,0.000000,0.0,0.080183,0.000000,false
A8,24,RA1,Rural area 1,Poland,DL,Mobile UL 800 MHz,8-81-156,true,5,0.000000,0.0,0.080183,0.000000,false
A8,24,RA1,Rural area 1,Poland,DL,Mobile UL 900 MHz,33-113-181,true,5,0.160367,2.0,0.080183,0.000000,true
A8,24,RA1,Rural area 1,Poland,DL,Mobile UL 1.8 GHz,66-146-198,true,5,0.160367,2.0,0.080183,0.000000,true
A8,24,RA1,Rural area 1,Poland,DL,Mobile UL 2.1 GHz,107-174-214,true,5,0.160367,2.0,0.080183,0.000000,true
A8,24,RA1,Rural area 1,Poland,DL,Mobile UL 2.6 GHz,158-202-225,true,5,0.080183,1.0,0.080183,0.000000,true
A8,24,RA1,Rural area 1,Poland,DL,Mobile TDD 2.6 GHz,247-104-161,true,5,0.000000,0.0,0.080183,0.000000,false
A8,24,RA1,Rural area 1,Poland,DL,Mobile TDD 3.5 GHz,221-52-151,true,5,0.000000,0.0,0.080183,0.000000,false
A8,24,RA1,Rural area 1,Poland,DL,Mobile SDL 700 MHz,0-68-27,true,5,0.000000,0.0,0.080183,0.000000,false
A8,24,RA1,Rural area 1,Poland,DL,Mobile DL 700 MHz,0-109-44,true,5,0.000000,0.0,0.080183,0.000000,false
A8,24,RA1,Rural area 1,Poland,DL,Mobile DL 800 MHz,35-139-69,true,5,0.000000,0.0,0.080183,0.000000,false
A8,24,RA1,Rural area 1,Poland,DL,Mobile DL 900 MHz,65-174-118,true,5,0.000000,0.0,0.080183,0.000000,false
A8,24,RA1,Rural area 1,Poland,DL,Mobile DL 1.4 GHz,102-194-164,true,5,0.000000,0.0,0.080183,0.000000,false
A8,24,RA1,Rural area 1,Poland,DL,Mobile DL 1.8 GHz,153-216-201,true,5,0.000000,0.0,0.080183,0.000000,false
A8,24,RA1,Rural area 1,Poland,DL,Mobile DL 2.1 GHz,204-236-230,true,5,0.080183,1.0,0.080183,0.000000,true
A8,24,RA1,Rural area 1,Poland,DL,Mobile DL 2.6 GHz,229-245-249,true,5,0.000000,0.0,0.080183,0.000000,false
A8,24,RA1,Rural area 1,Spain,DL,Broadcast,189-189-189,false,0,,,0.080183,,false
A8,24,RA1,Rural area 1,Spain,DL,DECT,254-196-79,false,0,,,0.080183,,false
A8,24,RA1,Rural area 1,Spain,DL,WiFi 5 GHz,158-154-200,false,0,,,0.080183,,false
A8,24,RA1,Rural area 1,Spain,DL,ISM/WiFi 2.4 GHz,117-107-177,false,0,,,0.080183,,false
A8,24,RA1,Rural area 1,Spain,DL,Mobile UL 700 MHz,8-48-107,false,0,,,0.080183,,false
A8,24,RA1,Rural area 1,Spain,DL,Mobile UL 800 MHz,8-81-156,false,0,,,0.080183,,false
A8,24,RA1,Rural area 1,Spain,DL,Mobile UL 900 MHz,33-113-181,false,0,,,0.080183,,false
A8,24,RA1,Rural area 1,Spain,DL,Mobile UL 1.8 GHz,66-146-198,false,0,,,0.080183,,false
A8,24,RA1,Rural area 1,Spain,DL,Mobile UL 2.1 GHz,107-174-214,false,0,,,0.080183,,false
A8,24,RA1,Rural area 1,Spain,DL,Mobile UL 2.6 GHz,158-202-225,false,0,,,0.080183,,false
A8,24,RA1,Rural area 1,Spain,DL,Mobile TDD 2.6 GHz,247-104-161,false,0,,,0.080183,,false
A8,24,RA1,Rural area 1,Spain,DL,Mobile TDD 3.5 GHz,221-52-151,false,0,,,0.080183,,false
A8,24,RA1,Rural area 1,Spain,DL,Mobile SDL 700 MHz,0-68-27,false,0,,,0.080183,,false
A8,24,RA1,Rural area 1,Spain,DL,Mobile DL 700 MHz,0-109-44,false,0,,,0.080183,,false
A8,24,RA1,Rural area 1,Spain,DL,Mobile DL 800 MHz,35-139-69,false,0,,,0.080183,,false
A8,24,RA1,Rural area 1,Spain,DL,Mobile DL 900 MHz,65-174-118,false,0,,,0.080183,,false
A8,24,RA1,Rural area 1,Spain,DL,Mobile DL 1.4 GHz,102-194-164,false,0,,,0.080183,,false
A8,24,RA1,Rural area 1,Spain,DL,Mobile DL 1.8 GHz,153-216-201,false,0,,,0.080183,,false
A8,24,RA1,Rural area 1,Spain,DL,Mobile DL 2.1 GHz,204-236-230,false,0,,,0.080183,,false
A8,24,RA1,Rural area 1,Spain,DL,Mobile DL 2.6 GHz,229-245-249,false,0,,,0.080183,,false
A8,24,RA1,Rural area 1,Switzerland,DL,Broadcast,189-189-189,true,5,0.080183,1.0,0.080183,0.000000,true
A8,24,RA1,Rural area 1,Switzerland,DL,DECT,254-196-79,true,5,0.000000,0.0,0.080183,0.000000,false
A8,24,RA1,Rural area 1,Switzerland,DL,WiFi 5 GHz,158-154-200,true,5,0.080183,1.0,0.080183,0.000000,true
A8,24,RA1,Rural area 1,Switzerland,DL,ISM/WiFi 2.4 GHz,117-107-177,true,5,0.000000,0.0,0.080183,0.000000,false
A8,24,RA1,Rural area 1,Switzerland,DL,Mobile UL 700 MHz,8-48-107,true,5,0.080183,1.0,0.080183,0.000000,true
A8,24,RA1,Rural area 1,Switzerland,DL,Mobile UL 800 MHz,8-81-156,true,5,0.000000,0.0,0.080183,0.000000,false
A8,24,RA1,Rural area 1,Switzerland,DL,Mobile UL 900 MHz,33-113-181,true,5,0.000000,0.0,0.080183,0.000000,false
A8,24,RA1,Rural area 1,Switzerland,DL,Mobile UL 1.8 GHz,66-146-198,true,5,0.000000,0.0,0.080183,0.000000,false
A8,24,RA1,Rural area 1,Switzerland,DL,Mobile UL 2.1 GHz,107-174-214,true,5,3.287514,41.0,0.080183,0.000000,true
A8,24,RA1,Rural area 1,Switzerland,DL,Mobile UL 2.6 GHz,158-202-225,true,5,0.000000,0.0,0.080183,0.000000,false
A8,24,RA1,Rural area 1,Switzerland,DL,Mobile TDD 2.6 GHz,247-104-161,true,5,0.000000,0.0,0.080183,0.000000,false
A8,24,RA1,Rural area 1,Switzerland,DL,Mobile TDD 3.5 GHz,221-52-151,true,5,2.004582,25.0,0.080183,0.000000,true
A8,24,RA1,Rural area 1,Switzerland,DL,Mobile SDL 700 MHz,0-68-27,true,5,0.000000,0.0,0.080183,0.000000,false
A8,24,RA1,Rural area 1,Switzerland,DL,Mobile DL 700 MHz,0-109-44,true,5,0.000000,0.0,0.080183,0.000000,false
A8,24,RA1,Rural area 1,Switzerland,DL,Mobile DL 800 MHz,35-139-69,true,5,0.080183,1.0,0.080183,0.000000,true
A8,24,RA1,Rural area 1,Switzerland,DL,Mobile DL 900 MHz,65-174-118,true,5,0.000000,0.0,0.080183,0.000000,false
A8,24,RA1,Rural area 1,Switzerland,DL,Mobile DL 1.4 GHz,102-194-164,true,5,0.080183,1.0,0.080183,0.000000,true
A8,24,RA1,Rural area 1,Switzerland,DL,Mobile DL 1.8 GHz,153-216-201,true,5,0.000000,0.0,0.080183,0.000000,false
A8,24,RA1,Rural area 1,Switzerland,DL,Mobile DL 2.1 GHz,204-236-230,true,5,0.080183,1.0,0.080183,0.000000,true
A8,24,RA1,Rural area 1,Switzerland,DL,Mobile DL 2.6 GHz,229-245-249,true,5,0.000000,0.0,0.080183,0.000000,false
A8,24,RA1,Rural area 1,UK,DL,Broadcast,189-189-189,true,7,0.000000,0.0,0.080183,0.000000,false
A8,24,RA1,Rural area 1,UK,DL,DECT,254-196-79,true,7,0.000000,0.0,0.080183,0.000000,false
A8,24,RA1,Rural area 1,UK,DL,WiFi 5 GHz,158-154-200,true,7,0.000000,0.0,0.080183,0.000000,false
A8,24,RA1,Rural area 1,UK,DL,ISM/WiFi 2.4 GHz,117-107-177,true,7,0.000000,0.0,0.080183,0.000000,false
A8,24,RA1,Rural area 1,UK,DL,Mobile UL 700 MHz,8-48-107,true,7,0.000000,0.0,0.080183,0.000000,false
A8,24,RA1,Rural area 1,UK,DL,Mobile UL 800 MHz,8-81-156,true,7,0.000000,0.0,0.080183,0.000000,false
A8,24,RA1,Rural area 1,UK,DL,Mobile UL 900 MHz,33-113-181,true,7,0.080183,1.0,0.080183,0.000000,true
A8,24,RA1,Rural area 1,UK,DL,Mobile UL 1.8 GHz,66-146-198,true,7,0.080183,1.0,0.080183,0.000000,true
A8,24,RA1,Rural area 1,UK,DL,Mobile UL 2.1 GHz,107-174-214,true,7,3.367698,42.0,0.080183,0.000000,true
A8,24,RA1,Rural area 1,UK,DL,Mobile UL 2.6 GHz,158-202-225,true,7,0.000000,0.0,0.080183,0.000000,false
A8,24,RA1,Rural area 1,UK,DL,Mobile TDD 2.6 GHz,247-104-161,true,7,0.000000,0.0,0.080183,0.000000,false
A8,24,RA1,Rural area 1,UK,DL,Mobile TDD 3.5 GHz,221-52-151,true,7,4.650630,58.0,0.080183,0.000000,true
A8,24,RA1,Rural area 1,UK,DL,Mobile SDL 700 MHz,0-68-27,true,7,0.000000,0.0,0.080183,0.000000,false
A8,24,RA1,Rural area 1,UK,DL,Mobile DL 700 MHz,0-109-44,true,7,0.000000,0.0,0.080183,0.000000,false
A8,24,RA1,Rural area 1,UK,DL,Mobile DL 800 MHz,35-139-69,true,7,0.080183,1.0,0.080183,0.000000,true
A8,24,RA1,Rural area 1,UK,DL,Mobile DL 900 MHz,65-174-118,true,7,0.080183,1.0,0.080183,0.000000,true
A8,24,RA1,Rural area 1,UK,DL,Mobile DL 1.4 GHz,102-194-164,true,7,0.000000,0.0,0.080183,0.000000,false
A8,24,RA1,Rural area 1,UK,DL,Mobile DL 1.8 GHz,153-216-201,true,7,0.000000,0.0,0.080183,0.000000,false
A8,24,RA1,Rural area 1,UK,DL,Mobile DL 2.1 GHz,204-236-230,true,7,0.080183,1.0,0.080183,0.000000,true
A8,24,RA1,Rural area 1,UK,DL,Mobile DL 2.6 GHz,229-245-249,true,7,0.000000,0.0,0.080183,0.000000,false
A8,24,RA1,Rural area 1,Austria,UL,Broadcast,189-189-189,false,0,,,0.080183,,false
A8,24,RA1,Rural area 1,Austria,UL,DECT,254-196-79,false,0,,,0.080183,,false
A8,24,RA1,Rural area 1,Austria,UL,WiFi 5 GHz,158-154-200,false,0,,,0.080183,,false
A8,24,RA1,Rural area 1,Austria,UL,ISM/WiFi 2.4 GHz,117-107-177,false,0,,,0.080183,,false
A8,24,RA1,Rural area 1,Austria,UL,Mobile UL 700 MHz,8-48-107,false,0,,,0.080183,,false
A8,24,RA1,Rural area 1,Austria,UL,Mobile UL 800 MHz,8-81-156,false,0,,,0.080183,,false
A8,24,RA1,Rural area 1,Austria,UL,Mobile UL 900 MHz,33-113-181,false,0,,,0.080183,,false
A8,24,RA1,Rural area 1,Austria,UL,Mobile UL 1.8 GHz,66-146-198,false,0,,,0.080183,,false
A8,24,RA1,Rural area 1,Austria,UL,Mobile UL 2.1 GHz,107-174-214,false,0,,,0.080183,,false
A8,24,RA1,Rural area 1,Austria,UL,Mobile UL 2.6 GHz,158-202-225,false,0,,,0.080183,,false
A8,24,RA1,Rural area 1,Austria,UL,Mobile TDD 2.6 GHz,247-104-161,false,0,,,0.080183,,false
A8,24,RA1,Rural area 1,Austria,UL,Mobile TDD 3.5 GHz,221-52-151,false,0,,,0.080183,,false
A8,24,RA1,Rural area 1,Austria,UL,Mobile SDL 700 MHz,0-68-27,false,0,,,0.080183,,false
A8,24,RA1,Rural area 1,Austria,UL,Mobile DL 700 MHz,0-109-44,false,0,,,0.080183,,false
A8,24,RA1,Rural area 1,Austria,UL,Mobile DL 800 MHz,35-139-69,false,0,,,0.080183,,false
A8,24,RA1,Rural area 1,Austria,UL,Mobile DL 900 MHz,65-174-118,false,0,,,0.080183,,false
A8,24,RA1,Rural area 1,Austria,UL,Mobile DL 1.4 GHz,102-194-164,false,0,,,0.080183,,false
A8,24,RA1,Rural area 1,Austria,UL,Mobile DL 1.8 GHz,153-216-201,false,0,,,0.080183,,false
A8,24,RA1,Rural area 1,Austria,UL,Mobile DL 2.1 GHz,204-236-230,false,0,,,0.080183,,false
A8,24,RA1,Rural area 1,Austria,UL,Mobile DL 2.6 GHz,229-245-249,false,0,,,0.080183,,false
A8,24,RA1,Rural area 1,Belgium,UL,Broadcast,189-189-189,true,6,0.000000,0.0,0.080183,0.000000,false
A8,24,RA1,Rural area 1,Belgium,UL,DECT,254-196-79,true,6,0.000000,0.0,0.080183,0.000000,false
A8,24,RA1,Rural area 1,Belgium,UL,WiFi 5 GHz,158-154-200,true,6,0.080183,1.0,0.080183,0.000000,true
A8,24,RA1,Rural area 1,Belgium,UL,ISM/WiFi 2.4 GHz,117-107-177,true,6,0.000000,0.0,0.080183,0.000000,false
A8,24,RA1,Rural area 1,Belgium,UL,Mobile UL 700 MHz,8-48-107,true,6,0.000000,0.0,0.080183,0.000000,false
A8,24,RA1,Rural area 1,Belgium,UL,Mobile UL 800 MHz,8-81-156,true,6,2.646048,33.0,0.080183,0.000000,true
A8,24,RA1,Rural area 1,Belgium,UL,Mobile UL 900 MHz,33-113-181,true,6,0.160367,2.0,0.080183,0.000000,true
A8,24,RA1,Rural area 1,Belgium,UL,Mobile UL 1.8 GHz,66-146-198,true,6,3.367698,42.0,0.080183,0.000000,true
A8,24,RA1,Rural area 1,Belgium,UL,Mobile UL 2.1 GHz,107-174-214,true,6,3.127148,39.0,0.080183,0.000000,true
A8,24,RA1,Rural area 1,Belgium,UL,Mobile UL 2.6 GHz,158-202-225,true,6,26.380298,329.0,0.080183,0.000000,true
A8,24,RA1,Rural area 1,Belgium,UL,Mobile TDD 2.6 GHz,247-104-161,true,6,0.000000,0.0,0.080183,0.000000,false
A8,24,RA1,Rural area 1,Belgium,UL,Mobile TDD 3.5 GHz,221-52-151,true,6,0.000000,0.0,0.080183,0.000000,false
A8,24,RA1,Rural area 1,Belgium,UL,Mobile SDL 700 MHz,0-68-27,true,6,0.000000,0.0,0.080183,0.000000,false
A8,24,RA1,Rural area 1,Belgium,UL,Mobile DL 700 MHz,0-109-44,true,6,0.000000,0.0,0.080183,0.000000,false
A8,24,RA1,Rural area 1,Belgium,UL,Mobile DL 800 MHz,35-139-69,true,6,0.080183,1.0,0.080183,0.000000,true
A8,24,RA1,Rural area 1,Belgium,UL,Mobile DL 900 MHz,65-174-118,true,6,0.000000,0.0,0.080183,0.000000,false
A8,24,RA1,Rural area 1,Belgium,UL,Mobile DL 1.4 GHz,102-194-164,true,6,0.080183,1.0,0.080183,0.000000,true
A8,24,RA1,Rural area 1,Belgium,UL,Mobile DL 1.8 GHz,153-216-201,true,6,0.000000,0.0,0.080183,0.000000,false
A8,24,RA1,Rural area 1,Belgium,UL,Mobile DL 2.1 GHz,204-236-230,true,6,0.000000,0.0,0.080183,0.000000,false
A8,24,RA1,Rural area 1,Belgium,UL,Mobile DL 2.6 GHz,229-245-249,true,6,0.080183,1.0,0.080183,0.000000,true
A8,24,RA1,Rural area 1,France,UL,Broadcast,189-189-189,true,9,0.000000,0.0,0.080183,0.000000,false
A8,24,RA1,Rural area 1,France,UL,DECT,254-196-79,true,9,0.000000,0.0,0.080183,0.000000,false
A8,24,RA1,Rural area 1,France,UL,WiFi 5 GHz,158-154-200,true,9,0.080183,1.0,0.080183,0.000000,true
A8,24,RA1,Rural area 1,France,UL,ISM/WiFi 2.4 GHz,117-107-177,true,9,0.080183,1.0,0.080183,0.000000,true
A8,24,RA1,Rural area 1,France,UL,Mobile UL 700 MHz,8-48-107,true,9,0.000000,0.0,0.080183,0.000000,false
A8,24,RA1,Rural area 1,France,UL,Mobile UL 800 MHz,8-81-156,true,9,0.000000,0.0,0.080183,0.000000,false
A8,24,RA1,Rural area 1,France,UL,Mobile UL 900 MHz,33-113-181,true,9,0.000000,0.0,0.080183,0.000000,false
A8,24,RA1,Rural area 1,France,UL,Mobile UL 1.8 GHz,66-146-198,true,9,17.159221,214.0,0.080183,0.000000,true
A8,24,RA1,Rural area 1,France,UL,Mobile UL 2.1 GHz,107-174-214,true,9,16.758305,209.0,0.080183,0.000000,true
A8,24,RA1,Rural area 1,France,UL,Mobile UL 2.6 GHz,158-202-225,true,9,2.565865,32.0,0.080183,0.000000,true
A8,24,RA1,Rural area 1,France,UL,Mobile TDD 2.6 GHz,247-104-161,true,9,0.080183,1.0,0.080183,0.000000,true
A8,24,RA1,Rural area 1,France,UL,Mobile TDD 3.5 GHz,221-52-151,true,9,0.400916,5.0,0.080183,0.000000,true
A8,24,RA1,Rural area 1,France,UL,Mobile SDL 700 MHz,0-68-27,true,9,0.000000,0.0,0.080183,0.000000,false
A8,24,RA1,Rural area 1,France,UL,Mobile DL 700 MHz,0-109-44,true,9,0.000000,0.0,0.080183,0.000000,false
A8,24,RA1,Rural area 1,France,UL,Mobile DL 800 MHz,35-139-69,true,9,0.000000,0.0,0.080183,0.000000,false
A8,24,RA1,Rural area 1,France,UL,Mobile DL 900 MHz,65-174-118,true,9,0.000000,0.0,0.080183,0.000000,false
A8,24,RA1,Rural area 1,France,UL,Mobile DL 1.4 GHz,102-194-164,true,9,0.080183,1.0,0.080183,0.000000,true
A8,24,RA1,Rural area 1,France,UL,Mobile DL 1.8 GHz,153-216-201,true,9,0.000000,0.0,0.080183,0.000000,false
A8,24,RA1,Rural area 1,France,UL,Mobile DL 2.1 GHz,204-236-230,true,9,0.000000,0.0,0.080183,0.000000,false
A8,24,RA1,Rural area 1,France,UL,Mobile DL 2.6 GHz,229-245-249,true,9,0.000000,0.0,0.080183,0.000000,false
A8,24,RA1,Rural area 1,Hungary,UL,Broadcast,189-189-189,true,6,0.000000,0.0,0.080183,0.000000,false
A8,24,RA1,Rural area 1,Hungary,UL,DECT,254-196-79,true,6,0.000000,0.0,0.080183,0.000000,false
A8,24,RA1,Rural area 1,Hungary,UL,WiFi 5 GHz,158-154-200,true,6,0.080183,1.0,0.080183,0.000000,true
A8,24,RA1,Rural area 1,Hungary,UL,ISM/WiFi 2.4 GHz,117-107-177,true,6,0.000000,0.0,0.080183,0.000000,false
A8,24,RA1,Rural area 1,Hungary,UL,Mobile UL 700 MHz,8-48-107,true,6,2.084765,26.0,0.080183,0.000000,true
A8,24,RA1,Rural area 1,Hungary,UL,Mobile UL 800 MHz,8-81-156,true,6,1.042383,13.0,0.080183,0.000000,true
A8,24,RA1,Rural area 1,Hungary,UL,Mobile UL 900 MHz,33-113-181,true,6,0.000000,0.0,0.080183,0.000000,false
A8,24,RA1,Rural area 1,Hungary,UL,Mobile UL 1.8 GHz,66-146-198,true,6,2.886598,36.0,0.080183,0.000000,true
A8,24,RA1,Rural area 1,Hungary,UL,Mobile UL 2.1 GHz,107-174-214,true,6,0.080183,1.0,0.080183,0.000000,true
A8,24,RA1,Rural area 1,Hungary,UL,Mobile UL 2.6 GHz,158-202-225,true,6,0.000000,0.0,0.080183,0.000000,false
A8,24,RA1,Rural area 1,Hungary,UL,Mobile TDD 2.6 GHz,247-104-161,true,6,0.000000,0.0,0.080183,0.000000,false
A8,24,RA1,Rural area 1,Hungary,UL,Mobile TDD 3.5 GHz,221-52-151,true,6,0.000000,0.0,0.080183,0.000000,false
A8,24,RA1,Rural area 1,Hungary,UL,Mobile SDL 700 MHz,0-68-27,true,6,0.000000,0.0,0.080183,0.000000,false
A8,24,RA1,Rural area 1,Hungary,UL,Mobile DL 700 MHz,0-109-44,true,6,0.000000,0.0,0.080183,0.000000,false
A8,24,RA1,Rural area 1,Hungary,UL,Mobile DL 800 MHz,35-139-69,true,6,0.000000,0.0,0.080183,0.000000,false
A8,24,RA1,Rural area 1,Hungary,UL,Mobile DL 900 MHz,65-174-118,true,6,0.000000,0.0,0.080183,0.000000,false
A8,24,RA1,Rural area 1,Hungary,UL,Mobile DL 1.4 GHz,102-194-164,true,6,0.000000,0.0,0.080183,0.000000,false
A8,24,RA1,Rural area 1,Hungary,UL,Mobile DL 1.8 GHz,153-216-201,true,6,0.000000,0.0,0.080183,0.000000,false
A8,24,RA1,Rural area 1,Hungary,UL,Mobile DL 2.1 GHz,204-236-230,true,6,0.000000,0.0,0.080183,0.000000,false
A8,24,RA1,Rural area 1,Hungary,UL,Mobile DL 2.6 GHz,229-245-249,true,6,0.000000,0.0,0.080183,0.000000,false
A8,24,RA1,Rural area 1,Italy,UL,Broadcast,189-189-189,true,5,0.000000,0.0,0.080183,0.000000,false
A8,24,RA1,Rural area 1,Italy,UL,DECT,254-196-79,true,5,0.000000,0.0,0.080183,0.000000,false
A8,24,RA1,Rural area 1,Italy,UL,WiFi 5 GHz,158-154-200,true,5,0.000000,0.0,0.080183,0.000000,false
A8,24,RA1,Rural area 1,Italy,UL,ISM/WiFi 2.4 GHz,117-107-177,true,5,0.000000,0.0,0.080183,0.000000,false
A8,24,RA1,Rural area 1,Italy,UL,Mobile UL 700 MHz,8-48-107,true,5,0.000000,0.0,0.080183,0.000000,false
A8,24,RA1,Rural area 1,Italy,UL,Mobile UL 800 MHz,8-81-156,true,5,0.000000,0.0,0.080183,0.000000,false
A8,24,RA1,Rural area 1,Italy,UL,Mobile UL 900 MHz,33-113-181,true,5,0.000000,0.0,0.080183,0.000000,false
A8,24,RA1,Rural area 1,Italy,UL,Mobile UL 1.8 GHz,66-146-198,true,5,5.853379,73.0,0.080183,0.000000,true
A8,24,RA1,Rural area 1,Italy,UL,Mobile UL 2.1 GHz,107-174-214,true,5,0.000000,0.0,0.080183,0.000000,false
A8,24,RA1,Rural area 1,Italy,UL,Mobile UL 2.6 GHz,158-202-225,true,5,0.080183,1.0,0.080183,0.000000,true
A8,24,RA1,Rural area 1,Italy,UL,Mobile TDD 2.6 GHz,247-104-161,true,5,0.000000,0.0,0.080183,0.000000,false
A8,24,RA1,Rural area 1,Italy,UL,Mobile TDD 3.5 GHz,221-52-151,true,5,0.000000,0.0,0.080183,0.000000,false
A8,24,RA1,Rural area 1,Italy,UL,Mobile SDL 700 MHz,0-68-27,true,5,0.000000,0.0,0.080183,0.000000,false
A8,24,RA1,Rural area 1,Italy,UL,Mobile DL 700 MHz,0-109-44,true,5,0.000000,0.0,0.080183,0.000000,false
A8,24,RA1,Rural area 1,Italy,UL,Mobile DL 800 MHz,35-139-69,true,5,0.000000,0.0,0.080183,0.000000,false
A8,24,RA1,Rural area 1,Italy,UL,Mobile DL 900 MHz,65-174-118,true,5,0.080183,1.0,0.080183,0.000000,true
A8,24,RA1,Rural area 1,Italy,UL,Mobile DL 1.4 GHz,102-194-164,true,5,0.080183,1.0,0.080183,0.000000,true
A8,24,RA1,Rural area 1,Italy,UL,Mobile DL 1.8 GHz,153-216-201,true,5,0.000000,0.0,0.080183,0.000000,false
A8,24,RA1,Rural area 1,Italy,UL,Mobile DL 2.1 GHz,204-236-230,true,5,0.000000,0.0,0.080183,0.000000,false
A8,24,RA1,Rural area 1,Italy,UL,Mobile DL 2.6 GHz,229-245-249,true,5,0.000000,0.0,0.080183,0.000000,false
A8,24,RA1,Rural area 1,Netherlands,UL,Broadcast,189-189-189,true,3,0.000000,0.0,0.080183,0.000000,false
A8,24,RA1,Rural area 1,Netherlands,UL,DECT,254-196-79,true,3,0.000000,0.0,0.080183,0.000000,false
A8,24,RA1,Rural area 1,Netherlands,UL,WiFi 5 GHz,158-154-200,true,3,0.000000,0.0,0.080183,0.000000,false
A8,24,RA1,Rural area 1,Netherlands,UL,ISM/WiFi 2.4 GHz,117-107-177,true,3,0.000000,0.0,0.080183,0.000000,false
A8,24,RA1,Rural area 1,Netherlands,UL,Mobile UL 700 MHz,8-48-107,true,3,0.000000,0.0,0.080183,0.000000,false
A8,24,RA1,Rural area 1,Netherlands,UL,Mobile UL 800 MHz,8-81-156,true,3,7.056128,88.0,0.080183,0.000000,true
A8,24,RA1,Rural area 1,Netherlands,UL,Mobile UL 900 MHz,33-113-181,true,3,0.080183,1.0,0.080183,0.000000,true
A8,24,RA1,Rural area 1,Netherlands,UL,Mobile UL 1.8 GHz,66-146-198,true,3,55.085911,687.0,0.080183,0.000000,true
A8,24,RA1,Rural area 1,Netherlands,UL,Mobile UL 2.1 GHz,107-174-214,true,3,5.853379,73.0,0.080183,0.000000,true
A8,24,RA1,Rural area 1,Netherlands,UL,Mobile UL 2.6 GHz,158-202-225,true,3,0.000000,0.0,0.080183,0.000000,false
A8,24,RA1,Rural area 1,Netherlands,UL,Mobile TDD 2.6 GHz,247-104-161,true,3,0.000000,0.0,0.080183,0.000000,false
A8,24,RA1,Rural area 1,Netherlands,UL,Mobile TDD 3.5 GHz,221-52-151,true,3,0.000000,0.0,0.080183,0.000000,false
A8,24,RA1,Rural area 1,Netherlands,UL,Mobile SDL 700 MHz,0-68-27,true,3,0.000000,0.0,0.080183,0.000000,false
A8,24,RA1,Rural area 1,Netherlands,UL,Mobile DL 700 MHz,0-109-44,true,3,0.000000,0.0,0.080183,0.000000,false
A8,24,RA1,Rural area 1,Netherlands,UL,Mobile DL 800 MHz,35-139-69,true,3,0.080183,1.0,0.080183,0.000000,true
A8,24,RA1,Rural area 1,Netherlands,UL,Mobile DL 900 MHz,65-174-118,true,3,0.240550,3.0,0.080183,0.000000,true
A8,24,RA1,Rural area 1,Netherlands,UL,Mobile DL 1.4 GHz,102-194-164,true,3,0.080183,1.0,0.080183,0.000000,true
A8,24,RA1,Rural area 1,Netherlands,UL,Mobile DL 1.8 GHz,153-216-201,true,3,0.000000,0.0,0.080183,0.000000,false
A8,24,RA1,Rural area 1,Netherlands,UL,Mobile DL 2.1 GHz,204-236-230,true,3,0.080183,1.0,0.080183,0.000000,true
A8,24,RA1,Rural area 1,Netherlands,UL,Mobile DL 2.6 GHz,229-245-249,true,3,0.000000,0.0,0.080183,0.000000,false
A8,24,RA1,Rural area 1,Poland,UL,Broadcast,189-189-189,true,5,0.000000,0.0,0.080183,0.000000,false
A8,24,RA1,Rural area 1,Poland,UL,DECT,254-196-79,true,5,0.000000,0.0,0.080183,0.000000,false
A8,24,RA1,Rural area 1,Poland,UL,WiFi 5 GHz,158-154-200,true,5,0.000000,0.0,0.080183,0.000000,false
A8,24,RA1,Rural area 1,Poland,UL,ISM/WiFi 2.4 GHz,117-107-177,true,5,0.000000,0.0,0.080183,0.000000,false
A8,24,RA1,Rural area 1,Poland,UL,Mobile UL 700 MHz,8-48-107,true,5,0.000000,0.0,0.080183,0.000000,false
A8,24,RA1,Rural area 1,Poland,UL,Mobile UL 800 MHz,8-81-156,true,5,0.882016,11.0,0.080183,0.000000,true
A8,24,RA1,Rural area 1,Poland,UL,Mobile UL 900 MHz,33-113-181,true,5,0.000000,0.0,0.080183,0.000000,false
A8,24,RA1,Rural area 1,Poland,UL,Mobile UL 1.8 GHz,66-146-198,true,5,5.773196,72.0,0.080183,0.000000,true
A8,24,RA1,Rural area 1,Poland,UL,Mobile UL 2.1 GHz,107-174-214,true,5,10.423826,130.0,0.080183,0.000000,true
A8,24,RA1,Rural area 1,Poland,UL,Mobile UL 2.6 GHz,158-202-225,true,5,0.641466,8.0,0.080183,0.000000,true
A8,24,RA1,Rural area 1,Poland,UL,Mobile TDD 2.6 GHz,247-104-161,true,5,0.000000,0.0,0.080183,0.000000,false
A8,24,RA1,Rural area 1,Poland,UL,Mobile TDD 3.5 GHz,221-52-151,true,5,0.000000,0.0,0.080183,0.000000,false
A8,24,RA1,Rural area 1,Poland,UL,Mobile SDL 700 MHz,0-68-27,true,5,0.000000,0.0,0.080183,0.000000,false
A8,24,RA1,Rural area 1,Poland,UL,Mobile DL 700 MHz,0-109-44,true,5,0.000000,0.0,0.080183,0.000000,false
A8,24,RA1,Rural area 1,Poland,UL,Mobile DL 800 MHz,35-139-69,true,5,0.000000,0.0,0.080183,0.000000,false
A8,24,RA1,Rural area 1,Poland,UL,Mobile DL 900 MHz,65-174-118,true,5,0.000000,0.0,0.080183,0.000000,false
A8,24,RA1,Rural area 1,Poland,UL,Mobile DL 1.4 GHz,102-194-164,true,5,0.000000,0.0,0.080183,0.000000,false
A8,24,RA1,Rural area 1,Poland,UL,Mobile DL 1.8 GHz,153-216-201,true,5,0.080183,1.0,0.080183,0.000000,true
A8,24,RA1,Rural area 1,Poland,UL,Mobile DL 2.1 GHz,204-236-230,true,5,0.000000,0.0,0.080183,0.000000,false
A8,24,RA1,Rural area 1,Poland,UL,Mobile DL 2.6 GHz,229-245-249,true,5,0.000000,0.0,0.080183,0.000000,false
A8,24,RA1,Rural area 1,Spain,UL,Broadcast,189-189-189,true,2,0.000000,0.0,0.080183,0.000000,false
A8,24,RA1,Rural area 1,Spain,UL,DECT,254-196-79,true,2,0.000000,0.0,0.080183,0.000000,false
A8,24,RA1,Rural area 1,Spain,UL,WiFi 5 GHz,158-154-200,true,2,0.000000,0.0,0.080183,0.000000,false
A8,24,RA1,Rural area 1,Spain,UL,ISM/WiFi 2.4 GHz,117-107-177,true,2,0.000000,0.0,0.080183,0.000000,false
A8,24,RA1,Rural area 1,Spain,UL,Mobile UL 700 MHz,8-48-107,true,2,0.000000,0.0,0.080183,0.000000,false
A8,24,RA1,Rural area 1,Spain,UL,Mobile UL 800 MHz,8-81-156,true,2,0.240550,3.0,0.080183,0.000000,true
A8,24,RA1,Rural area 1,Spain,UL,Mobile UL 900 MHz,33-113-181,true,2,0.080183,1.0,0.080183,0.000000,true
A8,24,RA1,Rural area 1,Spain,UL,Mobile UL 1.8 GHz,66-146-198,true,2,3.046964,38.0,0.080183,0.000000,true
A8,24,RA1,Rural area 1,Spain,UL,Mobile UL 2.1 GHz,107-174-214,true,2,0.080183,1.0,0.080183,0.000000,true
A8,24,RA1,Rural area 1,Spain,UL,Mobile UL 2.6 GHz,158-202-225,true,2,0.000000,0.0,0.080183,0.000000,false
A8,24,RA1,Rural area 1,Spain,UL,Mobile TDD 2.6 GHz,247-104-161,true,2,0.000000,0.0,0.080183,0.000000,false
A8,24,RA1,Rural area 1,Spain,UL,Mobile TDD 3.5 GHz,221-52-151,true,2,0.000000,0.0,0.080183,0.000000,false
A8,24,RA1,Rural area 1,Spain,UL,Mobile SDL 700 MHz,0-68-27,true,2,0.000000,0.0,0.080183,0.000000,false
A8,24,RA1,Rural area 1,Spain,UL,Mobile DL 700 MHz,0-109-44,true,2,0.000000,0.0,0.080183,0.000000,false
A8,24,RA1,Rural area 1,Spain,UL,Mobile DL 800 MHz,35-139-69,true,2,0.000000,0.0,0.080183,0.000000,false
A8,24,RA1,Rural area 1,Spain,UL,Mobile DL 900 MHz,65-174-118,true,2,0.000000,0.0,0.080183,0.000000,false
A8,24,RA1,Rural area 1,Spain,UL,Mobile DL 1.4 GHz,102-194-164,true,2,0.000000,0.0,0.080183,0.000000,false
A8,24,RA1,Rural area 1,Spain,UL,Mobile DL 1.8 GHz,153-216-201,true,2,0.000000,0.0,0.080183,0.000000,false
A8,24,RA1,Rural area 1,Spain,UL,Mobile DL 2.1 GHz,204-236-230,true,2,0.000000,0.0,0.080183,0.000000,false
A8,24,RA1,Rural area 1,Spain,UL,Mobile DL 2.6 GHz,229-245-249,true,2,0.000000,0.0,0.080183,0.000000,false
A8,24,RA1,Rural area 1,Switzerland,UL,Broadcast,189-189-189,true,5,0.080183,1.0,0.080183,0.000000,true
A8,24,RA1,Rural area 1,Switzerland,UL,DECT,254-196-79,true,5,0.000000,0.0,0.080183,0.000000,false
A8,24,RA1,Rural area 1,Switzerland,UL,WiFi 5 GHz,158-154-200,true,5,0.000000,0.0,0.080183,0.000000,false
A8,24,RA1,Rural area 1,Switzerland,UL,ISM/WiFi 2.4 GHz,117-107-177,true,5,0.080183,1.0,0.080183,0.000000,true
A8,24,RA1,Rural area 1,Switzerland,UL,Mobile UL 700 MHz,8-48-107,true,5,0.000000,0.0,0.080183,0.000000,false
A8,24,RA1,Rural area 1,Switzerland,UL,Mobile UL 800 MHz,8-81-156,true,5,0.000000,0.0,0.080183,0.000000,false
A8,24,RA1,Rural area 1,Switzerland,UL,Mobile UL 900 MHz,33-113-181,true,5,0.000000,0.0,0.080183,0.000000,false
A8,24,RA1,Rural area 1,Switzerland,UL,Mobile UL 1.8 GHz,66-146-198,true,5,0.000000,0.0,0.080183,0.000000,false
A8,24,RA1,Rural area 1,Switzerland,UL,Mobile UL 2.1 GHz,107-174-214,true,5,43.298969,540.0,0.080183,0.000000,true
A8,24,RA1,Rural area 1,Switzerland,UL,Mobile UL 2.6 GHz,158-202-225,true,5,0.000000,0.0,0.080183,0.000000,false
A8,24,RA1,Rural area 1,Switzerland,UL,Mobile TDD 2.6 GHz,247-104-161,true,5,0.000000,0.0,0.080183,0.000000,false
A8,24,RA1,Rural area 1,Switzerland,UL,Mobile TDD 3.5 GHz,221-52-151,true,5,0.000000,0.0,0.080183,0.000000,false
A8,24,RA1,Rural area 1,Switzerland,UL,Mobile SDL 700 MHz,0-68-27,true,5,0.000000,0.0,0.080183,0.000000,false
A8,24,RA1,Rural area 1,Switzerland,UL,Mobile DL 700 MHz,0-109-44,true,5,0.000000,0.0,0.080183,0.000000,false
A8,24,RA1,Rural area 1,Switzerland,UL,Mobile DL 800 MHz,35-139-69,true,5,0.000000,0.0,0.080183,0.000000,false
A8,24,RA1,Rural area 1,Switzerland,UL,Mobile DL 900 MHz,65-174-118,true,5,0.080183,1.0,0.080183,0.000000,true
A8,24,RA1,Rural area 1,Switzerland,UL,Mobile DL 1.4 GHz,102-194-164,true,5,0.000000,0.0,0.080183,0.000000,false
A8,24,RA1,Rural area 1,Switzerland,UL,Mobile DL 1.8 GHz,153-216-201,true,5,0.000000,0.0,0.080183,0.000000,false
A8,24,RA1,Rural area 1,Switzerland,UL,Mobile DL 2.1 GHz,204-236-230,true,5,0.080183,1.0,0.080183,0.000000,true
A8,24,RA1,Rural area 1,Switzerland,UL,Mobile DL 2.6 GHz,229-245-249,true,5,0.000000,0.0,0.080183,0.000000,false
A8,24,RA1,Rural area 1,UK,UL,Broadcast,189-189-189,true,7,0.080183,1.0,0.080183,0.000000,true
A8,24,RA1,Rural area 1,UK,UL,DECT,254-196-79,true,7,0.000000,0.0,0.080183,0.000000,false
A8,24,RA1,Rural area 1,UK,UL,WiFi 5 GHz,158-154-200,true,7,0.080183,1.0,0.080183,0.000000,true
A8,24,RA1,Rural area 1,UK,UL,ISM/WiFi 2.4 GHz,117-107-177,true,7,0.080183,1.0,0.080183,0.000000,true
A8,24,RA1,Rural area 1,UK,UL,Mobile UL 700 MHz,8-48-107,true,7,0.000000,0.0,0.080183,0.000000,false
A8,24,RA1,Rural area 1,UK,UL,Mobile UL 800 MHz,8-81-156,true,7,1.443299,18.0,0.080183,0.000000,true
A8,24,RA1,Rural area 1,UK,UL,Mobile UL 900 MHz,33-113-181,true,7,0.080183,1.0,0.080183,0.000000,true
A8,24,RA1,Rural area 1,UK,UL,Mobile UL 1.8 GHz,66-146-198,true,7,0.080183,1.0,0.080183,0.000000,true
A8,24,RA1,Rural area 1,UK,UL,Mobile UL 2.1 GHz,107-174-214,true,7,9.381443,117.0,0.080183,0.000000,true
A8,24,RA1,Rural area 1,UK,UL,Mobile UL 2.6 GHz,158-202-225,true,7,0.000000,0.0,0.080183,0.000000,false
A8,24,RA1,Rural area 1,UK,UL,Mobile TDD 2.6 GHz,247-104-161,true,7,0.000000,0.0,0.080183,0.000000,false
A8,24,RA1,Rural area 1,UK,UL,Mobile TDD 3.5 GHz,221-52-151,true,7,2.325315,29.0,0.080183,0.000000,true
A8,24,RA1,Rural area 1,UK,UL,Mobile SDL 700 MHz,0-68-27,true,7,0.000000,0.0,0.080183,0.000000,false
A8,24,RA1,Rural area 1,UK,UL,Mobile DL 700 MHz,0-109-44,true,7,0.000000,0.0,0.080183,0.000000,false
A8,24,RA1,Rural area 1,UK,UL,Mobile DL 800 MHz,35-139-69,true,7,0.000000,0.0,0.080183,0.000000,false
A8,24,RA1,Rural area 1,UK,UL,Mobile DL 900 MHz,65-174-118,true,7,0.080183,1.0,0.080183,0.000000,true
A8,24,RA1,Rural area 1,UK,UL,Mobile DL 1.4 GHz,102-194-164,true,7,0.000000,0.0,0.080183,0.000000,false
A8,24,RA1,Rural area 1,UK,UL,Mobile DL 1.8 GHz,153-216-201,true,7,0.000000,0.0,0.080183,0.000000,false
A8,24,RA1,Rural area 1,UK,UL,Mobile DL 2.1 GHz,204-236-230,true,7,0.080183,1.0,0.080183,0.000000,true
A8,24,RA1,Rural area 1,UK,UL,Mobile DL 2.6 GHz,229-245-249,true,7,0.000000,0.0,0.080183,0.000000,false
A9,25,RA2,Rural area 2,Austria,NU,Broadcast,189-189-189,true,5,0.000000,0.0,0.080183,0.000000,false
A9,25,RA2,Rural area 2,Austria,NU,DECT,254-196-79,true,5,0.000000,0.0,0.080183,0.000000,false
A9,25,RA2,Rural area 2,Austria,NU,WiFi 5 GHz,158-154-200,true,5,0.160367,2.0,0.080183,0.000000,true
A9,25,RA2,Rural area 2,Austria,NU,ISM/WiFi 2.4 GHz,117-107-177,true,5,0.000000,0.0,0.080183,0.000000,false
A9,25,RA2,Rural area 2,Austria,NU,Mobile UL 700 MHz,8-48-107,true,5,0.000000,0.0,0.080183,0.000000,false
A9,25,RA2,Rural area 2,Austria,NU,Mobile UL 800 MHz,8-81-156,true,5,0.000000,0.0,0.080183,0.000000,false
A9,25,RA2,Rural area 2,Austria,NU,Mobile UL 900 MHz,33-113-181,true,5,0.000000,0.0,0.080183,0.000000,false
A9,25,RA2,Rural area 2,Austria,NU,Mobile UL 1.8 GHz,66-146-198,true,5,0.240550,3.0,0.080183,0.000000,true
A9,25,RA2,Rural area 2,Austria,NU,Mobile UL 2.1 GHz,107-174-214,true,5,0.000000,0.0,0.080183,0.000000,false
A9,25,RA2,Rural area 2,Austria,NU,Mobile UL 2.6 GHz,158-202-225,true,5,0.000000,0.0,0.080183,0.000000,false
A9,25,RA2,Rural area 2,Austria,NU,Mobile TDD 2.6 GHz,247-104-161,true,5,0.000000,0.0,0.080183,0.000000,false
A9,25,RA2,Rural area 2,Austria,NU,Mobile TDD 3.5 GHz,221-52-151,true,5,0.000000,0.0,0.080183,0.000000,false
A9,25,RA2,Rural area 2,Austria,NU,Mobile SDL 700 MHz,0-68-27,true,5,0.000000,0.0,0.080183,0.000000,false
A9,25,RA2,Rural area 2,Austria,NU,Mobile DL 700 MHz,0-109-44,true,5,0.000000,0.0,0.080183,0.000000,false
A9,25,RA2,Rural area 2,Austria,NU,Mobile DL 800 MHz,35-139-69,true,5,0.080183,1.0,0.080183,0.000000,true
A9,25,RA2,Rural area 2,Austria,NU,Mobile DL 900 MHz,65-174-118,true,5,0.080183,1.0,0.080183,0.000000,true
A9,25,RA2,Rural area 2,Austria,NU,Mobile DL 1.4 GHz,102-194-164,true,5,0.000000,0.0,0.080183,0.000000,false
A9,25,RA2,Rural area 2,Austria,NU,Mobile DL 1.8 GHz,153-216-201,true,5,0.080183,1.0,0.080183,0.000000,true
A9,25,RA2,Rural area 2,Austria,NU,Mobile DL 2.1 GHz,204-236-230,true,5,0.000000,0.0,0.080183,0.000000,false
A9,25,RA2,Rural area 2,Austria,NU,Mobile DL 2.6 GHz,229-245-249,true,5,0.080183,1.0,0.080183,0.000000,true
A9,25,RA2,Rural area 2,Belgium,NU,Broadcast,189-189-189,true,8,0.000000,0.0,0.080183,0.000000,false
A9,25,RA2,Rural area 2,Belgium,NU,DECT,254-196-79,true,8,0.000000,0.0,0.080183,0.000000,false
A9,25,RA2,Rural area 2,Belgium,NU,WiFi 5 GHz,158-154-200,true,8,0.000000,0.0,0.080183,0.000000,false
A9,25,RA2,Rural area 2,Belgium,NU,ISM/WiFi 2.4 GHz,117-107-177,true,8,0.000000,0.0,0.080183,0.000000,false
A9,25,RA2,Rural area 2,Belgium,NU,Mobile UL 700 MHz,8-48-107,true,8,0.000000,0.0,0.080183,0.000000,false
A9,25,RA2,Rural area 2,Belgium,NU,Mobile UL 800 MHz,8-81-156,true,8,0.000000,0.0,0.080183,0.000000,false
A9,25,RA2,Rural area 2,Belgium,NU,Mobile UL 900 MHz,33-113-181,true,8,0.000000,0.0,0.080183,0.000000,false
A9,25,RA2,Rural area 2,Belgium,NU,Mobile UL 1.8 GHz,66-146-198,true,8,0.080183,1.0,0.080183,0.000000,true
A9,25,RA2,Rural area 2,Belgium,NU,Mobile UL 2.1 GHz,107-174-214,true,8,0.000000,0.0,0.080183,0.000000,false
A9,25,RA2,Rural area 2,Belgium,NU,Mobile UL 2.6 GHz,158-202-225,true,8,0.080183,1.0,0.080183,0.000000,true
A9,25,RA2,Rural area 2,Belgium,NU,Mobile TDD 2.6 GHz,247-104-161,true,8,0.000000,0.0,0.080183,0.000000,false
A9,25,RA2,Rural area 2,Belgium,NU,Mobile TDD 3.5 GHz,221-52-151,true,8,0.000000,0.0,0.080183,0.000000,false
A9,25,RA2,Rural area 2,Belgium,NU,Mobile SDL 700 MHz,0-68-27,true,8,0.000000,0.0,0.080183,0.000000,false
A9,25,RA2,Rural area 2,Belgium,NU,Mobile DL 700 MHz,0-109-44,true,8,0.000000,0.0,0.080183,0.000000,false
A9,25,RA2,Rural area 2,Belgium,NU,Mobile DL 800 MHz,35-139-69,true,8,0.000000,0.0,0.080183,0.000000,false
A9,25,RA2,Rural area 2,Belgium,NU,Mobile DL 900 MHz,65-174-118,true,8,0.000000,0.0,0.080183,0.000000,false
A9,25,RA2,Rural area 2,Belgium,NU,Mobile DL 1.4 GHz,102-194-164,true,8,0.000000,0.0,0.080183,0.000000,false
A9,25,RA2,Rural area 2,Belgium,NU,Mobile DL 1.8 GHz,153-216-201,true,8,0.000000,0.0,0.080183,0.000000,false
A9,25,RA2,Rural area 2,Belgium,NU,Mobile DL 2.1 GHz,204-236-230,true,8,0.000000,0.0,0.080183,0.000000,false
A9,25,RA2,Rural area 2,Belgium,NU,Mobile DL 2.6 GHz,229-245-249,true,8,0.000000,0.0,0.080183,0.000000,false
A9,25,RA2,Rural area 2,France,NU,Broadcast,189-189-189,true,7,0.000000,0.0,0.080183,0.000000,false
A9,25,RA2,Rural area 2,France,NU,DECT,254-196-79,true,7,0.000000,0.0,0.080183,0.000000,false
A9,25,RA2,Rural area 2,France,NU,WiFi 5 GHz,158-154-200,true,7,0.000000,0.0,0.080183,0.000000,false
A9,25,RA2,Rural area 2,France,NU,ISM/WiFi 2.4 GHz,117-107-177,true,7,0.000000,0.0,0.080183,0.000000,false
A9,25,RA2,Rural area 2,France,NU,Mobile UL 700 MHz,8-48-107,true,7,0.000000,0.0,0.080183,0.000000,false
A9,25,RA2,Rural area 2,France,NU,Mobile UL 800 MHz,8-81-156,true,7,0.000000,0.0,0.080183,0.000000,false
A9,25,RA2,Rural area 2,France,NU,Mobile UL 900 MHz,33-113-181,true,7,0.160367,2.0,0.080183,0.000000,true
A9,25,RA2,Rural area 2,France,NU,Mobile UL 1.8 GHz,66-146-198,true,7,0.080183,1.0,0.080183,0.000000,true
A9,25,RA2,Rural area 2,France,NU,Mobile UL 2.1 GHz,107-174-214,true,7,0.000000,0.0,0.080183,0.000000,false
A9,25,RA2,Rural area 2,France,NU,Mobile UL 2.6 GHz,158-202-225,true,7,0.000000,0.0,0.080183,0.000000,false
A9,25,RA2,Rural area 2,France,NU,Mobile TDD 2.6 GHz,247-104-161,true,7,0.000000,0.0,0.080183,0.000000,false
A9,25,RA2,Rural area 2,France,NU,Mobile TDD 3.5 GHz,221-52-151,true,7,0.000000,0.0,0.080183,0.000000,false
A9,25,RA2,Rural area 2,France,NU,Mobile SDL 700 MHz,0-68-27,true,7,0.000000,0.0,0.080183,0.000000,false
A9,25,RA2,Rural area 2,France,NU,Mobile DL 700 MHz,0-109-44,true,7,0.000000,0.0,0.080183,0.000000,false
A9,25,RA2,Rural area 2,France,NU,Mobile DL 800 MHz,35-139-69,true,7,0.000000,0.0,0.080183,0.000000,false
A9,25,RA2,Rural area 2,France,NU,Mobile DL 900 MHz,65-174-118,true,7,0.000000,0.0,0.080183,0.000000,false
A9,25,RA2,Rural area 2,France,NU,Mobile DL 1.4 GHz,102-194-164,true,7,0.080183,1.0,0.080183,0.000000,true
A9,25,RA2,Rural area 2,France,NU,Mobile DL 1.8 GHz,153-216-201,true,7,0.000000,0.0,0.080183,0.000000,false
A9,25,RA2,Rural area 2,France,NU,Mobile DL 2.1 GHz,204-236-230,true,7,0.000000,0.0,0.080183,0.000000,false
A9,25,RA2,Rural area 2,France,NU,Mobile DL 2.6 GHz,229-245-249,true,7,0.080183,1.0,0.080183,0.000000,true
A9,25,RA2,Rural area 2,Hungary,NU,Broadcast,189-189-189,true,6,0.000000,0.0,0.080183,0.000000,false
A9,25,RA2,Rural area 2,Hungary,NU,DECT,254-196-79,true,6,0.000000,0.0,0.080183,0.000000,false
A9,25,RA2,Rural area 2,Hungary,NU,WiFi 5 GHz,158-154-200,true,6,0.000000,0.0,0.080183,0.000000,false
A9,25,RA2,Rural area 2,Hungary,NU,ISM/WiFi 2.4 GHz,117-107-177,true,6,0.000000,0.0,0.080183,0.000000,false
A9,25,RA2,Rural area 2,Hungary,NU,Mobile UL 700 MHz,8-48-107,true,6,0.000000,0.0,0.080183,0.000000,false
A9,25,RA2,Rural area 2,Hungary,NU,Mobile UL 800 MHz,8-81-156,true,6,0.000000,0.0,0.080183,0.000000,false
A9,25,RA2,Rural area 2,Hungary,NU,Mobile UL 900 MHz,33-113-181,true,6,0.000000,0.0,0.080183,0.000000,false
A9,25,RA2,Rural area 2,Hungary,NU,Mobile UL 1.8 GHz,66-146-198,true,6,0.000000,0.0,0.080183,0.000000,false
A9,25,RA2,Rural area 2,Hungary,NU,Mobile UL 2.1 GHz,107-174-214,true,6,0.000000,0.0,0.080183,0.000000,false
A9,25,RA2,Rural area 2,Hungary,NU,Mobile UL 2.6 GHz,158-202-225,true,6,0.000000,0.0,0.080183,0.000000,false
A9,25,RA2,Rural area 2,Hungary,NU,Mobile TDD 2.6 GHz,247-104-161,true,6,0.000000,0.0,0.080183,0.000000,false
A9,25,RA2,Rural area 2,Hungary,NU,Mobile TDD 3.5 GHz,221-52-151,true,6,0.000000,0.0,0.080183,0.000000,false
A9,25,RA2,Rural area 2,Hungary,NU,Mobile SDL 700 MHz,0-68-27,true,6,0.000000,0.0,0.080183,0.000000,false
A9,25,RA2,Rural area 2,Hungary,NU,Mobile DL 700 MHz,0-109-44,true,6,0.000000,0.0,0.080183,0.000000,false
A9,25,RA2,Rural area 2,Hungary,NU,Mobile DL 800 MHz,35-139-69,true,6,0.080183,1.0,0.080183,0.000000,true
A9,25,RA2,Rural area 2,Hungary,NU,Mobile DL 900 MHz,65-174-118,true,6,0.160367,2.0,0.080183,0.000000,true
A9,25,RA2,Rural area 2,Hungary,NU,Mobile DL 1.4 GHz,102-194-164,true,6,0.080183,1.0,0.080183,0.000000,true
A9,25,RA2,Rural area 2,Hungary,NU,Mobile DL 1.8 GHz,153-216-201,true,6,0.000000,0.0,0.080183,0.000000,false
A9,25,RA2,Rural area 2,Hungary,NU,Mobile DL 2.1 GHz,204-236-230,true,6,0.000000,0.0,0.080183,0.000000,false
A9,25,RA2,Rural area 2,Hungary,NU,Mobile DL 2.6 GHz,229-245-249,true,6,0.000000,0.0,0.080183,0.000000,false
A9,25,RA2,Rural area 2,Italy,NU,Broadcast,189-189-189,true,8,0.000000,0.0,0.080183,0.000000,false
A9,25,RA2,Rural area 2,Italy,NU,DECT,254-196-79,true,8,0.000000,0.0,0.080183,0.000000,false
A9,25,RA2,Rural area 2,Italy,NU,WiFi 5 GHz,158-154-200,true,8,0.080183,1.0,0.080183,0.000000,true
A9,25,RA2,Rural area 2,Italy,NU,ISM/WiFi 2.4 GHz,117-107-177,true,8,0.000000,0.0,0.080183,0.000000,false
A9,25,RA2,Rural area 2,Italy,NU,Mobile UL 700 MHz,8-48-107,true,8,0.000000,0.0,0.080183,0.000000,false
A9,25,RA2,Rural area 2,Italy,NU,Mobile UL 800 MHz,8-81-156,true,8,0.000000,0.0,0.080183,0.000000,false
A9,25,RA2,Rural area 2,Italy,NU,Mobile UL 900 MHz,33-113-181,true,8,0.000000,0.0,0.080183,0.000000,false
A9,25,RA2,Rural area 2,Italy,NU,Mobile UL 1.8 GHz,66-146-198,true,8,0.000000,0.0,0.080183,0.000000,false
A9,25,RA2,Rural area 2,Italy,NU,Mobile UL 2.1 GHz,107-174-214,true,8,0.000000,0.0,0.080183,0.000000,false
A9,25,RA2,Rural area 2,Italy,NU,Mobile UL 2.6 GHz,158-202-225,true,8,0.000000,0.0,0.080183,0.000000,false
A9,25,RA2,Rural area 2,Italy,NU,Mobile TDD 2.6 GHz,247-104-161,true,8,0.000000,0.0,0.080183,0.000000,false
A9,25,RA2,Rural area 2,Italy,NU,Mobile TDD 3.5 GHz,221-52-151,true,8,0.000000,0.0,0.080183,0.000000,false
A9,25,RA2,Rural area 2,Italy,NU,Mobile SDL 700 MHz,0-68-27,true,8,0.000000,0.0,0.080183,0.000000,false
A9,25,RA2,Rural area 2,Italy,NU,Mobile DL 700 MHz,0-109-44,true,8,0.000000,0.0,0.080183,0.000000,false
A9,25,RA2,Rural area 2,Italy,NU,Mobile DL 800 MHz,35-139-69,true,8,0.080183,1.0,0.080183,0.000000,true
A9,25,RA2,Rural area 2,Italy,NU,Mobile DL 900 MHz,65-174-118,true,8,0.000000,0.0,0.080183,0.000000,false
A9,25,RA2,Rural area 2,Italy,NU,Mobile DL 1.4 GHz,102-194-164,true,8,0.000000,0.0,0.080183,0.000000,false
A9,25,RA2,Rural area 2,Italy,NU,Mobile DL 1.8 GHz,153-216-201,true,8,0.080183,1.0,0.080183,0.000000,true
A9,25,RA2,Rural area 2,Italy,NU,Mobile DL 2.1 GHz,204-236-230,true,8,0.080183,1.0,0.080183,0.000000,true
A9,25,RA2,Rural area 2,Italy,NU,Mobile DL 2.6 GHz,229-245-249,true,8,0.000000,0.0,0.080183,0.000000,false
A9,25,RA2,Rural area 2,Netherlands,NU,Broadcast,189-189-189,true,4,0.000000,0.0,0.080183,0.000000,false
A9,25,RA2,Rural area 2,Netherlands,NU,DECT,254-196-79,true,4,0.000000,0.0,0.080183,0.000000,false
A9,25,RA2,Rural area 2,Netherlands,NU,WiFi 5 GHz,158-154-200,true,4,0.000000,0.0,0.080183,0.000000,false
A9,25,RA2,Rural area 2,Netherlands,NU,ISM/WiFi 2.4 GHz,117-107-177,true,4,0.000000,0.0,0.080183,0.000000,false
A9,25,RA2,Rural area 2,Netherlands,NU,Mobile UL 700 MHz,8-48-107,true,4,0.000000,0.0,0.080183,0.000000,false
A9,25,RA2,Rural area 2,Netherlands,NU,Mobile UL 800 MHz,8-81-156,true,4,0.000000,0.0,0.080183,0.000000,false
A9,25,RA2,Rural area 2,Netherlands,NU,Mobile UL 900 MHz,33-113-181,true,4,0.000000,0.0,0.080183,0.000000,false
A9,25,RA2,Rural area 2,Netherlands,NU,Mobile UL 1.8 GHz,66-146-198,true,4,0.000000,0.0,0.080183,0.000000,false
A9,25,RA2,Rural area 2,Netherlands,NU,Mobile UL 2.1 GHz,107-174-214,true,4,0.000000,0.0,0.080183,0.000000,false
A9,25,RA2,Rural area 2,Netherlands,NU,Mobile UL 2.6 GHz,158-202-225,true,4,0.000000,0.0,0.080183,0.000000,false
A9,25,RA2,Rural area 2,Netherlands,NU,Mobile TDD 2.6 GHz,247-104-161,true,4,0.000000,0.0,0.080183,0.000000,false
A9,25,RA2,Rural area 2,Netherlands,NU,Mobile TDD 3.5 GHz,221-52-151,true,4,0.000000,0.0,0.080183,0.000000,false
A9,25,RA2,Rural area 2,Netherlands,NU,Mobile SDL 700 MHz,0-68-27,true,4,0.000000,0.0,0.080183,0.000000,false
A9,25,RA2,Rural area 2,Netherlands,NU,Mobile DL 700 MHz,0-109-44,true,4,0.000000,0.0,0.080183,0.000000,false
A9,25,RA2,Rural area 2,Netherlands,NU,Mobile DL 800 MHz,35-139-69,true,4,0.000000,0.0,0.080183,0.000000,false
A9,25,RA2,Rural area 2,Netherlands,NU,Mobile DL 900 MHz,65-174-118,true,4,0.240550,3.0,0.080183,0.000000,true
A9,25,RA2,Rural area 2,Netherlands,NU,Mobile DL 1.4 GHz,102-194-164,true,4,0.080183,1.0,0.080183,0.000000,true
A9,25,RA2,Rural area 2,Netherlands,NU,Mobile DL 1.8 GHz,153-216-201,true,4,0.000000,0.0,0.080183,0.000000,false
A9,25,RA2,Rural area 2,Netherlands,NU,Mobile DL 2.1 GHz,204-236-230,true,4,0.080183,1.0,0.080183,0.000000,true
A9,25,RA2,Rural area 2,Netherlands,NU,Mobile DL 2.6 GHz,229-245-249,true,4,0.000000,0.0,0.080183,0.000000,false
A9,25,RA2,Rural area 2,Poland,NU,Broadcast,189-189-189,true,5,0.000000,0.0,0.080183,0.000000,false
A9,25,RA2,Rural area 2,Poland,NU,DECT,254-196-79,true,5,0.000000,0.0,0.080183,0.000000,false
A9,25,RA2,Rural area 2,Poland,NU,WiFi 5 GHz,158-154-200,true,5,0.000000,0.0,0.080183,0.000000,false
A9,25,RA2,Rural area 2,Poland,NU,ISM/WiFi 2.4 GHz,117-107-177,true,5,0.000000,0.0,0.080183,0.000000,false
A9,25,RA2,Rural area 2,Poland,NU,Mobile UL 700 MHz,8-48-107,true,5,0.000000,0.0,0.080183,0.000000,false
A9,25,RA2,Rural area 2,Poland,NU,Mobile UL 800 MHz,8-81-156,true,5,0.000000,0.0,0.080183,0.000000,false
A9,25,RA2,Rural area 2,Poland,NU,Mobile UL 900 MHz,33-113-181,true,5,0.000000,0.0,0.080183,0.000000,false
A9,25,RA2,Rural area 2,Poland,NU,Mobile UL 1.8 GHz,66-146-198,true,5,0.000000,0.0,0.080183,0.000000,false
A9,25,RA2,Rural area 2,Poland,NU,Mobile UL 2.1 GHz,107-174-214,true,5,0.080183,1.0,0.080183,0.000000,true
A9,25,RA2,Rural area 2,Poland,NU,Mobile UL 2.6 GHz,158-202-225,true,5,0.000000,0.0,0.080183,0.000000,false
A9,25,RA2,Rural area 2,Poland,NU,Mobile TDD 2.6 GHz,247-104-161,true,5,0.000000,0.0,0.080183,0.000000,false
A9,25,RA2,Rural area 2,Poland,NU,Mobile TDD 3.5 GHz,221-52-151,true,5,0.000000,0.0,0.080183,0.000000,false
A9,25,RA2,Rural area 2,Poland,NU,Mobile SDL 700 MHz,0-68-27,true,5,0.000000,0.0,0.080183,0.000000,false
A9,25,RA2,Rural area 2,Poland,NU,Mobile DL 700 MHz,0-109-44,true,5,0.000000,0.0,0.080183,0.000000,false
A9,25,RA2,Rural area 2,Poland,NU,Mobile DL 800 MHz,35-139-69,true,5,0.000000,0.0,0.080183,0.000000,false
A9,25,RA2,Rural area 2,Poland,NU,Mobile DL 900 MHz,65-174-118,true,5,0.000000,0.0,0.080183,0.000000,false
A9,25,RA2,Rural area 2,Poland,NU,Mobile DL 1.4 GHz,102-194-164,true,5,0.000000,0.0,0.080183,0.000000,false
A9,25,RA2,Rural area 2,Poland,NU,Mobile DL 1.8 GHz,153-216-201,true,5,0.000000,0.0,0.080183,0.000000,false
A9,25,RA2,Rural area 2,Poland,NU,Mobile DL 2.1 GHz,204-236-230,true,5,0.000000,0.0,0.080183,0.000000,false
A9,25,RA2,Rural area 2,Poland,NU,Mobile DL 2.6 GHz,229-245-249,true,5,0.000000,0.0,0.080183,0.000000,false
A9,25,RA2,Rural area 2,Spain,NU,Broadcast,189-189-189,true,4,0.000000,0.0,0.080183,0.000000,false
A9,25,RA2,Rural area 2,Spain,NU,DECT,254-196-79,true,4,0.000000,0.0,0.080183,0.000000,false
A9,25,RA2,Rural area 2,Spain,NU,WiFi 5 GHz,158-154-200,true,4,0.000000,0.0,0.080183,0.000000,false
A9,25,RA2,Rural area 2,Spain,NU,ISM/WiFi 2.4 GHz,117-107-177,true,4,0.000000,0.0,0.080183,0.000000,false
A9,25,RA2,Rural area 2,Spain,NU,Mobile UL 700 MHz,8-48-107,true,4,0.000000,0.0,0.080183,0.000000,false
A9,25,RA2,Rural area 2,Spain,NU,Mobile UL 800 MHz,8-81-156,true,4,0.000000,0.0,0.080183,0.000000,false
A9,25,RA2,Rural area 2,Spain,NU,Mobile UL 900 MHz,33-113-181,true,4,0.000000,0.0,0.080183,0.000000,false
A9,25,RA2,Rural area 2,Spain,NU,Mobile UL 1.8 GHz,66-146-198,true,4,0.000000,0.0,0.080183,0.000000,false
A9,25,RA2,Rural area 2,Spain,NU,Mobile UL 2.1 GHz,107-174-214,true,4,0.000000,0.0,0.080183,0.000000,false
A9,25,RA2,Rural area 2,Spain,NU,Mobile UL 2.6 GHz,158-202-225,true,4,0.080183,1.0,0.080183,0.000000,true
A9,25,RA2,Rural area 2,Spain,NU,Mobile TDD 2.6 GHz,247-104-161,true,4,0.000000,0.0,0.080183,0.000000,false
A9,25,RA2,Rural area 2,Spain,NU,Mobile TDD 3.5 GHz,221-52-151,true,4,0.000000,0.0,0.080183,0.000000,false
A9,25,RA2,Rural area 2,Spain,NU,Mobile SDL 700 MHz,0-68-27,true,4,0.000000,0.0,0.080183,0.000000,false
A9,25,RA2,Rural area 2,Spain,NU,Mobile DL 700 MHz,0-109-44,true,4,0.000000,0.0,0.080183,0.000000,false
A9,25,RA2,Rural area 2,Spain,NU,Mobile DL 800 MHz,35-139-69,true,4,0.000000,0.0,0.080183,0.000000,false
A9,25,RA2,Rural area 2,Spain,NU,Mobile DL 900 MHz,65-174-118,true,4,0.000000,0.0,0.080183,0.000000,false
A9,25,RA2,Rural area 2,Spain,NU,Mobile DL 1.4 GHz,102-194-164,true,4,0.000000,0.0,0.080183,0.000000,false
A9,25,RA2,Rural area 2,Spain,NU,Mobile DL 1.8 GHz,153-216-201,true,4,0.000000,0.0,0.080183,0.000000,false
A9,25,RA2,Rural area 2,Spain,NU,Mobile DL 2.1 GHz,204-236-230,true,4,0.000000,0.0,0.080183,0.000000,false
A9,25,RA2,Rural area 2,Spain,NU,Mobile DL 2.6 GHz,229-245-249,true,4,0.000000,0.0,0.080183,0.000000,false
A9,25,RA2,Rural area 2,Switzerland,NU,Broadcast,189-189-189,true,6,0.000000,0.0,0.080183,0.000000,false
A9,25,RA2,Rural area 2,Switzerland,NU,DECT,254-196-79,true,6,0.000000,0.0,0.080183,0.000000,false
A9,25,RA2,Rural area 2,Switzerland,NU,WiFi 5 GHz,158-154-200,true,6,0.000000,0.0,0.080183,0.000000,false
A9,25,RA2,Rural area 2,Switzerland,NU,ISM/WiFi 2.4 GHz,117-107-177,true,6,0.000000,0.0,0.080183,0.000000,false
A9,25,RA2,Rural area 2,Switzerland,NU,Mobile UL 700 MHz,8-48-107,true,6,0.000000,0.0,0.080183,0.000000,false
A9,25,RA2,Rural area 2,Switzerland,NU,Mobile UL 800 MHz,8-81-156,true,6,0.000000,0.0,0.080183,0.000000,false
A9,25,RA2,Rural area 2,Switzerland,NU,Mobile UL 900 MHz,33-113-181,true,6,0.000000,0.0,0.080183,0.000000,false
A9,25,RA2,Rural area 2,Switzerland,NU,Mobile UL 1.8 GHz,66-146-198,true,6,0.000000,0.0,0.080183,0.000000,false
A9,25,RA2,Rural area 2,Switzerland,NU,Mobile UL 2.1 GHz,107-174-214,true,6,0.080183,1.0,0.080183,0.000000,true
A9,25,RA2,Rural area 2,Switzerland,NU,Mobile UL 2.6 GHz,158-202-225,true,6,0.000000,0.0,0.080183,0.000000,false
A9,25,RA2,Rural area 2,Switzerland,NU,Mobile TDD 2.6 GHz,247-104-161,true,6,0.000000,0.0,0.080183,0.000000,false
A9,25,RA2,Rural area 2,Switzerland,NU,Mobile TDD 3.5 GHz,221-52-151,true,6,0.000000,0.0,0.080183,0.000000,false
A9,25,RA2,Rural area 2,Switzerland,NU,Mobile SDL 700 MHz,0-68-27,true,6,0.000000,0.0,0.080183,0.000000,false
A9,25,RA2,Rural area 2,Switzerland,NU,Mobile DL 700 MHz,0-109-44,true,6,0.000000,0.0,0.080183,0.000000,false
A9,25,RA2,Rural area 2,Switzerland,NU,Mobile DL 800 MHz,35-139-69,true,6,0.000000,0.0,0.080183,0.000000,false
A9,25,RA2,Rural area 2,Switzerland,NU,Mobile DL 900 MHz,65-174-118,true,6,0.000000,0.0,0.080183,0.000000,false
A9,25,RA2,Rural area 2,Switzerland,NU,Mobile DL 1.4 GHz,102-194-164,true,6,0.000000,0.0,0.080183,0.000000,false
A9,25,RA2,Rural area 2,Switzerland,NU,Mobile DL 1.8 GHz,153-216-201,true,6,0.000000,0.0,0.080183,0.000000,false
A9,25,RA2,Rural area 2,Switzerland,NU,Mobile DL 2.1 GHz,204-236-230,true,6,0.000000,0.0,0.080183,0.000000,false
A9,25,RA2,Rural area 2,Switzerland,NU,Mobile DL 2.6 GHz,229-245-249,true,6,0.080183,1.0,0.080183,0.000000,true
A9,25,RA2,Rural area 2,UK,NU,Broadcast,189-189-189,true,7,0.000000,0.0,0.080183,0.000000,false
A9,25,RA2,Rural area 2,UK,NU,DECT,254-196-79,true,7,0.000000,0.0,0.080183,0.000000,false
A9,25,RA2,Rural area 2,UK,NU,WiFi 5 GHz,158-154-200,true,7,0.000000,0.0,0.080183,0.000000,false
A9,25,RA2,Rural area 2,UK,NU,ISM/WiFi 2.4 GHz,117-107-177,true,7,0.000000,0.0,0.080183,0.000000,false
A9,25,RA2,Rural area 2,UK,NU,Mobile UL 700 MHz,8-48-107,true,7,0.000000,0.0,0.080183,0.000000,false
A9,25,RA2,Rural area 2,UK,NU,Mobile UL 800 MHz,8-81-156,true,7,0.000000,0.0,0.080183,0.000000,false
A9,25,RA2,Rural area 2,UK,NU,Mobile UL 900 MHz,33-113-181,true,7,0.000000,0.0,0.080183,0.000000,false
A9,25,RA2,Rural area 2,UK,NU,Mobile UL 1.8 GHz,66-146-198,true,7,0.000000,0.0,0.080183,0.000000,false
A9,25,RA2,Rural area 2,UK,NU,Mobile UL 2.1 GHz,107-174-214,true,7,0.080183,1.0,0.080183,0.000000,true
A9,25,RA2,Rural area 2,UK,NU,Mobile UL 2.6 GHz,158-202-225,true,7,0.000000,0.0,0.080183,0.000000,false
A9,25,RA2,Rural area 2,UK,NU,Mobile TDD 2.6 GHz,247-104-161,true,7,0.000000,0.0,0.080183,0.000000,false
A9,25,RA2,Rural area 2,UK,NU,Mobile TDD 3.5 GHz,221-52-151,true,7,0.000000,0.0,0.080183,0.000000,false
A9,25,RA2,Rural area 2,UK,NU,Mobile SDL 700 MHz,0-68-27,true,7,0.000000,0.0,0.080183,0.000000,false
A9,25,RA2,Rural area 2,UK,NU,Mobile DL 700 MHz,0-109-44,true,7,0.000000,0.0,0.080183,0.000000,false
A9,25,RA2,Rural area 2,UK,NU,Mobile DL 800 MHz,35-139-69,true,7,0.000000,0.0,0.080183,0.000000,false
A9,25,RA2,Rural area 2,UK,NU,Mobile DL 900 MHz,65-174-118,true,7,0.080183,1.0,0.080183,0.000000,true
A9,25,RA2,Rural area 2,UK,NU,Mobile DL 1.4 GHz,102-194-164,true,7,0.080183,1.0,0.080183,0.000000,true
A9,25,RA2,Rural area 2,UK,NU,Mobile DL 1.8 GHz,153-216-201,true,7,0.400916,5.0,0.080183,0.000000,true
A9,25,RA2,Rural area 2,UK,NU,Mobile DL 2.1 GHz,204-236-230,true,7,0.160367,2.0,0.080183,0.000000,true
A9,25,RA2,Rural area 2,UK,NU,Mobile DL 2.6 GHz,229-245-249,true,7,0.000000,0.0,0.080183,0.000000,false
A9,25,RA2,Rural area 2,Austria,DL,Broadcast,189-189-189,false,0,,,0.080183,,false
A9,25,RA2,Rural area 2,Austria,DL,DECT,254-196-79,false,0,,,0.080183,,false
A9,25,RA2,Rural area 2,Austria,DL,WiFi 5 GHz,158-154-200,false,0,,,0.080183,,false
A9,25,RA2,Rural area 2,Austria,DL,ISM/WiFi 2.4 GHz,117-107-177,false,0,,,0.080183,,false
A9,25,RA2,Rural area 2,Austria,DL,Mobile UL 700 MHz,8-48-107,false,0,,,0.080183,,false
A9,25,RA2,Rural area 2,Austria,DL,Mobile UL 800 MHz,8-81-156,false,0,,,0.080183,,false
A9,25,RA2,Rural area 2,Austria,DL,Mobile UL 900 MHz,33-113-181,false,0,,,0.080183,,false
A9,25,RA2,Rural area 2,Austria,DL,Mobile UL 1.8 GHz,66-146-198,false,0,,,0.080183,,false
A9,25,RA2,Rural area 2,Austria,DL,Mobile UL 2.1 GHz,107-174-214,false,0,,,0.080183,,false
A9,25,RA2,Rural area 2,Austria,DL,Mobile UL 2.6 GHz,158-202-225,false,0,,,0.080183,,false
A9,25,RA2,Rural area 2,Austria,DL,Mobile TDD 2.6 GHz,247-104-161,false,0,,,0.080183,,false
A9,25,RA2,Rural area 2,Austria,DL,Mobile TDD 3.5 GHz,221-52-151,false,0,,,0.080183,,false
A9,25,RA2,Rural area 2,Austria,DL,Mobile SDL 700 MHz,0-68-27,false,0,,,0.080183,,false
A9,25,RA2,Rural area 2,Austria,DL,Mobile DL 700 MHz,0-109-44,false,0,,,0.080183,,false
A9,25,RA2,Rural area 2,Austria,DL,Mobile DL 800 MHz,35-139-69,false,0,,,0.080183,,false
A9,25,RA2,Rural area 2,Austria,DL,Mobile DL 900 MHz,65-174-118,false,0,,,0.080183,,false
A9,25,RA2,Rural area 2,Austria,DL,Mobile DL 1.4 GHz,102-194-164,false,0,,,0.080183,,false
A9,25,RA2,Rural area 2,Austria,DL,Mobile DL 1.8 GHz,153-216-201,false,0,,,0.080183,,false
A9,25,RA2,Rural area 2,Austria,DL,Mobile DL 2.1 GHz,204-236-230,false,0,,,0.080183,,false
A9,25,RA2,Rural area 2,Austria,DL,Mobile DL 2.6 GHz,229-245-249,false,0,,,0.080183,,false
A9,25,RA2,Rural area 2,Belgium,DL,Broadcast,189-189-189,true,5,0.000000,0.0,0.080183,0.000000,false
A9,25,RA2,Rural area 2,Belgium,DL,DECT,254-196-79,true,5,0.000000,0.0,0.080183,0.000000,false
A9,25,RA2,Rural area 2,Belgium,DL,WiFi 5 GHz,158-154-200,true,5,0.000000,0.0,0.080183,0.000000,false
A9,25,RA2,Rural area 2,Belgium,DL,ISM/WiFi 2.4 GHz,117-107-177,true,5,0.000000,0.0,0.080183,0.000000,false
A9,25,RA2,Rural area 2,Belgium,DL,Mobile UL 700 MHz,8-48-107,true,5,0.000000,0.0,0.080183,0.000000,false
A9,25,RA2,Rural area 2,Belgium,DL,Mobile UL 800 MHz,8-81-156,true,5,6.174112,77.0,0.080183,0.000000,true
A9,25,RA2,Rural area 2,Belgium,DL,Mobile UL 900 MHz,33-113-181,true,5,0.481100,6.0,0.080183,0.000000,true
A9,25,RA2,Rural area 2,Belgium,DL,Mobile UL 1.8 GHz,66-146-198,true,5,1.363116,17.0,0.080183,0.000000,true
A9,25,RA2,Rural area 2,Belgium,DL,Mobile UL 2.1 GHz,107-174-214,true,5,0.240550,3.0,0.080183,0.000000,true
A9,25,RA2,Rural area 2,Belgium,DL,Mobile UL 2.6 GHz,158-202-225,true,5,0.080183,1.0,0.080183,0.000000,true
A9,25,RA2,Rural area 2,Belgium,DL,Mobile TDD 2.6 GHz,247-104-161,true,5,0.000000,0.0,0.080183,0.000000,false
A9,25,RA2,Rural area 2,Belgium,DL,Mobile TDD 3.5 GHz,221-52-151,true,5,0.000000,0.0,0.080183,0.000000,false
A9,25,RA2,Rural area 2,Belgium,DL,Mobile SDL 700 MHz,0-68-27,true,5,0.000000,0.0,0.080183,0.000000,false
A9,25,RA2,Rural area 2,Belgium,DL,Mobile DL 700 MHz,0-109-44,true,5,0.000000,0.0,0.080183,0.000000,false
A9,25,RA2,Rural area 2,Belgium,DL,Mobile DL 800 MHz,35-139-69,true,5,0.000000,0.0,0.080183,0.000000,false
A9,25,RA2,Rural area 2,Belgium,DL,Mobile DL 900 MHz,65-174-118,true,5,0.000000,0.0,0.080183,0.000000,false
A9,25,RA2,Rural area 2,Belgium,DL,Mobile DL 1.4 GHz,102-194-164,true,5,0.000000,0.0,0.080183,0.000000,false
A9,25,RA2,Rural area 2,Belgium,DL,Mobile DL 1.8 GHz,153-216-201,true,5,0.000000,0.0,0.080183,0.000000,false
A9,25,RA2,Rural area 2,Belgium,DL,Mobile DL 2.1 GHz,204-236-230,true,5,0.000000,0.0,0.080183,0.000000,false
A9,25,RA2,Rural area 2,Belgium,DL,Mobile DL 2.6 GHz,229-245-249,true,5,0.000000,0.0,0.080183,0.000000,false
A9,25,RA2,Rural area 2,France,DL,Broadcast,189-189-189,true,7,0.080183,1.0,0.080183,0.000000,true
A9,25,RA2,Rural area 2,France,DL,DECT,254-196-79,true,7,0.080183,1.0,0.080183,0.000000,true
A9,25,RA2,Rural area 2,France,DL,WiFi 5 GHz,158-154-200,true,7,0.000000,0.0,0.080183,0.000000,false
A9,25,RA2,Rural area 2,France,DL,ISM/WiFi 2.4 GHz,117-107-177,true,7,0.000000,0.0,0.080183,0.000000,false
A9,25,RA2,Rural area 2,France,DL,Mobile UL 700 MHz,8-48-107,true,7,0.000000,0.0,0.080183,0.000000,false
A9,25,RA2,Rural area 2,France,DL,Mobile UL 800 MHz,8-81-156,true,7,0.080183,1.0,0.080183,0.000000,true
A9,25,RA2,Rural area 2,France,DL,Mobile UL 900 MHz,33-113-181,true,7,0.160367,2.0,0.080183,0.000000,true
A9,25,RA2,Rural area 2,France,DL,Mobile UL 1.8 GHz,66-146-198,true,7,0.641466,8.0,0.080183,0.000000,true
A9,25,RA2,Rural area 2,France,DL,Mobile UL 2.1 GHz,107-174-214,true,7,0.801833,10.0,0.080183,0.000000,true
A9,25,RA2,Rural area 2,France,DL,Mobile UL 2.6 GHz,158-202-225,true,7,0.160367,2.0,0.080183,0.000000,true
A9,25,RA2,Rural area 2,France,DL,Mobile TDD 2.6 GHz,247-104-161,true,7,0.000000,0.0,0.080183,0.000000,false
A9,25,RA2,Rural area 2,France,DL,Mobile TDD 3.5 GHz,221-52-151,true,7,2.565865,32.0,0.080183,0.000000,true
A9,25,RA2,Rural area 2,France,DL,Mobile SDL 700 MHz,0-68-27,true,7,0.000000,0.0,0.080183,0.000000,false
A9,25,RA2,Rural area 2,France,DL,Mobile DL 700 MHz,0-109-44,true,7,0.000000,0.0,0.080183,0.000000,false
A9,25,RA2,Rural area 2,France,DL,Mobile DL 800 MHz,35-139-69,true,7,0.080183,1.0,0.080183,0.000000,true
A9,25,RA2,Rural area 2,France,DL,Mobile DL 900 MHz,65-174-118,true,7,0.000000,0.0,0.080183,0.000000,false
A9,25,RA2,Rural area 2,France,DL,Mobile DL 1.4 GHz,102-194-164,true,7,0.000000,0.0,0.080183,0.000000,false
A9,25,RA2,Rural area 2,France,DL,Mobile DL 1.8 GHz,153-216-201,true,7,0.080183,1.0,0.080183,0.000000,true
A9,25,RA2,Rural area 2,France,DL,Mobile DL 2.1 GHz,204-236-230,true,7,0.000000,0.0,0.080183,0.000000,false
A9,25,RA2,Rural area 2,France,DL,Mobile DL 2.6 GHz,229-245-249,true,7,0.000000,0.0,0.080183,0.000000,false
A9,25,RA2,Rural area 2,Hungary,DL,Broadcast,189-189-189,true,5,0.000000,0.0,0.080183,0.000000,false
A9,25,RA2,Rural area 2,Hungary,DL,DECT,254-196-79,true,5,0.000000,0.0,0.080183,0.000000,false
A9,25,RA2,Rural area 2,Hungary,DL,WiFi 5 GHz,158-154-200,true,5,0.000000,0.0,0.080183,0.000000,false
A9,25,RA2,Rural area 2,Hungary,DL,ISM/WiFi 2.4 GHz,117-107-177,true,5,0.000000,0.0,0.080183,0.000000,false
A9,25,RA2,Rural area 2,Hungary,DL,Mobile UL 700 MHz,8-48-107,true,5,0.000000,0.0,0.080183,0.000000,false
A9,25,RA2,Rural area 2,Hungary,DL,Mobile UL 800 MHz,8-81-156,true,5,0.400916,5.0,0.080183,0.000000,true
A9,25,RA2,Rural area 2,Hungary,DL,Mobile UL 900 MHz,33-113-181,true,5,0.080183,1.0,0.080183,0.000000,true
A9,25,RA2,Rural area 2,Hungary,DL,Mobile UL 1.8 GHz,66-146-198,true,5,0.160367,2.0,0.080183,0.000000,true
A9,25,RA2,Rural area 2,Hungary,DL,Mobile UL 2.1 GHz,107-174-214,true,5,0.000000,0.0,0.080183,0.000000,false
A9,25,RA2,Rural area 2,Hungary,DL,Mobile UL 2.6 GHz,158-202-225,true,5,0.561283,7.0,0.080183,0.000000,true
A9,25,RA2,Rural area 2,Hungary,DL,Mobile TDD 2.6 GHz,247-104-161,true,5,0.000000,0.0,0.080183,0.000000,false
A9,25,RA2,Rural area 2,Hungary,DL,Mobile TDD 3.5 GHz,221-52-151,true,5,0.000000,0.0,0.080183,0.000000,false
A9,25,RA2,Rural area 2,Hungary,DL,Mobile SDL 700 MHz,0-68-27,true,5,0.000000,0.0,0.080183,0.000000,false
A9,25,RA2,Rural area 2,Hungary,DL,Mobile DL 700 MHz,0-109-44,true,5,0.000000,0.0,0.080183,0.000000,false
A9,25,RA2,Rural area 2,Hungary,DL,Mobile DL 800 MHz,35-139-69,true,5,0.080183,1.0,0.080183,0.000000,true
A9,25,RA2,Rural area 2,Hungary,DL,Mobile DL 900 MHz,65-174-118,true,5,0.240550,3.0,0.080183,0.000000,true
A9,25,RA2,Rural area 2,Hungary,DL,Mobile DL 1.4 GHz,102-194-164,true,5,0.000000,0.0,0.080183,0.000000,false
A9,25,RA2,Rural area 2,Hungary,DL,Mobile DL 1.8 GHz,153-216-201,true,5,0.080183,1.0,0.080183,0.000000,true
A9,25,RA2,Rural area 2,Hungary,DL,Mobile DL 2.1 GHz,204-236-230,true,5,0.000000,0.0,0.080183,0.000000,false
A9,25,RA2,Rural area 2,Hungary,DL,Mobile DL 2.6 GHz,229-245-249,true,5,0.080183,1.0,0.080183,0.000000,true
A9,25,RA2,Rural area 2,Italy,DL,Broadcast,189-189-189,true,4,0.000000,0.0,0.080183,0.000000,false
A9,25,RA2,Rural area 2,Italy,DL,DECT,254-196-79,true,4,0.000000,0.0,0.080183,0.000000,false
A9,25,RA2,Rural area 2,Italy,DL,WiFi 5 GHz,158-154-200,true,4,0.000000,0.0,0.080183,0.000000,false
A9,25,RA2,Rural area 2,Italy,DL,ISM/WiFi 2.4 GHz,117-107-177,true,4,0.080183,1.0,0.080183,0.000000,true
A9,25,RA2,Rural area 2,Italy,DL,Mobile UL 700 MHz,8-48-107,true,4,0.000000,0.0,0.080183,0.000000,false
A9,25,RA2,Rural area 2,Italy,DL,Mobile UL 800 MHz,8-81-156,true,4,0.080183,1.0,0.080183,0.000000,true
A9,25,RA2,Rural area 2,Italy,DL,Mobile UL 900 MHz,33-113-181,true,4,0.080183,1.0,0.080183,0.000000,true
A9,25,RA2,Rural area 2,Italy,DL,Mobile UL 1.8 GHz,66-146-198,true,4,0.240550,3.0,0.080183,0.000000,true
A9,25,RA2,Rural area 2,Italy,DL,Mobile UL 2.1 GHz,107-174-214,true,4,0.080183,1.0,0.080183,0.000000,true
A9,25,RA2,Rural area 2,Italy,DL,Mobile UL 2.6 GHz,158-202-225,true,4,0.160367,2.0,0.080183,0.000000,true
A9,25,RA2,Rural area 2,Italy,DL,Mobile TDD 2.6 GHz,247-104-161,true,4,0.000000,0.0,0.080183,0.000000,false
A9,25,RA2,Rural area 2,Italy,DL,Mobile TDD 3.5 GHz,221-52-151,true,4,0.000000,0.0,0.080183,0.000000,false
A9,25,RA2,Rural area 2,Italy,DL,Mobile SDL 700 MHz,0-68-27,true,4,0.000000,0.0,0.080183,0.000000,false
A9,25,RA2,Rural area 2,Italy,DL,Mobile DL 700 MHz,0-109-44,true,4,0.000000,0.0,0.080183,0.000000,false
A9,25,RA2,Rural area 2,Italy,DL,Mobile DL 800 MHz,35-139-69,true,4,0.000000,0.0,0.080183,0.000000,false
A9,25,RA2,Rural area 2,Italy,DL,Mobile DL 900 MHz,65-174-118,true,4,0.080183,1.0,0.080183,0.000000,true
A9,25,RA2,Rural area 2,Italy,DL,Mobile DL 1.4 GHz,102-194-164,true,4,0.000000,0.0,0.080183,0.000000,false
A9,25,RA2,Rural area 2,Italy,DL,Mobile DL 1.8 GHz,153-216-201,true,4,0.000000,0.0,0.080183,0.000000,false
A9,25,RA2,Rural area 2,Italy,DL,Mobile DL 2.1 GHz,204-236-230,true,4,0.080183,1.0,0.080183,0.000000,true
A9,25,RA2,Rural area 2,Italy,DL,Mobile DL 2.6 GHz,229-245-249,true,4,0.000000,0.0,0.080183,0.000000,false
A9,25,RA2,Rural area 2,Netherlands,DL,Broadcast,189-189-189,true,1,0.000000,0.0,0.080183,0.000000,false
A9,25,RA2,Rural area 2,Netherlands,DL,DECT,254-196-79,true,1,0.000000,0.0,0.080183,0.000000,false
A9,25,RA2,Rural area 2,Netherlands,DL,WiFi 5 GHz,158-154-200,true,1,0.000000,0.0,0.080183,0.000000,false
A9,25,RA2,Rural area 2,Netherlands,DL,ISM/WiFi 2.4 GHz,117-107-177,true,1,0.000000,0.0,0.080183,0.000000,false
A9,25,RA2,Rural area 2,Netherlands,DL,Mobile UL 700 MHz,8-48-107,true,1,0.000000,0.0,0.080183,0.000000,false
A9,25,RA2,Rural area 2,Netherlands,DL,Mobile UL 800 MHz,8-81-156,true,1,2.886598,36.0,0.080183,0.000000,true
A9,25,RA2,Rural area 2,Netherlands,DL,Mobile UL 900 MHz,33-113-181,true,1,0.080183,1.0,0.080183,0.000000,true
A9,25,RA2,Rural area 2,Netherlands,DL,Mobile UL 1.8 GHz,66-146-198,true,1,18.121420,226.0,0.080183,0.000000,true
A9,25,RA2,Rural area 2,Netherlands,DL,Mobile UL 2.1 GHz,107-174-214,true,1,0.000000,0.0,0.080183,0.000000,false
A9,25,RA2,Rural area 2,Netherlands,DL,Mobile UL 2.6 GHz,158-202-225,true,1,0.000000,0.0,0.080183,0.000000,false
A9,25,RA2,Rural area 2,Netherlands,DL,Mobile TDD 2.6 GHz,247-104-161,true,1,0.000000,0.0,0.080183,0.000000,false
A9,25,RA2,Rural area 2,Netherlands,DL,Mobile TDD 3.5 GHz,221-52-151,true,1,0.000000,0.0,0.080183,0.000000,false
A9,25,RA2,Rural area 2,Netherlands,DL,Mobile SDL 700 MHz,0-68-27,true,1,0.000000,0.0,0.080183,0.000000,false
A9,25,RA2,Rural area 2,Netherlands,DL,Mobile DL 700 MHz,0-109-44,true,1,0.000000,0.0,0.080183,0.000000,false
A9,25,RA2,Rural area 2,Netherlands,DL,Mobile DL 800 MHz,35-139-69,true,1,0.000000,0.0,0.080183,0.000000,false
A9,25,RA2,Rural area 2,Netherlands,DL,Mobile DL 900 MHz,65-174-118,true,1,0.080183,1.0,0.080183,0.000000,true
A9,25,RA2,Rural area 2,Netherlands,DL,Mobile DL 1.4 GHz,102-194-164,true,1,0.080183,1.0,0.080183,0.000000,true
A9,25,RA2,Rural area 2,Netherlands,DL,Mobile DL 1.8 GHz,153-216-201,true,1,0.000000,0.0,0.080183,0.000000,false
A9,25,RA2,Rural area 2,Netherlands,DL,Mobile DL 2.1 GHz,204-236-230,true,1,0.080183,1.0,0.080183,0.000000,true
A9,25,RA2,Rural area 2,Netherlands,DL,Mobile DL 2.6 GHz,229-245-249,true,1,0.000000,0.0,0.080183,0.000000,false
A9,25,RA2,Rural area 2,Poland,DL,Broadcast,189-189-189,true,5,0.000000,0.0,0.080183,0.000000,false
A9,25,RA2,Rural area 2,Poland,DL,DECT,254-196-79,true,5,0.000000,0.0,0.080183,0.000000,false
A9,25,RA2,Rural area 2,Poland,DL,WiFi 5 GHz,158-154-200,true,5,0.000000,0.0,0.080183,0.000000,false
A9,25,RA2,Rural area 2,Poland,DL,ISM/WiFi 2.4 GHz,117-107-177,true,5,0.000000,0.0,0.080183,0.000000,false
A9,25,RA2,Rural area 2,Poland,DL,Mobile UL 700 MHz,8-48-107,true,5,0.000000,0.0,0.080183,0.000000,false
A9,25,RA2,Rural area 2,Poland,DL,Mobile UL 800 MHz,8-81-156,true,5,0.000000,0.0,0.080183,0.000000,false
A9,25,RA2,Rural area 2,Poland,DL,Mobile UL 900 MHz,33-113-181,true,5,0.160367,2.0,0.080183,0.000000,true
A9,25,RA2,Rural area 2,Poland,DL,Mobile UL 1.8 GHz,66-146-198,true,5,0.641466,8.0,0.080183,0.000000,true
A9,25,RA2,Rural area 2,Poland,DL,Mobile UL 2.1 GHz,107-174-214,true,5,0.080183,1.0,0.080183,0.000000,true
A9,25,RA2,Rural area 2,Poland,DL,Mobile UL 2.6 GHz,158-202-225,true,5,0.080183,1.0,0.080183,0.000000,true
A9,25,RA2,Rural area 2,Poland,DL,Mobile TDD 2.6 GHz,247-104-161,true,5,0.000000,0.0,0.080183,0.000000,false
A9,25,RA2,Rural area 2,Poland,DL,Mobile TDD 3.5 GHz,221-52-151,true,5,0.000000,0.0,0.080183,0.000000,false
A9,25,RA2,Rural area 2,Poland,DL,Mobile SDL 700 MHz,0-68-27,true,5,0.000000,0.0,0.080183,0.000000,false
A9,25,RA2,Rural area 2,Poland,DL,Mobile DL 700 MHz,0-109-44,true,5,0.000000,0.0,0.080183,0.000000,false
A9,25,RA2,Rural area 2,Poland,DL,Mobile DL 800 MHz,35-139-69,true,5,0.000000,0.0,0.080183,0.000000,false
A9,25,RA2,Rural area 2,Poland,DL,Mobile DL 900 MHz,65-174-118,true,5,0.000000,0.0,0.080183,0.000000,false
A9,25,RA2,Rural area 2,Poland,DL,Mobile DL 1.4 GHz,102-194-164,true,5,0.080183,1.0,0.080183,0.000000,true
A9,25,RA2,Rural area 2,Poland,DL,Mobile DL 1.8 GHz,153-216-201,true,5,0.000000,0.0,0.080183,0.000000,false
A9,25,RA2,Rural area 2,Poland,DL,Mobile DL 2.1 GHz,204-236-230,true,5,0.000000,0.0,0.080183,0.000000,false
A9,25,RA2,Rural area 2,Poland,DL,Mobile DL 2.6 GHz,229-245-249,true,5,0.000000,0.0,0.080183,0.000000,false
A9,25,RA2,Rural area 2,Spain,DL,Broadcast,189-189-189,false,0,,,0.080183,,false
A9,25,RA2,Rural area 2,Spain,DL,DECT,254-196-79,false,0,,,0.080183,,false
A9,25,RA2,Rural area 2,Spain,DL,WiFi 5 GHz,158-154-200,false,0,,,0.080183,,false
A9,25,RA2,Rural area 2,Spain,DL,ISM/WiFi 2.4 GHz,117-107-177,false,0,,,0.080183,,false
A9,25,RA2,Rural area 2,Spain,DL,Mobile UL 700 MHz,8-48-107,false,0,,,0.080183,,false
A9,25,RA2,Rural area 2,Spain,DL,Mobile UL 800 MHz,8-81-156,false,0,,,0.080183,,false
A9,25,RA2,Rural area 2,Spain,DL,Mobile UL 900 MHz,33-113-181,false,0,,,0.080183,,false
A9,25,RA2,Rural area 2,Spain,DL,Mobile UL 1.8 GHz,66-146-198,false,0,,,0.080183,,false
A9,25,RA2,Rural area 2,Spain,DL,Mobile UL 2.1 GHz,107-174-214,false,0,,,0.080183,,false
A9,25,RA2,Rural area 2,Spain,DL,Mobile UL 2.6 GHz,158-202-225,false,0,,,0.080183,,false
A9,25,RA2,Rural area 2,Spain,DL,Mobile TDD 2.6 GHz,247-104-161,false,0,,,0.080183,,false
A9,25,RA2,Rural area 2,Spain,DL,Mobile TDD 3.5 GHz,221-52-151,false,0,,,0.080183,,false
A9,25,RA2,Rural area 2,Spain,DL,Mobile SDL 700 MHz,0-68-27,false,0,,,0.080183,,false
A9,25,RA2,Rural area 2,Spain,DL,Mobile DL 700 MHz,0-109-44,false,0,,,0.080183,,false
A9,25,RA2,Rural area 2,Spain,DL,Mobile DL 800 MHz,35-139-69,false,0,,,0.080183,,false
A9,25,RA2,Rural area 2,Spain,DL,Mobile DL 900 MHz,65-174-118,false,0,,,0.080183,,false
A9,25,RA2,Rural area 2,Spain,DL,Mobile DL 1.4 GHz,102-194-164,false,0,,,0.080183,,false
A9,25,RA2,Rural area 2,Spain,DL,Mobile DL 1.8 GHz,153-216-201,false,0,,,0.080183,,false
A9,25,RA2,Rural area 2,Spain,DL,Mobile DL 2.1 GHz,204-236-230,false,0,,,0.080183,,false
A9,25,RA2,Rural area 2,Spain,DL,Mobile DL 2.6 GHz,229-245-249,false,0,,,0.080183,,false
A9,25,RA2,Rural area 2,Switzerland,DL,Broadcast,189-189-189,true,4,0.000000,0.0,0.080183,0.000000,false
A9,25,RA2,Rural area 2,Switzerland,DL,DECT,254-196-79,true,4,0.000000,0.0,0.080183,0.000000,false
A9,25,RA2,Rural area 2,Switzerland,DL,WiFi 5 GHz,158-154-200,true,4,0.080183,1.0,0.080183,0.000000,true
A9,25,RA2,Rural area 2,Switzerland,DL,ISM/WiFi 2.4 GHz,117-107-177,true,4,0.080183,1.0,0.080183,0.000000,true
A9,25,RA2,Rural area 2,Switzerland,DL,Mobile UL 700 MHz,8-48-107,true,4,0.000000,0.0,0.080183,0.000000,false
A9,25,RA2,Rural area 2,Switzerland,DL,Mobile UL 800 MHz,8-81-156,true,4,0.000000,0.0,0.080183,0.000000,false
A9,25,RA2,Rural area 2,Switzerland,DL,Mobile UL 900 MHz,33-113-181,true,4,0.000000,0.0,0.080183,0.000000,false
A9,25,RA2,Rural area 2,Switzerland,DL,Mobile UL 1.8 GHz,66-146-198,true,4,0.320733,4.0,0.080183,0.000000,true
A9,25,RA2,Rural area 2,Switzerland,DL,Mobile UL 2.1 GHz,107-174-214,true,4,0.240550,3.0,0.080183,0.000000,true
A9,25,RA2,Rural area 2,Switzerland,DL,Mobile UL 2.6 GHz,158-202-225,true,4,0.000000,0.0,0.080183,0.000000,false
A9,25,RA2,Rural area 2,Switzerland,DL,Mobile TDD 2.6 GHz,247-104-161,true,4,0.000000,0.0,0.080183,0.000000,false
A9,25,RA2,Rural area 2,Switzerland,DL,Mobile TDD 3.5 GHz,221-52-151,true,4,12.508591,156.0,0.080183,0.000000,true
A9,25,RA2,Rural area 2,Switzerland,DL,Mobile SDL 700 MHz,0-68-27,true,4,0.000000,0.0,0.080183,0.000000,false
A9,25,RA2,Rural area 2,Switzerland,DL,Mobile DL 700 MHz,0-109-44,true,4,0.000000,0.0,0.080183,0.000000,false
A9,25,RA2,Rural area 2,Switzerland,DL,Mobile DL 800 MHz,35-139-69,true,4,0.000000,0.0,0.080183,0.000000,false
A9,25,RA2,Rural area 2,Switzerland,DL,Mobile DL 900 MHz,65-174-118,true,4,0.000000,0.0,0.080183,0.000000,false
A9,25,RA2,Rural area 2,Switzerland,DL,Mobile DL 1.4 GHz,102-194-164,true,4,0.000000,0.0,0.080183,0.000000,false
A9,25,RA2,Rural area 2,Switzerland,DL,Mobile DL 1.8 GHz,153-216-201,true,4,0.000000,0.0,0.080183,0.000000,false
A9,25,RA2,Rural area 2,Switzerland,DL,Mobile DL 2.1 GHz,204-236-230,true,4,0.000000,0.0,0.080183,0.000000,false
A9,25,RA2,Rural area 2,Switzerland,DL,Mobile DL 2.6 GHz,229-245-249,true,4,0.000000,0.0,0.080183,0.000000,false
A9,25,RA2,Rural area 2,UK,DL,Broadcast,189-189-189,true,5,0.000000,0.0,0.080183,0.000000,false
A9,25,RA2,Rural area 2,UK,DL,DECT,254-196-79,true,5,0.000000,0.0,0.080183,0.000000,false
A9,25,RA2,Rural area 2,UK,DL,WiFi 5 GHz,158-154-200,true,5,0.080183,1.0,0.080183,0.000000,true
A9,25,RA2,Rural area 2,UK,DL,ISM/WiFi 2.4 GHz,117-107-177,true,5,0.080183,1.0,0.080183,0.000000,true
A9,25,RA2,Rural area 2,UK,DL,Mobile UL 700 MHz,8-48-107,true,5,0.000000,0.0,0.080183,0.000000,false
A9,25,RA2,Rural area 2,UK,DL,Mobile UL 800 MHz,8-81-156,true,5,0.080183,1.0,0.080183,0.000000,true
A9,25,RA2,Rural area 2,UK,DL,Mobile UL 900 MHz,33-113-181,true,5,0.400916,5.0,0.080183,0.000000,true
A9,25,RA2,Rural area 2,UK,DL,Mobile UL 1.8 GHz,66-146-198,true,5,0.080183,1.0,0.080183,0.000000,true
A9,25,RA2,Rural area 2,UK,DL,Mobile UL 2.1 GHz,107-174-214,true,5,0.481100,6.0,0.080183,0.000000,true
A9,25,RA2,Rural area 2,UK,DL,Mobile UL 2.6 GHz,158-202-225,true,5,0.000000,0.0,0.080183,0.000000,false
A9,25,RA2,Rural area 2,UK,DL,Mobile TDD 2.6 GHz,247-104-161,true,5,0.000000,0.0,0.080183,0.000000,false
A9,25,RA2,Rural area 2,UK,DL,Mobile TDD 3.5 GHz,221-52-151,true,5,2.726231,34.0,0.080183,0.000000,true
A9,25,RA2,Rural area 2,UK,DL,Mobile SDL 700 MHz,0-68-27,true,5,0.000000,0.0,0.080183,0.000000,false
A9,25,RA2,Rural area 2,UK,DL,Mobile DL 700 MHz,0-109-44,true,5,0.000000,0.0,0.080183,0.000000,false
A9,25,RA2,Rural area 2,UK,DL,Mobile DL 800 MHz,35-139-69,true,5,0.000000,0.0,0.080183,0.000000,false
A9,25,RA2,Rural area 2,UK,DL,Mobile DL 900 MHz,65-174-118,true,5,0.000000,0.0,0.080183,0.000000,false
A9,25,RA2,Rural area 2,UK,DL,Mobile DL 1.4 GHz,102-194-164,true,5,0.000000,0.0,0.080183,0.000000,false
A9,25,RA2,Rural area 2,UK,DL,Mobile DL 1.8 GHz,153-216-201,true,5,0.080183,1.0,0.080183,0.000000,true
A9,25,RA2,Rural area 2,UK,DL,Mobile DL 2.1 GHz,204-236-230,true,5,0.000000,0.0,0.080183,0.000000,false
A9,25,RA2,Rural area 2,UK,DL,Mobile DL 2.6 GHz,229-245-249,true,5,0.000000,0.0,0.080183,0.000000,false
A9,25,RA2,Rural area 2,Austria,UL,Broadcast,189-189-189,false,0,,,0.080183,,false
A9,25,RA2,Rural area 2,Austria,UL,DECT,254-196-79,false,0,,,0.080183,,false
A9,25,RA2,Rural area 2,Austria,UL,WiFi 5 GHz,158-154-200,false,0,,,0.080183,,false
A9,25,RA2,Rural area 2,Austria,UL,ISM/WiFi 2.4 GHz,117-107-177,false,0,,,0.080183,,false
A9,25,RA2,Rural area 2,Austria,UL,Mobile UL 700 MHz,8-48-107,false,0,,,0.080183,,false
A9,25,RA2,Rural area 2,Austria,UL,Mobile UL 800 MHz,8-81-156,false,0,,,0.080183,,false
A9,25,RA2,Rural area 2,Austria,UL,Mobile UL 900 MHz,33-113-181,false,0,,,0.080183,,false
A9,25,RA2,Rural area 2,Austria,UL,Mobile UL 1.8 GHz,66-146-198,false,0,,,0.080183,,false
A9,25,RA2,Rural area 2,Austria,UL,Mobile UL 2.1 GHz,107-174-214,false,0,,,0.080183,,false
A9,25,RA2,Rural area 2,Austria,UL,Mobile UL 2.6 GHz,158-202-225,false,0,,,0.080183,,false
A9,25,RA2,Rural area 2,Austria,UL,Mobile TDD 2.6 GHz,247-104-161,false,0,,,0.080183,,false
A9,25,RA2,Rural area 2,Austria,UL,Mobile TDD 3.5 GHz,221-52-151,false,0,,,0.080183,,false
A9,25,RA2,Rural area 2,Austria,UL,Mobile SDL 700 MHz,0-68-27,false,0,,,0.080183,,false
A9,25,RA2,Rural area 2,Austria,UL,Mobile DL 700 MHz,0-109-44,false,0,,,0.080183,,false
A9,25,RA2,Rural area 2,Austria,UL,Mobile DL 800 MHz,35-139-69,false,0,,,0.080183,,false
A9,25,RA2,Rural area 2,Austria,UL,Mobile DL 900 MHz,65-174-118,false,0,,,0.080183,,false
A9,25,RA2,Rural area 2,Austria,UL,Mobile DL 1.4 GHz,102-194-164,false,0,,,0.080183,,false
A9,25,RA2,Rural area 2,Austria,UL,Mobile DL 1.8 GHz,153-216-201,false,0,,,0.080183,,false
A9,25,RA2,Rural area 2,Austria,UL,Mobile DL 2.1 GHz,204-236-230,false,0,,,0.080183,,false
A9,25,RA2,Rural area 2,Austria,UL,Mobile DL 2.6 GHz,229-245-249,false,0,,,0.080183,,false
A9,25,RA2,Rural area 2,Belgium,UL,Broadcast,189-189-189,true,5,0.000000,0.0,0.080183,0.000000,false
A9,25,RA2,Rural area 2,Belgium,UL,DECT,254-196-79,true,5,0.000000,0.0,0.080183,0.000000,false
A9,25,RA2,Rural area 2,Belgium,UL,WiFi 5 GHz,158-154-200,true,5,0.000000,0.0,0.080183,0.000000,false
A9,25,RA2,Rural area 2,Belgium,UL,ISM/WiFi 2.4 GHz,117-107-177,true,5,0.000000,0.0,0.080183,0.000000,false
A9,25,RA2,Rural area 2,Belgium,UL,Mobile UL 700 MHz,8-48-107,true,5,0.000000,0.0,0.080183,0.000000,false
A9,25,RA2,Rural area 2,Belgium,UL,Mobile UL 800 MHz,8-81-156,true,5,10.904926,136.0,0.080183,0.000000,true
A9,25,RA2,Rural area 2,Belgium,UL,Mobile UL 900 MHz,33-113-181,true,5,0.160367,2.0,0.080183,0.000000,true
A9,25,RA2,Rural area 2,Belgium,UL,Mobile UL 1.8 GHz,66-146-198,true,5,3.928981,49.0,0.080183,0.000000,true
A9,25,RA2,Rural area 2,Belgium,UL,Mobile UL 2.1 GHz,107-174-214,true,5,0.000000,0.0,0.080183,0.000000,false
A9,25,RA2,Rural area 2,Belgium,UL,Mobile UL 2.6 GHz,158-202-225,true,5,0.000000,0.0,0.080183,0.000000,false
A9,25,RA2,Rural area 2,Belgium,UL,Mobile TDD 2.6 GHz,247-104-161,true,5,0.000000,0.0,0.080183,0.000000,false
A9,25,RA2,Rural area 2,Belgium,UL,Mobile TDD 3.5 GHz,221-52-151,true,5,0.000000,0.0,0.080183,0.000000,false
A9,25,RA2,Rural area 2,Belgium,UL,Mobile SDL 700 MHz,0-68-27,true,5,0.000000,0.0,0.080183,0.000000,false
A9,25,RA2,Rural area 2,Belgium,UL,Mobile DL 700 MHz,0-109-44,true,5,0.000000,0.0,0.080183,0.000000,false
A9,25,RA2,Rural area 2,Belgium,UL,Mobile DL 800 MHz,35-139-69,true,5,0.000000,0.0,0.080183,0.000000,false
A9,25,RA2,Rural area 2,Belgium,UL,Mobile DL 900 MHz,65-174-118,true,5,0.000000,0.0,0.080183,0.000000,false
A9,25,RA2,Rural area 2,Belgium,UL,Mobile DL 1.4 GHz,102-194-164,true,5,0.000000,0.0,0.080183,0.000000,false
A9,25,RA2,Rural area 2,Belgium,UL,Mobile DL 1.8 GHz,153-216-201,true,5,0.000000,0.0,0.080183,0.000000,false
A9,25,RA2,Rural area 2,Belgium,UL,Mobile DL 2.1 GHz,204-236-230,true,5,0.080183,1.0,0.080183,0.000000,true
A9,25,RA2,Rural area 2,Belgium,UL,Mobile DL 2.6 GHz,229-245-249,true,5,0.000000,0.0,0.080183,0.000000,false
A9,25,RA2,Rural area 2,France,UL,Broadcast,189-189-189,true,7,0.000000,0.0,0.080183,0.000000,false
A9,25,RA2,Rural area 2,France,UL,DECT,254-196-79,true,7,0.641466,8.0,0.080183,0.000000,true
A9,25,RA2,Rural area 2,France,UL,WiFi 5 GHz,158-154-200,true,7,0.080183,1.0,0.080183,0.000000,true
A9,25,RA2,Rural area 2,France,UL,ISM/WiFi 2.4 GHz,117-107-177,true,7,0.080183,1.0,0.080183,0.000000,true
A9,25,RA2,Rural area 2,France,UL,Mobile UL 700 MHz,8-48-107,true,7,0.000000,0.0,0.080183,0.000000,false
A9,25,RA2,Rural area 2,France,UL,Mobile UL 800 MHz,8-81-156,true,7,0.400916,5.0,0.080183,0.000000,true
A9,25,RA2,Rural area 2,France,UL,Mobile UL 900 MHz,33-113-181,true,7,0.000000,0.0,0.080183,0.000000,false
A9,25,RA2,Rural area 2,France,UL,Mobile UL 1.8 GHz,66-146-198,true,7,12.027491,150.0,0.080183,0.000000,true
A9,25,RA2,Rural area 2,France,UL,Mobile UL 2.1 GHz,107-174-214,true,7,4.971363,62.0,0.080183,0.000000,true
A9,25,RA2,Rural area 2,France,UL,Mobile UL 2.6 GHz,158-202-225,true,7,0.000000,0.0,0.080183,0.000000,false
A9,25,RA2,Rural area 2,France,UL,Mobile TDD 2.6 GHz,247-104-161,true,7,0.000000,0.0,0.080183,0.000000,false
A9,25,RA2,Rural area 2,France,UL,Mobile TDD 3.5 GHz,221-52-151,true,7,0.320733,4.0,0.080183,0.000000,true
A9,25,RA2,Rural area 2,France,UL,Mobile SDL 700 MHz,0-68-27,true,7,0.000000,0.0,0.080183,0.000000,false
A9,25,RA2,Rural area 2,France,UL,Mobile DL 700 MHz,0-109-44,true,7,0.000000,0.0,0.080183,0.000000,false
A9,25,RA2,Rural area 2,France,UL,Mobile DL 800 MHz,35-139-69,true,7,0.080183,1.0,0.080183,0.000000,true
A9,25,RA2,Rural area 2,France,UL,Mobile DL 900 MHz,65-174-118,true,7,0.000000,0.0,0.080183,0.000000,false
A9,25,RA2,Rural area 2,France,UL,Mobile DL 1.4 GHz,102-194-164,true,7,0.000000,0.0,0.080183,0.000000,false
A9,25,RA2,Rural area 2,France,UL,Mobile DL 1.8 GHz,153-216-201,true,7,0.080183,1.0,0.080183,0.000000,true
A9,25,RA2,Rural area 2,France,UL,Mobile DL 2.1 GHz,204-236-230,true,7,0.000000,0.0,0.080183,0.000000,false
A9,25,RA2,Rural area 2,France,UL,Mobile DL 2.6 GHz,229-245-249,true,7,0.000000,0.0,0.080183,0.000000,false
A9,25,RA2,Rural area 2,Hungary,UL,Broadcast,189-189-189,true,5,0.000000,0.0,0.080183,0.000000,false
A9,25,RA2,Rural area 2,Hungary,UL,DECT,254-196-79,true,5,0.000000,0.0,0.080183,0.000000,false
A9,25,RA2,Rural area 2,Hungary,UL,WiFi 5 GHz,158-154-200,true,5,0.000000,0.0,0.080183,0.000000,false
A9,25,RA2,Rural area 2,Hungary,UL,ISM/WiFi 2.4 GHz,117-107-177,true,5,0.000000,0.0,0.080183,0.000000,false
A9,25,RA2,Rural area 2,Hungary,UL,Mobile UL 700 MHz,8-48-107,true,5,0.000000,0.0,0.080183,0.000000,false
A9,25,RA2,Rural area 2,Hungary,UL,Mobile UL 800 MHz,8-81-156,true,5,0.000000,0.0,0.080183,0.000000,false
A9,25,RA2,Rural area 2,Hungary,UL,Mobile UL 900 MHz,33-113-181,true,5,0.000000,0.0,0.080183,0.000000,false
A9,25,RA2,Rural area 2,Hungary,UL,Mobile UL 1.8 GHz,66-146-198,true,5,4.971363,62.0,0.080183,0.000000,true
A9,25,RA2,Rural area 2,Hungary,UL,Mobile UL 2.1 GHz,107-174-214,true,5,0.080183,1.0,0.080183,0.000000,true
A9,25,RA2,Rural area 2,Hungary,UL,Mobile UL 2.6 GHz,158-202-225,true,5,15.074456,188.0,0.080183,0.000000,true
A9,25,RA2,Rural area 2,Hungary,UL,Mobile TDD 2.6 GHz,247-104-161,true,5,0.000000,0.0,0.080183,0.000000,false
A9,25,RA2,Rural area 2,Hungary,UL,Mobile TDD 3.5 GHz,221-52-151,true,5,0.000000,0.0,0.080183,0.000000,false
A9,25,RA2,Rural area 2,Hungary,UL,Mobile SDL 700 MHz,0-68-27,true,5,0.000000,0.0,0.080183,0.000000,false
A9,25,RA2,Rural area 2,Hungary,UL,Mobile DL 700 MHz,0-109-44,true,5,0.000000,0.0,0.080183,0.000000,false
A9,25,RA2,Rural area 2,Hungary,UL,Mobile DL 800 MHz,35-139-69,true,5,0.080183,1.0,0.080183,0.000000,true
A9,25,RA2,Rural area 2,Hungary,UL,Mobile DL 900 MHz,65-174-118,true,5,0.080183,1.0,0.080183,0.000000,true
A9,25,RA2,Rural area 2,Hungary,UL,Mobile DL 1.4 GHz,102-194-164,true,5,0.080183,1.0,0.080183,0.000000,true
A9,25,RA2,Rural area 2,Hungary,UL,Mobile DL 1.8 GHz,153-216-201,true,5,0.000000,0.0,0.080183,0.000000,false
A9,25,RA2,Rural area 2,Hungary,UL,Mobile DL 2.1 GHz,204-236-230,true,5,0.000000,0.0,0.080183,0.000000,false
A9,25,RA2,Rural area 2,Hungary,UL,Mobile DL 2.6 GHz,229-245-249,true,5,0.000000,0.0,0.080183,0.000000,false
A9,25,RA2,Rural area 2,Italy,UL,Broadcast,189-189-189,true,4,0.000000,0.0,0.080183,0.000000,false
A9,25,RA2,Rural area 2,Italy,UL,DECT,254-196-79,true,4,0.000000,0.0,0.080183,0.000000,false
A9,25,RA2,Rural area 2,Italy,UL,WiFi 5 GHz,158-154-200,true,4,0.000000,0.0,0.080183,0.000000,false
A9,25,RA2,Rural area 2,Italy,UL,ISM/WiFi 2.4 GHz,117-107-177,true,4,0.080183,1.0,0.080183,0.000000,true
A9,25,RA2,Rural area 2,Italy,UL,Mobile UL 700 MHz,8-48-107,true,4,0.000000,0.0,0.080183,0.000000,false
A9,25,RA2,Rural area 2,Italy,UL,Mobile UL 800 MHz,8-81-156,true,4,1.282932,16.0,0.080183,0.000000,true
A9,25,RA2,Rural area 2,Italy,UL,Mobile UL 900 MHz,33-113-181,true,4,0.000000,0.0,0.080183,0.000000,false
A9,25,RA2,Rural area 2,Italy,UL,Mobile UL 1.8 GHz,66-146-198,true,4,7.777778,97.0,0.080183,0.000000,true
A9,25,RA2,Rural area 2,Italy,UL,Mobile UL 2.1 GHz,107-174-214,true,4,2.084765,26.0,0.080183,0.000000,true
A9,25,RA2,Rural area 2,Italy,UL,Mobile UL 2.6 GHz,158-202-225,true,4,46.987400,586.0,0.080183,0.000000,true
A9,25,RA2,Rural area 2,Italy,UL,Mobile TDD 2.6 GHz,247-104-161,true,4,0.000000,0.0,0.080183,0.000000,false
A9,25,RA2,Rural area 2,Italy,UL,Mobile TDD 3.5 GHz,221-52-151,true,4,0.000000,0.0,0.080183,0.000000,false
A9,25,RA2,Rural area 2,Italy,UL,Mobile SDL 700 MHz,0-68-27,true,4,0.000000,0.0,0.080183,0.000000,false
A9,25,RA2,Rural area 2,Italy,UL,Mobile DL 700 MHz,0-109-44,true,4,0.000000,0.0,0.080183,0.000000,false
A9,25,RA2,Rural area 2,Italy,UL,Mobile DL 800 MHz,35-139-69,true,4,0.000000,0.0,0.080183,0.000000,false
A9,25,RA2,Rural area 2,Italy,UL,Mobile DL 900 MHz,65-174-118,true,4,0.080183,1.0,0.080183,0.000000,true
A9,25,RA2,Rural area 2,Italy,UL,Mobile DL 1.4 GHz,102-194-164,true,4,0.080183,1.0,0.080183,0.000000,true
A9,25,RA2,Rural area 2,Italy,UL,Mobile DL 1.8 GHz,153-216-201,true,4,0.000000,0.0,0.080183,0.000000,false
A9,25,RA2,Rural area 2,Italy,UL,Mobile DL 2.1 GHz,204-236-230,true,4,0.080183,1.0,0.080183,0.000000,true
A9,25,RA2,Rural area 2,Italy,UL,Mobile DL 2.6 GHz,229-245-249,true,4,0.000000,0.0,0.080183,0.000000,false
A9,25,RA2,Rural area 2,Netherlands,UL,Broadcast,189-189-189,true,4,0.000000,0.0,0.080183,0.000000,false
A9,25,RA2,Rural area 2,Netherlands,UL,DECT,254-196-79,true,4,0.000000,0.0,0.080183,0.000000,false
A9,25,RA2,Rural area 2,Netherlands,UL,WiFi 5 GHz,158-154-200,true,4,0.000000,0.0,0.080183,0.000000,false
A9,25,RA2,Rural area 2,Netherlands,UL,ISM/WiFi 2.4 GHz,117-107-177,true,4,0.000000,0.0,0.080183,0.000000,false
A9,25,RA2,Rural area 2,Netherlands,UL,Mobile UL 700 MHz,8-48-107,true,4,0.000000,0.0,0.080183,0.000000,false
A9,25,RA2,Rural area 2,Netherlands,UL,Mobile UL 800 MHz,8-81-156,true,4,7.376861,92.0,0.080183,0.000000,true
A9,25,RA2,Rural area 2,Netherlands,UL,Mobile UL 900 MHz,33-113-181,true,4,0.000000,0.0,0.080183,0.000000,false
A9,25,RA2,Rural area 2,Netherlands,UL,Mobile UL 1.8 GHz,66-146-198,true,4,13.470790,168.0,0.080183,0.000000,true
A9,25,RA2,Rural area 2,Netherlands,UL,Mobile UL 2.1 GHz,107-174-214,true,4,0.160367,2.0,0.080183,0.000000,true
A9,25,RA2,Rural area 2,Netherlands,UL,Mobile UL 2.6 GHz,158-202-225,true,4,0.000000,0.0,0.080183,0.000000,false
A9,25,RA2,Rural area 2,Netherlands,UL,Mobile TDD 2.6 GHz,247-104-161,true,4,0.000000,0.0,0.080183,0.000000,false
A9,25,RA2,Rural area 2,Netherlands,UL,Mobile TDD 3.5 GHz,221-52-151,true,4,0.000000,0.0,0.080183,0.000000,false
A9,25,RA2,Rural area 2,Netherlands,UL,Mobile SDL 700 MHz,0-68-27,true,4,0.000000,0.0,0.080183,0.000000,false
A9,25,RA2,Rural area 2,Netherlands,UL,Mobile DL 700 MHz,0-109-44,true,4,0.000000,0.0,0.080183,0.000000,false
A9,25,RA2,Rural area 2,Netherlands,UL,Mobile DL 800 MHz,35-139-69,true,4,0.000000,0.0,0.080183,0.000000,false
A9,25,RA2,Rural area 2,Netherlands,UL,Mobile DL 900 MHz,65-174-118,true,4,0.000000,0.0,0.080183,0.000000,false
A9,25,RA2,Rural area 2,Netherlands,UL,Mobile DL 1.4 GHz,102-194-164,true,4,0.080183,1.0,0.080183,0.000000,true
A9,25,RA2,Rural area 2,Netherlands,UL,Mobile DL 1.8 GHz,153-216-201,true,4,0.000000,0.0,0.080183,0.000000,false
A9,25,RA2,Rural area 2,Netherlands,UL,Mobile DL 2.1 GHz,204-236-230,true,4,0.000000,0.0,0.080183,0.000000,false
A9,25,RA2,Rural area 2,Netherlands,UL,Mobile DL 2.6 GHz,229-245-249,true,4,0.000000,0.0,0.080183,0.000000,false
A9,25,RA2,Rural area 2,Poland,UL,Broadcast,189-189-189,true,6,0.000000,0.0,0.080183,0.000000,false
A9,25,RA2,Rural area 2,Poland,UL,DECT,254-196-79,true,6,0.000000,0.0,0.080183,0.000000,false
A9,25,RA2,Rural area 2,Poland,UL,WiFi 5 GHz,158-154-200,true,6,0.000000,0.0,0.080183,0.000000,false
A9,25,RA2,Rural area 2,Poland,UL,ISM/WiFi 2.4 GHz,117-107-177,true,6,0.000000,0.0,0.080183,0.000000,false
A9,25,RA2,Rural area 2,Poland,UL,Mobile UL 700 MHz,8-48-107,true,6,0.000000,0.0,0.080183,0.000000,false
A9,25,RA2,Rural area 2,Poland,UL,Mobile UL 800 MHz,8-81-156,true,6,0.481100,6.0,0.080183,0.000000,true
A9,25,RA2,Rural area 2,Poland,UL,Mobile UL 900 MHz,33-113-181,true,6,0.000000,0.0,0.080183,0.000000,false
A9,25,RA2,Rural area 2,Poland,UL,Mobile UL 1.8 GHz,66-146-198,true,6,8.419244,105.0,0.080183,0.000000,true
A9,25,RA2,Rural area 2,Poland,UL,Mobile UL 2.1 GHz,107-174-214,true,6,3.848797,48.0,0.080183,0.000000,true
A9,25,RA2,Rural area 2,Poland,UL,Mobile UL 2.6 GHz,158-202-225,true,6,0.000000,0.0,0.080183,0.000000,false
A9,25,RA2,Rural area 2,Poland,UL,Mobile TDD 2.6 GHz,247-104-161,true,6,0.000000,0.0,0.080183,0.000000,false
A9,25,RA2,Rural area 2,Poland,UL,Mobile TDD 3.5 GHz,221-52-151,true,6,0.000000,0.0,0.080183,0.000000,false
A9,25,RA2,Rural area 2,Poland,UL,Mobile SDL 700 MHz,0-68-27,true,6,0.000000,0.0,0.080183,0.000000,false
A9,25,RA2,Rural area 2,Poland,UL,Mobile DL 700 MHz,0-109-44,true,6,0.000000,0.0,0.080183,0.000000,false
A9,25,RA2,Rural area 2,Poland,UL,Mobile DL 800 MHz,35-139-69,true,6,0.000000,0.0,0.080183,0.000000,false
A9,25,RA2,Rural area 2,Poland,UL,Mobile DL 900 MHz,65-174-118,true,6,0.000000,0.0,0.080183,0.000000,false
A9,25,RA2,Rural area 2,Poland,UL,Mobile DL 1.4 GHz,102-194-164,true,6,0.000000,0.0,0.080183,0.000000,false
A9,25,RA2,Rural area 2,Poland,UL,Mobile DL 1.8 GHz,153-216-201,true,6,0.000000,0.0,0.080183,0.000000,false
A9,25,RA2,Rural area 2,Poland,UL,Mobile DL 2.1 GHz,204-236-230,true,6,0.000000,0.0,0.080183,0.000000,false
A9,25,RA2,Rural area 2,Poland,UL,Mobile DL 2.6 GHz,229-245-249,true,6,0.000000,0.0,0.080183,0.000000,false
A9,25,RA2,Rural area 2,Spain,UL,Broadcast,189-189-189,false,0,,,0.080183,,false
A9,25,RA2,Rural area 2,Spain,UL,DECT,254-196-79,false,0,,,0.080183,,false
A9,25,RA2,Rural area 2,Spain,UL,WiFi 5 GHz,158-154-200,false,0,,,0.080183,,false
A9,25,RA2,Rural area 2,Spain,UL,ISM/WiFi 2.4 GHz,117-107-177,false,0,,,0.080183,,false
A9,25,RA2,Rural area 2,Spain,UL,Mobile UL 700 MHz,8-48-107,false,0,,,0.080183,,false
A9,25,RA2,Rural area 2,Spain,UL,Mobile UL 800 MHz,8-81-156,false,0,,,0.080183,,false
A9,25,RA2,Rural area 2,Spain,UL,Mobile UL 900 MHz,33-113-181,false,0,,,0.080183,,false
A9,25,RA2,Rural area 2,Spain,UL,Mobile UL 1.8 GHz,66-146-198,false,0,,,0.080183,,false
A9,25,RA2,Rural area 2,Spain,UL,Mobile UL 2.1 GHz,107-174-214,false,0,,,0.080183,,false
A9,25,RA2,Rural area 2,Spain,UL,Mobile UL 2.6 GHz,158-202-225,false,0,,,0.080183,,false
A9,25,RA2,Rural area 2,Spain,UL,Mobile TDD 2.6 GHz,247-104-161,false,0,,,0.080183,,false
A9,25,RA2,Rural area 2,Spain,UL,Mobile TDD 3.5 GHz,221-52-151,false,0,,,0.080183,,false
A9,25,RA2,Rural area 2,Spain,UL,Mobile SDL 700 MHz,0-68-27,false,0,,,0.080183,,false
A9,25,RA2,Rural area 2,Spain,UL,Mobile DL 700 MHz,0-109-44,false,0,,,0.080183,,false
A9,25,RA2,Rural area 2,Spain,UL,Mobile DL 800 MHz,35-139-69,false,0,,,0.080183,,false
A9,25,RA2,Rural area 2,Spain,UL,Mobile DL 900 MHz,65-174-118,false,0,,,0.080183,,false
A9,25,RA2,Rural area 2,Spain,UL,Mobile DL 1.4 GHz,102-194-164,false,0,,,0.080183,,false
A9,25,RA2,Rural area 2,Spain,UL,Mobile DL 1.8 GHz,153-216-201,false,0,,,0.080183,,false
A9,25,RA2,Rural area 2,Spain,UL,Mobile DL 2.1 GHz,204-236-230,false,0,,,0.080183,,false
A9,25,RA2,Rural area 2,Spain,UL,Mobile DL 2.6 GHz,229-245-249,false,0,,,0.080183,,false
A9,25,RA2,Rural area 2,Switzerland,UL,Broadcast,189-189-189,true,3,0.000000,0.0,0.080183,0.000000,false
A9,25,RA2,Rural area 2,Switzerland,UL,DECT,254-196-79,true,3,0.000000,0.0,0.080183,0.000000,false
A9,25,RA2,Rural area 2,Switzerland,UL,WiFi 5 GHz,158-154-200,true,3,0.000000,0.0,0.080183,0.000000,false
A9,25,RA2,Rural area 2,Switzerland,UL,ISM/WiFi 2.4 GHz,117-107-177,true,3,0.160367,2.0,0.080183,0.000000,true
A9,25,RA2,Rural area 2,Switzerland,UL,Mobile UL 700 MHz,8-48-107,true,3,0.000000,0.0,0.080183,0.000000,false
A9,25,RA2,Rural area 2,Switzerland,UL,Mobile UL 800 MHz,8-81-156,true,3,0.000000,0.0,0.080183,0.000000,false
A9,25,RA2,Rural area 2,Switzerland,UL,Mobile UL 900 MHz,33-113-181,true,3,0.000000,0.0,0.080183,0.000000,false
A9,25,RA2,Rural area 2,Switzerland,UL,Mobile UL 1.8 GHz,66-146-198,true,3,8.178694,102.0,0.080183,0.000000,true
A9,25,RA2,Rural area 2,Switzerland,UL,Mobile UL 2.1 GHz,107-174-214,true,3,0.000000,0.0,0.080183,0.000000,false
A9,25,RA2,Rural area 2,Switzerland,UL,Mobile UL 2.6 GHz,158-202-225,true,3,0.000000,0.0,0.080183,0.000000,false
A9,25,RA2,Rural area 2,Switzerland,UL,Mobile TDD 2.6 GHz,247-104-161,true,3,0.000000,0.0,0.080183,0.000000,false
A9,25,RA2,Rural area 2,Switzerland,UL,Mobile TDD 3.5 GHz,221-52-151,true,3,5.933562,74.0,0.080183,0.000000,true
A9,25,RA2,Rural area 2,Switzerland,UL,Mobile SDL 700 MHz,0-68-27,true,3,0.000000,0.0,0.080183,0.000000,false
A9,25,RA2,Rural area 2,Switzerland,UL,Mobile DL 700 MHz,0-109-44,true,3,0.000000,0.0,0.080183,0.000000,false
A9,25,RA2,Rural area 2,Switzerland,UL,Mobile DL 800 MHz,35-139-69,true,3,0.000000,0.0,0.080183,0.000000,false
A9,25,RA2,Rural area 2,Switzerland,UL,Mobile DL 900 MHz,65-174-118,true,3,0.000000,0.0,0.080183,0.000000,false
A9,25,RA2,Rural area 2,Switzerland,UL,Mobile DL 1.4 GHz,102-194-164,true,3,0.000000,0.0,0.080183,0.000000,false
A9,25,RA2,Rural area 2,Switzerland,UL,Mobile DL 1.8 GHz,153-216-201,true,3,0.000000,0.0,0.080183,0.000000,false
A9,25,RA2,Rural area 2,Switzerland,UL,Mobile DL 2.1 GHz,204-236-230,true,3,0.080183,1.0,0.080183,0.000000,true
A9,25,RA2,Rural area 2,Switzerland,UL,Mobile DL 2.6 GHz,229-245-249,true,3,0.000000,0.0,0.080183,0.000000,false
A9,25,RA2,Rural area 2,UK,UL,Broadcast,189-189-189,true,6,0.000000,0.0,0.080183,0.000000,false
A9,25,RA2,Rural area 2,UK,UL,DECT,254-196-79,true,6,0.000000,0.0,0.080183,0.000000,false
A9,25,RA2,Rural area 2,UK,UL,WiFi 5 GHz,158-154-200,true,6,0.080183,1.0,0.080183,0.000000,true
A9,25,RA2,Rural area 2,UK,UL,ISM/WiFi 2.4 GHz,117-107-177,true,6,0.000000,0.0,0.080183,0.000000,false
A9,25,RA2,Rural area 2,UK,UL,Mobile UL 700 MHz,8-48-107,true,6,0.000000,0.0,0.080183,0.000000,false
A9,25,RA2,Rural area 2,UK,UL,Mobile UL 800 MHz,8-81-156,true,6,1.924399,24.0,0.080183,0.000000,true
A9,25,RA2,Rural area 2,UK,UL,Mobile UL 900 MHz,33-113-181,true,6,0.320733,4.0,0.080183,0.000000,true
A9,25,RA2,Rural area 2,UK,UL,Mobile UL 1.8 GHz,66-146-198,true,6,0.000000,0.0,0.080183,0.000000,false
A9,25,RA2,Rural area 2,UK,UL,Mobile UL 2.1 GHz,107-174-214,true,6,1.202749,15.0,0.080183,0.000000,true
A9,25,RA2,Rural area 2,UK,UL,Mobile UL 2.6 GHz,158-202-225,true,6,0.000000,0.0,0.080183,0.000000,false
A9,25,RA2,Rural area 2,UK,UL,Mobile TDD 2.6 GHz,247-104-161,true,6,0.000000,0.0,0.080183,0.000000,false
A9,25,RA2,Rural area 2,UK,UL,Mobile TDD 3.5 GHz,221-52-151,true,6,0.000000,0.0,0.080183,0.000000,false
A9,25,RA2,Rural area 2,UK,UL,Mobile SDL 700 MHz,0-68-27,true,6,0.000000,0.0,0.080183,0.000000,false
A9,25,RA2,Rural area 2,UK,UL,Mobile DL 700 MHz,0-109-44,true,6,0.000000,0.0,0.080183,0.000000,false
A9,25,RA2,Rural area 2,UK,UL,Mobile DL 800 MHz,35-139-69,true,6,0.000000,0.0,0.080183,0.000000,false
A9,25,RA2,Rural area 2,UK,UL,Mobile DL 900 MHz,65-174-118,true,6,0.000000,0.0,0.080183,0.000000,false
A9,25,RA2,Rural area 2,UK,UL,Mobile DL 1.4 GHz,102-194-164,true,6,0.080183,1.0,0.080183,0.000000,true
A9,25,RA2,Rural area 2,UK,UL,Mobile DL 1.8 GHz,153-216-201,true,6,0.000000,0.0,0.080183,0.000000,false
A9,25,RA2,Rural area 2,UK,UL,Mobile DL 2.1 GHz,204-236-230,true,6,0.000000,0.0,0.080183,0.000000,false
A9,25,RA2,Rural area 2,UK,UL,Mobile DL 2.6 GHz,229-245-249,true,6,0.080183,1.0,0.080183,0.000000,true
A10,26,RA3,Rural area 3,Austria,NU,Broadcast,189-189-189,true,4,0.000000,0.0,0.080183,0.000000,false
A10,26,RA3,Rural area 3,Austria,NU,DECT,254-196-79,true,4,0.000000,0.0,0.080183,0.000000,false
A10,26,RA3,Rural area 3,Austria,NU,WiFi 5 GHz,158-154-200,true,4,0.000000,0.0,0.080183,0.000000,false
A10,26,RA3,Rural area 3,Austria,NU,ISM/WiFi 2.4 GHz,117-107-177,true,4,0.000000,0.0,0.080183,0.000000,false
A10,26,RA3,Rural area 3,Austria,NU,Mobile UL 700 MHz,8-48-107,true,4,0.000000,0.0,0.080183,0.000000,false
A10,26,RA3,Rural area 3,Austria,NU,Mobile UL 800 MHz,8-81-156,true,4,0.000000,0.0,0.080183,0.000000,false
A10,26,RA3,Rural area 3,Austria,NU,Mobile UL 900 MHz,33-113-181,true,4,0.000000,0.0,0.080183,0.000000,false
A10,26,RA3,Rural area 3,Austria,NU,Mobile UL 1.8 GHz,66-146-198,true,4,0.000000,0.0,0.080183,0.000000,false
A10,26,RA3,Rural area 3,Austria,NU,Mobile UL 2.1 GHz,107-174-214,true,4,0.000000,0.0,0.080183,0.000000,false
A10,26,RA3,Rural area 3,Austria,NU,Mobile UL 2.6 GHz,158-202-225,true,4,0.080183,1.0,0.080183,0.000000,true
A10,26,RA3,Rural area 3,Austria,NU,Mobile TDD 2.6 GHz,247-104-161,true,4,0.000000,0.0,0.080183,0.000000,false
A10,26,RA3,Rural area 3,Austria,NU,Mobile TDD 3.5 GHz,221-52-151,true,4,0.000000,0.0,0.080183,0.000000,false
A10,26,RA3,Rural area 3,Austria,NU,Mobile SDL 700 MHz,0-68-27,true,4,0.000000,0.0,0.080183,0.000000,false
A10,26,RA3,Rural area 3,Austria,NU,Mobile DL 700 MHz,0-109-44,true,4,0.000000,0.0,0.080183,0.000000,false
A10,26,RA3,Rural area 3,Austria,NU,Mobile DL 800 MHz,35-139-69,true,4,0.240550,3.0,0.080183,0.000000,true
A10,26,RA3,Rural area 3,Austria,NU,Mobile DL 900 MHz,65-174-118,true,4,0.240550,3.0,0.080183,0.000000,true
A10,26,RA3,Rural area 3,Austria,NU,Mobile DL 1.4 GHz,102-194-164,true,4,0.000000,0.0,0.080183,0.000000,false
A10,26,RA3,Rural area 3,Austria,NU,Mobile DL 1.8 GHz,153-216-201,true,4,0.080183,1.0,0.080183,0.000000,true
A10,26,RA3,Rural area 3,Austria,NU,Mobile DL 2.1 GHz,204-236-230,true,4,0.000000,0.0,0.080183,0.000000,false
A10,26,RA3,Rural area 3,Austria,NU,Mobile DL 2.6 GHz,229-245-249,true,4,0.000000,0.0,0.080183,0.000000,false
A10,26,RA3,Rural area 3,Belgium,NU,Broadcast,189-189-189,true,9,0.000000,0.0,0.080183,0.000000,false
A10,26,RA3,Rural area 3,Belgium,NU,DECT,254-196-79,true,9,0.000000,0.0,0.080183,0.000000,false
A10,26,RA3,Rural area 3,Belgium,NU,WiFi 5 GHz,158-154-200,true,9,0.000000,0.0,0.080183,0.000000,false
A10,26,RA3,Rural area 3,Belgium,NU,ISM/WiFi 2.4 GHz,117-107-177,true,9,0.000000,0.0,0.080183,0.000000,false
A10,26,RA3,Rural area 3,Belgium,NU,Mobile UL 700 MHz,8-48-107,true,9,0.000000,0.0,0.080183,0.000000,false
A10,26,RA3,Rural area 3,Belgium,NU,Mobile UL 800 MHz,8-81-156,true,9,0.000000,0.0,0.080183,0.000000,false
A10,26,RA3,Rural area 3,Belgium,NU,Mobile UL 900 MHz,33-113-181,true,9,0.000000,0.0,0.080183,0.000000,false
A10,26,RA3,Rural area 3,Belgium,NU,Mobile UL 1.8 GHz,66-146-198,true,9,0.080183,1.0,0.080183,0.000000,true
A10,26,RA3,Rural area 3,Belgium,NU,Mobile UL 2.1 GHz,107-174-214,true,9,0.000000,0.0,0.080183,0.000000,false
A10,26,RA3,Rural area 3,Belgium,NU,Mobile UL 2.6 GHz,158-202-225,true,9,0.080183,1.0,0.080183,0.000000,true
A10,26,RA3,Rural area 3,Belgium,NU,Mobile TDD 2.6 GHz,247-104-161,true,9,0.000000,0.0,0.080183,0.000000,false
A10,26,RA3,Rural area 3,Belgium,NU,Mobile TDD 3.5 GHz,221-52-151,true,9,0.000000,0.0,0.080183,0.000000,false
A10,26,RA3,Rural area 3,Belgium,NU,Mobile SDL 700 MHz,0-68-27,true,9,0.000000,0.0,0.080183,0.000000,false
A10,26,RA3,Rural area 3,Belgium,NU,Mobile DL 700 MHz,0-109-44,true,9,0.000000,0.0,0.080183,0.000000,false
A10,26,RA3,Rural area 3,Belgium,NU,Mobile DL 800 MHz,35-139-69,true,9,0.080183,1.0,0.080183,0.000000,true
A10,26,RA3,Rural area 3,Belgium,NU,Mobile DL 900 MHz,65-174-118,true,9,0.080183,1.0,0.080183,0.000000,true
A10,26,RA3,Rural area 3,Belgium,NU,Mobile DL 1.4 GHz,102-194-164,true,9,0.000000,0.0,0.080183,0.000000,false
A10,26,RA3,Rural area 3,Belgium,NU,Mobile DL 1.8 GHz,153-216-201,true,9,0.000000,0.0,0.080183,0.000000,false
A10,26,RA3,Rural area 3,Belgium,NU,Mobile DL 2.1 GHz,204-236-230,true,9,0.080183,1.0,0.080183,0.000000,true
A10,26,RA3,Rural area 3,Belgium,NU,Mobile DL 2.6 GHz,229-245-249,true,9,0.000000,0.0,0.080183,0.000000,false
A10,26,RA3,Rural area 3,France,NU,Broadcast,189-189-189,true,8,0.000000,0.0,0.080183,0.000000,false
A10,26,RA3,Rural area 3,France,NU,DECT,254-196-79,true,8,0.000000,0.0,0.080183,0.000000,false
A10,26,RA3,Rural area 3,France,NU,WiFi 5 GHz,158-154-200,true,8,0.000000,0.0,0.080183,0.000000,false
A10,26,RA3,Rural area 3,France,NU,ISM/WiFi 2.4 GHz,117-107-177,true,8,0.000000,0.0,0.080183,0.000000,false
A10,26,RA3,Rural area 3,France,NU,Mobile UL 700 MHz,8-48-107,true,8,0.000000,0.0,0.080183,0.000000,false
A10,26,RA3,Rural area 3,France,NU,Mobile UL 800 MHz,8-81-156,true,8,0.080183,1.0,0.080183,0.000000,true
A10,26,RA3,Rural area 3,France,NU,Mobile UL 900 MHz,33-113-181,true,8,0.000000,0.0,0.080183,0.000000,false
A10,26,RA3,Rural area 3,France,NU,Mobile UL 1.8 GHz,66-146-198,true,8,0.000000,0.0,0.080183,0.000000,false
A10,26,RA3,Rural area 3,France,NU,Mobile UL 2.1 GHz,107-174-214,true,8,0.000000,0.0,0.080183,0.000000,false
A10,26,RA3,Rural area 3,France,NU,Mobile UL 2.6 GHz,158-202-225,true,8,0.000000,0.0,0.080183,0.000000,false
A10,26,RA3,Rural area 3,France,NU,Mobile TDD 2.6 GHz,247-104-161,true,8,0.000000,0.0,0.080183,0.000000,false
A10,26,RA3,Rural area 3,France,NU,Mobile TDD 3.5 GHz,221-52-151,true,8,0.000000,0.0,0.080183,0.000000,false
A10,26,RA3,Rural area 3,France,NU,Mobile SDL 700 MHz,0-68-27,true,8,0.000000,0.0,0.080183,0.000000,false
A10,26,RA3,Rural area 3,France,NU,Mobile DL 700 MHz,0-109-44,true,8,0.000000,0.0,0.080183,0.000000,false
A10,26,RA3,Rural area 3,France,NU,Mobile DL 800 MHz,35-139-69,true,8,0.080183,1.0,0.080183,0.000000,true
A10,26,RA3,Rural area 3,France,NU,Mobile DL 900 MHz,65-174-118,true,8,0.000000,0.0,0.080183,0.000000,false
A10,26,RA3,Rural area 3,France,NU,Mobile DL 1.4 GHz,102-194-164,true,8,0.000000,0.0,0.080183,0.000000,false
A10,26,RA3,Rural area 3,France,NU,Mobile DL 1.8 GHz,153-216-201,true,8,0.080183,1.0,0.080183,0.000000,true
A10,26,RA3,Rural area 3,France,NU,Mobile DL 2.1 GHz,204-236-230,true,8,0.080183,1.0,0.080183,0.000000,true
A10,26,RA3,Rural area 3,France,NU,Mobile DL 2.6 GHz,229-245-249,true,8,0.000000,0.0,0.080183,0.000000,false
A10,26,RA3,Rural area 3,Hungary,NU,Broadcast,189-189-189,true,10,0.000000,0.0,0.080183,0.000000,false
A10,26,RA3,Rural area 3,Hungary,NU,DECT,254-196-79,true,10,0.000000,0.0,0.080183,0.000000,false
A10,26,RA3,Rural area 3,Hungary,NU,WiFi 5 GHz,158-154-200,true,10,0.000000,0.0,0.080183,0.000000,false
A10,26,RA3,Rural area 3,Hungary,NU,ISM/WiFi 2.4 GHz,117-107-177,true,10,0.000000,0.0,0.080183,0.000000,false
A10,26,RA3,Rural area 3,Hungary,NU,Mobile UL 700 MHz,8-48-107,true,10,0.000000,0.0,0.080183,0.000000,false
A10,26,RA3,Rural area 3,Hungary,NU,Mobile UL 800 MHz,8-81-156,true,10,0.000000,0.0,0.080183,0.000000,false
A10,26,RA3,Rural area 3,Hungary,NU,Mobile UL 900 MHz,33-113-181,true,10,0.000000,0.0,0.080183,0.000000,false
A10,26,RA3,Rural area 3,Hungary,NU,Mobile UL 1.8 GHz,66-146-198,true,10,0.000000,0.0,0.080183,0.000000,false
A10,26,RA3,Rural area 3,Hungary,NU,Mobile UL 2.1 GHz,107-174-214,true,10,0.000000,0.0,0.080183,0.000000,false
A10,26,RA3,Rural area 3,Hungary,NU,Mobile UL 2.6 GHz,158-202-225,true,10,0.000000,0.0,0.080183,0.000000,false
A10,26,RA3,Rural area 3,Hungary,NU,Mobile TDD 2.6 GHz,247-104-161,true,10,0.000000,0.0,0.080183,0.000000,false
A10,26,RA3,Rural area 3,Hungary,NU,Mobile TDD 3.5 GHz,221-52-151,true,10,0.000000,0.0,0.080183,0.000000,false
A10,26,RA3,Rural area 3,Hungary,NU,Mobile SDL 700 MHz,0-68-27,true,10,0.000000,0.0,0.080183,0.000000,false
A10,26,RA3,Rural area 3,Hungary,NU,Mobile DL 700 MHz,0-109-44,true,10,0.000000,0.0,0.080183,0.000000,false
A10,26,RA3,Rural area 3,Hungary,NU,Mobile DL 800 MHz,35-139-69,true,10,0.000000,0.0,0.080183,0.000000,false
A10,26,RA3,Rural area 3,Hungary,NU,Mobile DL 900 MHz,65-174-118,true,10,0.000000,0.0,0.080183,0.000000,false
A10,26,RA3,Rural area 3,Hungary,NU,Mobile DL 1.4 GHz,102-194-164,true,10,0.000000,0.0,0.080183,0.000000,false
A10,26,RA3,Rural area 3,Hungary,NU,Mobile DL 1.8 GHz,153-216-201,true,10,0.080183,1.0,0.080183,0.000000,true
A10,26,RA3,Rural area 3,Hungary,NU,Mobile DL 2.1 GHz,204-236-230,true,10,0.080183,1.0,0.080183,0.000000,true
A10,26,RA3,Rural area 3,Hungary,NU,Mobile DL 2.6 GHz,229-245-249,true,10,0.000000,0.0,0.080183,0.000000,false
A10,26,RA3,Rural area 3,Italy,NU,Broadcast,189-189-189,true,3,0.000000,0.0,0.080183,0.000000,false
A10,26,RA3,Rural area 3,Italy,NU,DECT,254-196-79,true,3,0.000000,0.0,0.080183,0.000000,false
A10,26,RA3,Rural area 3,Italy,NU,WiFi 5 GHz,158-154-200,true,3,0.000000,0.0,0.080183,0.000000,false
A10,26,RA3,Rural area 3,Italy,NU,ISM/WiFi 2.4 GHz,117-107-177,true,3,0.000000,0.0,0.080183,0.000000,false
A10,26,RA3,Rural area 3,Italy,NU,Mobile UL 700 MHz,8-48-107,true,3,0.000000,0.0,0.080183,0.000000,false
A10,26,RA3,Rural area 3,Italy,NU,Mobile UL 800 MHz,8-81-156,true,3,0.000000,0.0,0.080183,0.000000,false
A10,26,RA3,Rural area 3,Italy,NU,Mobile UL 900 MHz,33-113-181,true,3,0.000000,0.0,0.080183,0.000000,false
A10,26,RA3,Rural area 3,Italy,NU,Mobile UL 1.8 GHz,66-146-198,true,3,0.000000,0.0,0.080183,0.000000,false
A10,26,RA3,Rural area 3,Italy,NU,Mobile UL 2.1 GHz,107-174-214,true,3,0.000000,0.0,0.080183,0.000000,false
A10,26,RA3,Rural area 3,Italy,NU,Mobile UL 2.6 GHz,158-202-225,true,3,0.000000,0.0,0.080183,0.000000,false
A10,26,RA3,Rural area 3,Italy,NU,Mobile TDD 2.6 GHz,247-104-161,true,3,0.000000,0.0,0.080183,0.000000,false
A10,26,RA3,Rural area 3,Italy,NU,Mobile TDD 3.5 GHz,221-52-151,true,3,0.000000,0.0,0.080183,0.000000,false
A10,26,RA3,Rural area 3,Italy,NU,Mobile SDL 700 MHz,0-68-27,true,3,0.000000,0.0,0.080183,0.000000,false
A10,26,RA3,Rural area 3,Italy,NU,Mobile DL 700 MHz,0-109-44,true,3,0.000000,0.0,0.080183,0.000000,false
A10,26,RA3,Rural area 3,Italy,NU,Mobile DL 800 MHz,35-139-69,true,3,0.000000,0.0,0.080183,0.000000,false
A10,26,RA3,Rural area 3,Italy,NU,Mobile DL 900 MHz,65-174-118,true,3,0.000000,0.0,0.080183,0.000000,false
A10,26,RA3,Rural area 3,Italy,NU,Mobile DL 1.4 GHz,102-194-164,true,3,0.000000,0.0,0.080183,0.000000,false
A10,26,RA3,Rural area 3,Italy,NU,Mobile DL 1.8 GHz,153-216-201,true,3,0.000000,0.0,0.080183,0.000000,false
A10,26,RA3,Rural area 3,Italy,NU,Mobile DL 2.1 GHz,204-236-230,true,3,0.080183,1.0,0.080183,0.000000,true
A10,26,RA3,Rural area 3,Italy,NU,Mobile DL 2.6 GHz,229-245-249,true,3,0.000000,0.0,0.080183,0.000000,false
A10,26,RA3,Rural area 3,Netherlands,NU,Broadcast,189-189-189,true,3,0.000000,0.0,0.080183,0.000000,false
A10,26,RA3,Rural area 3,Netherlands,NU,DECT,254-196-79,true,3,0.000000,0.0,0.080183,0.000000,false
A10,26,RA3,Rural area 3,Netherlands,NU,WiFi 5 GHz,158-154-200,true,3,0.000000,0.0,0.080183,0.000000,false
A10,26,RA3,Rural area 3,Netherlands,NU,ISM/WiFi 2.4 GHz,117-107-177,true,3,0.000000,0.0,0.080183,0.000000,false
A10,26,RA3,Rural area 3,Netherlands,NU,Mobile UL 700 MHz,8-48-107,true,3,0.000000,0.0,0.080183,0.000000,false
A10,26,RA3,Rural area 3,Netherlands,NU,Mobile UL 800 MHz,8-81-156,true,3,0.000000,0.0,0.080183,0.000000,false
A10,26,RA3,Rural area 3,Netherlands,NU,Mobile UL 900 MHz,33-113-181,true,3,0.000000,0.0,0.080183,0.000000,false
A10,26,RA3,Rural area 3,Netherlands,NU,Mobile UL 1.8 GHz,66-146-198,true,3,0.000000,0.0,0.080183,0.000000,false
A10,26,RA3,Rural area 3,Netherlands,NU,Mobile UL 2.1 GHz,107-174-214,true,3,0.000000,0.0,0.080183,0.000000,false
A10,26,RA3,Rural area 3,Netherlands,NU,Mobile UL 2.6 GHz,158-202-225,true,3,0.000000,0.0,0.080183,0.000000,false
A10,26,RA3,Rural area 3,Netherlands,NU,Mobile TDD 2.6 GHz,247-104-161,true,3,0.000000,0.0,0.080183,0.000000,false
A10,26,RA3,Rural area 3,Netherlands,NU,Mobile TDD 3.5 GHz,221-52-151,true,3,0.000000,0.0,0.080183,0.000000,false
A10,26,RA3,Rural area 3,Netherlands,NU,Mobile SDL 700 MHz,0-68-27,true,3,0.000000,0.0,0.080183,0.000000,false
A10,26,RA3,Rural area 3,Netherlands,NU,Mobile DL 700 MHz,0-109-44,true,3,0.000000,0.0,0.080183,0.000000,false
A10,26,RA3,Rural area 3,Netherlands,NU,Mobile DL 800 MHz,35-139-69,true,3,0.000000,0.0,0.080183,0.000000,false
A10,26,RA3,Rural area 3,Netherlands,NU,Mobile DL 900 MHz,65-174-118,true,3,0.080183,1.0,0.080183,0.000000,true
A10,26,RA3,Rural area 3,Netherlands,NU,Mobile DL 1.4 GHz,102-194-164,true,3,0.000000,0.0,0.080183,0.000000,false
A10,26,RA3,Rural area 3,Netherlands,NU,Mobile DL 1.8 GHz,153-216-201,true,3,0.080183,1.0,0.080183,0.000000,true
A10,26,RA3,Rural area 3,Netherlands,NU,Mobile DL 2.1 GHz,204-236-230,true,3,0.080183,1.0,0.080183,0.000000,true
A10,26,RA3,Rural area 3,Netherlands,NU,Mobile DL 2.6 GHz,229-245-249,true,3,0.000000,0.0,0.080183,0.000000,false
A10,26,RA3,Rural area 3,Poland,NU,Broadcast,189-189-189,true,6,0.000000,0.0,0.080183,0.000000,false
A10,26,RA3,Rural area 3,Poland,NU,DECT,254-196-79,true,6,0.000000,0.0,0.080183,0.000000,false
A10,26,RA3,Rural area 3,Poland,NU,WiFi 5 GHz,158-154-200,true,6,0.000000,0.0,0.080183,0.000000,false
A10,26,RA3,Rural area 3,Poland,NU,ISM/WiFi 2.4 GHz,117-107-177,true,6,0.000000,0.0,0.080183,0.000000,false
A10,26,RA3,Rural area 3,Poland,NU,Mobile UL 700 MHz,8-48-107,true,6,0.000000,0.0,0.080183,0.000000,false
A10,26,RA3,Rural area 3,Poland,NU,Mobile UL 800 MHz,8-81-156,true,6,0.000000,0.0,0.080183,0.000000,false
A10,26,RA3,Rural area 3,Poland,NU,Mobile UL 900 MHz,33-113-181,true,6,0.000000,0.0,0.080183,0.000000,false
A10,26,RA3,Rural area 3,Poland,NU,Mobile UL 1.8 GHz,66-146-198,true,6,0.000000,0.0,0.080183,0.000000,false
A10,26,RA3,Rural area 3,Poland,NU,Mobile UL 2.1 GHz,107-174-214,true,6,0.000000,0.0,0.080183,0.000000,false
A10,26,RA3,Rural area 3,Poland,NU,Mobile UL 2.6 GHz,158-202-225,true,6,0.000000,0.0,0.080183,0.000000,false
A10,26,RA3,Rural area 3,Poland,NU,Mobile TDD 2.6 GHz,247-104-161,true,6,0.000000,0.0,0.080183,0.000000,false
A10,26,RA3,Rural area 3,Poland,NU,Mobile TDD 3.5 GHz,221-52-151,true,6,0.000000,0.0,0.080183,0.000000,false
A10,26,RA3,Rural area 3,Poland,NU,Mobile SDL 700 MHz,0-68-27,true,6,0.000000,0.0,0.080183,0.000000,false
A10,26,RA3,Rural area 3,Poland,NU,Mobile DL 700 MHz,0-109-44,true,6,0.000000,0.0,0.080183,0.000000,false
A10,26,RA3,Rural area 3,Poland,NU,Mobile DL 800 MHz,35-139-69,true,6,0.080183,1.0,0.080183,0.000000,true
A10,26,RA3,Rural area 3,Poland,NU,Mobile DL 900 MHz,65-174-118,true,6,0.080183,1.0,0.080183,0.000000,true
A10,26,RA3,Rural area 3,Poland,NU,Mobile DL 1.4 GHz,102-194-164,true,6,0.160367,2.0,0.080183,0.000000,true
A10,26,RA3,Rural area 3,Poland,NU,Mobile DL 1.8 GHz,153-216-201,true,6,0.080183,1.0,0.080183,0.000000,true
A10,26,RA3,Rural area 3,Poland,NU,Mobile DL 2.1 GHz,204-236-230,true,6,0.080183,1.0,0.080183,0.000000,true
A10,26,RA3,Rural area 3,Poland,NU,Mobile DL 2.6 GHz,229-245-249,true,6,0.080183,1.0,0.080183,0.000000,true
A10,26,RA3,Rural area 3,Spain,NU,Broadcast,189-189-189,true,5,0.080183,1.0,0.080183,0.000000,true
A10,26,RA3,Rural area 3,Spain,NU,DECT,254-196-79,true,5,0.000000,0.0,0.080183,0.000000,false
A10,26,RA3,Rural area 3,Spain,NU,WiFi 5 GHz,158-154-200,true,5,0.000000,0.0,0.080183,0.000000,false
A10,26,RA3,Rural area 3,Spain,NU,ISM/WiFi 2.4 GHz,117-107-177,true,5,0.080183,1.0,0.080183,0.000000,true
A10,26,RA3,Rural area 3,Spain,NU,Mobile UL 700 MHz,8-48-107,true,5,0.000000,0.0,0.080183,0.000000,false
A10,26,RA3,Rural area 3,Spain,NU,Mobile UL 800 MHz,8-81-156,true,5,0.000000,0.0,0.080183,0.000000,false
A10,26,RA3,Rural area 3,Spain,NU,Mobile UL 900 MHz,33-113-181,true,5,0.000000,0.0,0.080183,0.000000,false
A10,26,RA3,Rural area 3,Spain,NU,Mobile UL 1.8 GHz,66-146-198,true,5,0.000000,0.0,0.080183,0.000000,false
A10,26,RA3,Rural area 3,Spain,NU,Mobile UL 2.1 GHz,107-174-214,true,5,0.000000,0.0,0.080183,0.000000,false
A10,26,RA3,Rural area 3,Spain,NU,Mobile UL 2.6 GHz,158-202-225,true,5,0.000000,0.0,0.080183,0.000000,false
A10,26,RA3,Rural area 3,Spain,NU,Mobile TDD 2.6 GHz,247-104-161,true,5,0.000000,0.0,0.080183,0.000000,false
A10,26,RA3,Rural area 3,Spain,NU,Mobile TDD 3.5 GHz,221-52-151,true,5,0.000000,0.0,0.080183,0.000000,false
A10,26,RA3,Rural area 3,Spain,NU,Mobile SDL 700 MHz,0-68-27,true,5,0.000000,0.0,0.080183,0.000000,false
A10,26,RA3,Rural area 3,Spain,NU,Mobile DL 700 MHz,0-109-44,true,5,0.000000,0.0,0.080183,0.000000,false
A10,26,RA3,Rural area 3,Spain,NU,Mobile DL 800 MHz,35-139-69,true,5,0.160367,2.0,0.080183,0.000000,true
A10,26,RA3,Rural area 3,Spain,NU,Mobile DL 900 MHz,65-174-118,true,5,0.160367,2.0,0.080183,0.000000,true
A10,26,RA3,Rural area 3,Spain,NU,Mobile DL 1.4 GHz,102-194-164,true,5,0.000000,0.0,0.080183,0.000000,false
A10,26,RA3,Rural area 3,Spain,NU,Mobile DL 1.8 GHz,153-216-201,true,5,0.160367,2.0,0.080183,0.000000,true
A10,26,RA3,Rural area 3,Spain,NU,Mobile DL 2.1 GHz,204-236-230,true,5,0.080183,1.0,0.080183,0.000000,true
A10,26,RA3,Rural area 3,Spain,NU,Mobile DL 2.6 GHz,229-245-249,true,5,0.000000,0.0,0.080183,0.000000,false
A10,26,RA3,Rural area 3,Switzerland,NU,Broadcast,189-189-189,true,8,0.080183,1.0,0.080183,0.000000,true
A10,26,RA3,Rural area 3,Switzerland,NU,DECT,254-196-79,true,8,0.000000,0.0,0.080183,0.000000,false
A10,26,RA3,Rural area 3,Switzerland,NU,WiFi 5 GHz,158-154-200,true,8,0.000000,0.0,0.080183,0.000000,false
A10,26,RA3,Rural area 3,Switzerland,NU,ISM/WiFi 2.4 GHz,117-107-177,true,8,0.000000,0.0,0.080183,0.000000,false
A10,26,RA3,Rural area 3,Switzerland,NU,Mobile UL 700 MHz,8-48-107,true,8,0.000000,0.0,0.080183,0.000000,false
A10,26,RA3,Rural area 3,Switzerland,NU,Mobile UL 800 MHz,8-81-156,true,8,0.000000,0.0,0.080183,0.000000,false
A10,26,RA3,Rural area 3,Switzerland,NU,Mobile UL 900 MHz,33-113-181,true,8,0.000000,0.0,0.080183,0.000000,false
A10,26,RA3,Rural area 3,Switzerland,NU,Mobile UL 1.8 GHz,66-146-198,true,8,0.000000,0.0,0.080183,0.000000,false
A10,26,RA3,Rural area 3,Switzerland,NU,Mobile UL 2.1 GHz,107-174-214,true,8,0.000000,0.0,0.080183,0.000000,false
A10,26,RA3,Rural area 3,Switzerland,NU,Mobile UL 2.6 GHz,158-202-225,true,8,0.000000,0.0,0.080183,0.000000,false
A10,26,RA3,Rural area 3,Switzerland,NU,Mobile TDD 2.6 GHz,247-104-161,true,8,0.000000,0.0,0.080183,0.000000,false
A10,26,RA3,Rural area 3,Switzerland,NU,Mobile TDD 3.5 GHz,221-52-151,true,8,0.000000,0.0,0.080183,0.000000,false
A10,26,RA3,Rural area 3,Switzerland,NU,Mobile SDL 700 MHz,0-68-27,true,8,0.000000,0.0,0.080183,0.000000,false
A10,26,RA3,Rural area 3,Switzerland,NU,Mobile DL 700 MHz,0-109-44,true,8,0.000000,0.0,0.080183,0.000000,false
A10,26,RA3,Rural area 3,Switzerland,NU,Mobile DL 800 MHz,35-139-69,true,8,0.000000,0.0,0.080183,0.000000,false
A10,26,RA3,Rural area 3,Switzerland,NU,Mobile DL 900 MHz,65-174-118,true,8,0.000000,0.0,0.080183,0.000000,false
A10,26,RA3,Rural area 3,Switzerland,NU,Mobile DL 1.4 GHz,102-194-164,true,8,0.080183,1.0,0.080183,0.000000,true
A10,26,RA3,Rural area 3,Switzerland,NU,Mobile DL 1.8 GHz,153-216-201,true,8,0.000000,0.0,0.080183,0.000000,false
A10,26,RA3,Rural area 3,Switzerland,NU,Mobile DL 2.1 GHz,204-236-230,true,8,0.000000,0.0,0.080183,0.000000,false
A10,26,RA3,Rural area 3,Switzerland,NU,Mobile DL 2.6 GHz,229-245-249,true,8,0.000000,0.0,0.080183,0.000000,false
A10,26,RA3,Rural area 3,UK,NU,Broadcast,189-189-189,true,6,0.000000,0.0,0.080183,0.000000,false
A10,26,RA3,Rural area 3,UK,NU,DECT,254-196-79,true,6,0.000000,0.0,0.080183,0.000000,false
A10,26,RA3,Rural area 3,UK,NU,WiFi 5 GHz,158-154-200,true,6,0.000000,0.0,0.080183,0.000000,false
A10,26,RA3,Rural area 3,UK,NU,ISM/WiFi 2.4 GHz,117-107-177,true,6,0.000000,0.0,0.080183,0.000000,false
A10,26,RA3,Rural area 3,UK,NU,Mobile UL 700 MHz,8-48-107,true,6,0.000000,0.0,0.080183,0.000000,false
A10,26,RA3,Rural area 3,UK,NU,Mobile UL 800 MHz,8-81-156,true,6,0.000000,0.0,0.080183,0.000000,false
A10,26,RA3,Rural area 3,UK,NU,Mobile UL 900 MHz,33-113-181,true,6,0.080183,1.0,0.080183,0.000000,true
A10,26,RA3,Rural area 3,UK,NU,Mobile UL 1.8 GHz,66-146-198,true,6,0.080183,1.0,0.080183,0.000000,true
A10,26,RA3,Rural area 3,UK,NU,Mobile UL 2.1 GHz,107-174-214,true,6,0.000000,0.0,0.080183,0.000000,false
A10,26,RA3,Rural area 3,UK,NU,Mobile UL 2.6 GHz,158-202-225,true,6,0.000000,0.0,0.080183,0.000000,false
A10,26,RA3,Rural area 3,UK,NU,Mobile TDD 2.6 GHz,247-104-161,true,6,0.000000,0.0,0.080183,0.000000,false
A10,26,RA3,Rural area 3,UK,NU,Mobile TDD 3.5 GHz,221-52-151,true,6,0.000000,0.0,0.080183,0.000000,false
A10,26,RA3,Rural area 3,UK,NU,Mobile SDL 700 MHz,0-68-27,true,6,0.000000,0.0,0.080183,0.000000,false
A10,26,RA3,Rural area 3,UK,NU,Mobile DL 700 MHz,0-109-44,true,6,0.000000,0.0,0.080183,0.000000,false
A10,26,RA3,Rural area 3,UK,NU,Mobile DL 800 MHz,35-139-69,true,6,0.000000,0.0,0.080183,0.000000,false
A10,26,RA3,Rural area 3,UK,NU,Mobile DL 900 MHz,65-174-118,true,6,0.000000,0.0,0.080183,0.000000,false
A10,26,RA3,Rural area 3,UK,NU,Mobile DL 1.4 GHz,102-194-164,true,6,0.000000,0.0,0.080183,0.000000,false
A10,26,RA3,Rural area 3,UK,NU,Mobile DL 1.8 GHz,153-216-201,true,6,0.000000,0.0,0.080183,0.000000,false
A10,26,RA3,Rural area 3,UK,NU,Mobile DL 2.1 GHz,204-236-230,true,6,0.000000,0.0,0.080183,0.000000,false
A10,26,RA3,Rural area 3,UK,NU,Mobile DL 2.6 GHz,229-245-249,true,6,0.080183,1.0,0.080183,0.000000,true
A10,26,RA3,Rural area 3,Austria,DL,Broadcast,189-189-189,false,0,,,0.080183,,false
A10,26,RA3,Rural area 3,Austria,DL,DECT,254-196-79,false,0,,,0.080183,,false
A10,26,RA3,Rural area 3,Austria,DL,WiFi 5 GHz,158-154-200,false,0,,,0.080183,,false
A10,26,RA3,Rural area 3,Austria,DL,ISM/WiFi 2.4 GHz,117-107-177,false,0,,,0.080183,,false
A10,26,RA3,Rural area 3,Austria,DL,Mobile UL 700 MHz,8-48-107,false,0,,,0.080183,,false
A10,26,RA3,Rural area 3,Austria,DL,Mobile UL 800 MHz,8-81-156,false,0,,,0.080183,,false
A10,26,RA3,Rural area 3,Austria,DL,Mobile UL 900 MHz,33-113-181,false,0,,,0.080183,,false
A10,26,RA3,Rural area 3,Austria,DL,Mobile UL 1.8 GHz,66-146-198,false,0,,,0.080183,,false
A10,26,RA3,Rural area 3,Austria,DL,Mobile UL 2.1 GHz,107-174-214,false,0,,,0.080183,,false
A10,26,RA3,Rural area 3,Austria,DL,Mobile UL 2.6 GHz,158-202-225,false,0,,,0.080183,,false
A10,26,RA3,Rural area 3,Austria,DL,Mobile TDD 2.6 GHz,247-104-161,false,0,,,0.080183,,false
A10,26,RA3,Rural area 3,Austria,DL,Mobile TDD 3.5 GHz,221-52-151,false,0,,,0.080183,,false
A10,26,RA3,Rural area 3,Austria,DL,Mobile SDL 700 MHz,0-68-27,false,0,,,0.080183,,false
A10,26,RA3,Rural area 3,Austria,DL,Mobile DL 700 MHz,0-109-44,false,0,,,0.080183,,false
A10,26,RA3,Rural area 3,Austria,DL,Mobile DL 800 MHz,35-139-69,false,0,,,0.080183,,false
A10,26,RA3,Rural area 3,Austria,DL,Mobile DL 900 MHz,65-174-118,false,0,,,0.080183,,false
A10,26,RA3,Rural area 3,Austria,DL,Mobile DL 1.4 GHz,102-194-164,false,0,,,0.080183,,false
A10,26,RA3,Rural area 3,Austria,DL,Mobile DL 1.8 GHz,153-216-201,false,0,,,0.080183,,false
A10,26,RA3,Rural area 3,Austria,DL,Mobile DL 2.1 GHz,204-236-230,false,0,,,0.080183,,false
A10,26,RA3,Rural area 3,Austria,DL,Mobile DL 2.6 GHz,229-245-249,false,0,,,0.080183,,false
A10,26,RA3,Rural area 3,Belgium,DL,Broadcast,189-189-189,true,5,0.000000,0.0,0.080183,0.000000,false
A10,26,RA3,Rural area 3,Belgium,DL,DECT,254-196-79,true,5,0.000000,0.0,0.080183,0.000000,false
A10,26,RA3,Rural area 3,Belgium,DL,WiFi 5 GHz,158-154-200,true,5,0.160367,2.0,0.080183,0.000000,true
A10,26,RA3,Rural area 3,Belgium,DL,ISM/WiFi 2.4 GHz,117-107-177,true,5,0.000000,0.0,0.080183,0.000000,false
A10,26,RA3,Rural area 3,Belgium,DL,Mobile UL 700 MHz,8-48-107,true,5,0.000000,0.0,0.080183,0.000000,false
A10,26,RA3,Rural area 3,Belgium,DL,Mobile UL 800 MHz,8-81-156,true,5,3.367698,42.0,0.080183,0.000000,true
A10,26,RA3,Rural area 3,Belgium,DL,Mobile UL 900 MHz,33-113-181,true,5,0.000000,0.0,0.080183,0.000000,false
A10,26,RA3,Rural area 3,Belgium,DL,Mobile UL 1.8 GHz,66-146-198,true,5,1.282932,16.0,0.080183,0.000000,true
A10,26,RA3,Rural area 3,Belgium,DL,Mobile UL 2.1 GHz,107-174-214,true,5,0.160367,2.0,0.080183,0.000000,true
A10,26,RA3,Rural area 3,Belgium,DL,Mobile UL 2.6 GHz,158-202-225,true,5,0.000000,0.0,0.080183,0.000000,false
A10,26,RA3,Rural area 3,Belgium,DL,Mobile TDD 2.6 GHz,247-104-161,true,5,0.000000,0.0,0.080183,0.000000,false
A10,26,RA3,Rural area 3,Belgium,DL,Mobile TDD 3.5 GHz,221-52-151,true,5,0.160367,2.0,0.080183,0.000000,true
A10,26,RA3,Rural area 3,Belgium,DL,Mobile SDL 700 MHz,0-68-27,true,5,0.000000,0.0,0.080183,0.000000,false
A10,26,RA3,Rural area 3,Belgium,DL,Mobile DL 700 MHz,0-109-44,true,5,0.000000,0.0,0.080183,0.000000,false
A10,26,RA3,Rural area 3,Belgium,DL,Mobile DL 800 MHz,35-139-69,true,5,0.000000,0.0,0.080183,0.000000,false
A10,26,RA3,Rural area 3,Belgium,DL,Mobile DL 900 MHz,65-174-118,true,5,0.000000,0.0,0.080183,0.000000,false
A10,26,RA3,Rural area 3,Belgium,DL,Mobile DL 1.4 GHz,102-194-164,true,5,0.080183,1.0,0.080183,0.000000,true
A10,26,RA3,Rural area 3,Belgium,DL,Mobile DL 1.8 GHz,153-216-201,true,5,0.000000,0.0,0.080183,0.000000,false
A10,26,RA3,Rural area 3,Belgium,DL,Mobile DL 2.1 GHz,204-236-230,true,5,0.000000,0.0,0.080183,0.000000,false
A10,26,RA3,Rural area 3,Belgium,DL,Mobile DL 2.6 GHz,229-245-249,true,5,0.000000,0.0,0.080183,0.000000,false
A10,26,RA3,Rural area 3,France,DL,Broadcast,189-189-189,true,8,0.000000,0.0,0.080183,0.000000,false
A10,26,RA3,Rural area 3,France,DL,DECT,254-196-79,true,8,0.000000,0.0,0.080183,0.000000,false
A10,26,RA3,Rural area 3,France,DL,WiFi 5 GHz,158-154-200,true,8,0.000000,0.0,0.080183,0.000000,false
A10,26,RA3,Rural area 3,France,DL,ISM/WiFi 2.4 GHz,117-107-177,true,8,0.080183,1.0,0.080183,0.000000,true
A10,26,RA3,Rural area 3,France,DL,Mobile UL 700 MHz,8-48-107,true,8,0.000000,0.0,0.080183,0.000000,false
A10,26,RA3,Rural area 3,France,DL,Mobile UL 800 MHz,8-81-156,true,8,0.000000,0.0,0.080183,0.000000,false
A10,26,RA3,Rural area 3,France,DL,Mobile UL 900 MHz,33-113-181,true,8,0.000000,0.0,0.080183,0.000000,false
A10,26,RA3,Rural area 3,France,DL,Mobile UL 1.8 GHz,66-146-198,true,8,1.042383,13.0,0.080183,0.000000,true
A10,26,RA3,Rural area 3,France,DL,Mobile UL 2.1 GHz,107-174-214,true,8,3.367698,42.0,0.080183,0.000000,true
A10,26,RA3,Rural area 3,France,DL,Mobile UL 2.6 GHz,158-202-225,true,8,0.481100,6.0,0.080183,0.000000,true
A10,26,RA3,Rural area 3,France,DL,Mobile TDD 2.6 GHz,247-104-161,true,8,0.000000,0.0,0.080183,0.000000,false
A10,26,RA3,Rural area 3,France,DL,Mobile TDD 3.5 GHz,221-52-151,true,8,5.292096,66.0,0.080183,0.000000,true
A10,26,RA3,Rural area 3,France,DL,Mobile SDL 700 MHz,0-68-27,true,8,0.000000,0.0,0.080183,0.000000,false
A10,26,RA3,Rural area 3,France,DL,Mobile DL 700 MHz,0-109-44,true,8,0.000000,0.0,0.080183,0.000000,false
A10,26,RA3,Rural area 3,France,DL,Mobile DL 800 MHz,35-139-69,true,8,0.160367,2.0,0.080183,0.000000,true
A10,26,RA3,Rural area 3,France,DL,Mobile DL 900 MHz,65-174-118,true,8,0.000000,0.0,0.080183,0.000000,false
A10,26,RA3,Rural area 3,France,DL,Mobile DL 1.4 GHz,102-194-164,true,8,0.000000,0.0,0.080183,0.000000,false
A10,26,RA3,Rural area 3,France,DL,Mobile DL 1.8 GHz,153-216-201,true,8,0.080183,1.0,0.080183,0.000000,true
A10,26,RA3,Rural area 3,France,DL,Mobile DL 2.1 GHz,204-236-230,true,8,0.000000,0.0,0.080183,0.000000,false
A10,26,RA3,Rural area 3,France,DL,Mobile DL 2.6 GHz,229-245-249,true,8,0.000000,0.0,0.080183,0.000000,false
A10,26,RA3,Rural area 3,Hungary,DL,Broadcast,189-189-189,true,7,0.000000,0.0,0.080183,0.000000,false
A10,26,RA3,Rural area 3,Hungary,DL,DECT,254-196-79,true,7,0.000000,0.0,0.080183,0.000000,false
A10,26,RA3,Rural area 3,Hungary,DL,WiFi 5 GHz,158-154-200,true,7,0.000000,0.0,0.080183,0.000000,false
A10,26,RA3,Rural area 3,Hungary,DL,ISM/WiFi 2.4 GHz,117-107-177,true,7,0.000000,0.0,0.080183,0.000000,false
A10,26,RA3,Rural area 3,Hungary,DL,Mobile UL 700 MHz,8-48-107,true,7,0.240550,3.0,0.080183,0.000000,true
A10,26,RA3,Rural area 3,Hungary,DL,Mobile UL 800 MHz,8-81-156,true,7,0.320733,4.0,0.080183,0.000000,true
A10,26,RA3,Rural area 3,Hungary,DL,Mobile UL 900 MHz,33-113-181,true,7,0.000000,0.0,0.080183,0.000000,false
A10,26,RA3,Rural area 3,Hungary,DL,Mobile UL 1.8 GHz,66-146-198,true,7,0.481100,6.0,0.080183,0.000000,true
A10,26,RA3,Rural area 3,Hungary,DL,Mobile UL 2.1 GHz,107-174-214,true,7,0.000000,0.0,0.080183,0.000000,false
A10,26,RA3,Rural area 3,Hungary,DL,Mobile UL 2.6 GHz,158-202-225,true,7,0.160367,2.0,0.080183,0.000000,true
A10,26,RA3,Rural area 3,Hungary,DL,Mobile TDD 2.6 GHz,247-104-161,true,7,0.000000,0.0,0.080183,0.000000,false
A10,26,RA3,Rural area 3,Hungary,DL,Mobile TDD 3.5 GHz,221-52-151,true,7,0.000000,0.0,0.080183,0.000000,false
A10,26,RA3,Rural area 3,Hungary,DL,Mobile SDL 700 MHz,0-68-27,true,7,0.000000,0.0,0.080183,0.000000,false
A10,26,RA3,Rural area 3,Hungary,DL,Mobile DL 700 MHz,0-109-44,true,7,0.000000,0.0,0.080183,0.000000,false
A10,26,RA3,Rural area 3,Hungary,DL,Mobile DL 800 MHz,35-139-69,true,7,0.000000,0.0,0.080183,0.000000,false
A10,26,RA3,Rural area 3,Hungary,DL,Mobile DL 900 MHz,65-174-118,true,7,0.080183,1.0,0.080183,0.000000,true
A10,26,RA3,Rural area 3,Hungary,DL,Mobile DL 1.4 GHz,102-194-164,true,7,0.000000,0.0,0.080183,0.000000,false
A10,26,RA3,Rural area 3,Hungary,DL,Mobile DL 1.8 GHz,153-216-201,true,7,0.080183,1.0,0.080183,0.000000,true
A10,26,RA3,Rural area 3,Hungary,DL,Mobile DL 2.1 GHz,204-236-230,true,7,0.080183,1.0,0.080183,0.000000,true
A10,26,RA3,Rural area 3,Hungary,DL,Mobile DL 2.6 GHz,229-245-249,true,7,0.000000,0.0,0.080183,0.000000,false
A10,26,RA3,Rural area 3,Italy,DL,Broadcast,189-189-189,true,3,0.000000,0.0,0.080183,0.000000,false
A10,26,RA3,Rural area 3,Italy,DL,DECT,254-196-79,true,3,0.000000,0.0,0.080183,0.000000,false
A10,26,RA3,Rural area 3,Italy,DL,WiFi 5 GHz,158-154-200,true,3,0.000000,0.0,0.080183,0.000000,false
A10,26,RA3,Rural area 3,Italy,DL,ISM/WiFi 2.4 GHz,117-107-177,true,3,0.000000,0.0,0.080183,0.000000,false
A10,26,RA3,Rural area 3,Italy,DL,Mobile UL 700 MHz,8-48-107,true,3,0.000000,0.0,0.080183,0.000000,false
A10,26,RA3,Rural area 3,Italy,DL,Mobile UL 800 MHz,8-81-156,true,3,0.000000,0.0,0.080183,0.000000,false
A10,26,RA3,Rural area 3,Italy,DL,Mobile UL 900 MHz,33-113-181,true,3,0.000000,0.0,0.080183,0.000000,false
A10,26,RA3,Rural area 3,Italy,DL,Mobile UL 1.8 GHz,66-146-198,true,3,0.882016,11.0,0.080183,0.000000,true
A10,26,RA3,Rural area 3,Italy,DL,Mobile UL 2.1 GHz,107-174-214,true,3,0.080183,1.0,0.080183,0.000000,true
A10,26,RA3,Rural area 3,Italy,DL,Mobile UL 2.6 GHz,158-202-225,true,3,1.443299,18.0,0.080183,0.000000,true
A10,26,RA3,Rural area 3,Italy,DL,Mobile TDD 2.6 GHz,247-104-161,true,3,0.000000,0.0,0.080183,0.000000,false
A10,26,RA3,Rural area 3,Italy,DL,Mobile TDD 3.5 GHz,221-52-151,true,3,0.000000,0.0,0.080183,0.000000,false
A10,26,RA3,Rural area 3,Italy,DL,Mobile SDL 700 MHz,0-68-27,true,3,0.000000,0.0,0.080183,0.000000,false
A10,26,RA3,Rural area 3,Italy,DL,Mobile DL 700 MHz,0-109-44,true,3,0.000000,0.0,0.080183,0.000000,false
A10,26,RA3,Rural area 3,Italy,DL,Mobile DL 800 MHz,35-139-69,true,3,0.000000,0.0,0.080183,0.000000,false
A10,26,RA3,Rural area 3,Italy,DL,Mobile DL 900 MHz,65-174-118,true,3,0.000000,0.0,0.080183,0.000000,false
A10,26,RA3,Rural area 3,Italy,DL,Mobile DL 1.4 GHz,102-194-164,true,3,0.000000,0.0,0.080183,0.000000,false
A10,26,RA3,Rural area 3,Italy,DL,Mobile DL 1.8 GHz,153-216-201,true,3,0.000000,0.0,0.080183,0.000000,false
A10,26,RA3,Rural area 3,Italy,DL,Mobile DL 2.1 GHz,204-236-230,true,3,0.000000,0.0,0.080183,0.000000,false
A10,26,RA3,Rural area 3,Italy,DL,Mobile DL 2.6 GHz,229-245-249,true,3,0.000000,0.0,0.080183,0.000000,false
A10,26,RA3,Rural area 3,Netherlands,DL,Broadcast,189-189-189,true,3,0.000000,0.0,0.080183,0.000000,false
A10,26,RA3,Rural area 3,Netherlands,DL,DECT,254-196-79,true,3,0.000000,0.0,0.080183,0.000000,false
A10,26,RA3,Rural area 3,Netherlands,DL,WiFi 5 GHz,158-154-200,true,3,0.000000,0.0,0.080183,0.000000,false
A10,26,RA3,Rural area 3,Netherlands,DL,ISM/WiFi 2.4 GHz,117-107-177,true,3,0.000000,0.0,0.080183,0.000000,false
A10,26,RA3,Rural area 3,Netherlands,DL,Mobile UL 700 MHz,8-48-107,true,3,0.000000,0.0,0.080183,0.000000,false
A10,26,RA3,Rural area 3,Netherlands,DL,Mobile UL 800 MHz,8-81-156,true,3,0.000000,0.0,0.080183,0.000000,false
A10,26,RA3,Rural area 3,Netherlands,DL,Mobile UL 900 MHz,33-113-181,true,3,0.000000,0.0,0.080183,0.000000,false
A10,26,RA3,Rural area 3,Netherlands,DL,Mobile UL 1.8 GHz,66-146-198,true,3,6.975945,87.0,0.080183,0.000000,true
A10,26,RA3,Rural area 3,Netherlands,DL,Mobile UL 2.1 GHz,107-174-214,true,3,0.080183,1.0,0.080183,0.000000,true
A10,26,RA3,Rural area 3,Netherlands,DL,Mobile UL 2.6 GHz,158-202-225,true,3,0.000000,0.0,0.080183,0.000000,false
A10,26,RA3,Rural area 3,Netherlands,DL,Mobile TDD 2.6 GHz,247-104-161,true,3,0.000000,0.0,0.080183,0.000000,false
A10,26,RA3,Rural area 3,Netherlands,DL,Mobile TDD 3.5 GHz,221-52-151,true,3,0.000000,0.0,0.080183,0.000000,false
A10,26,RA3,Rural area 3,Netherlands,DL,Mobile SDL 700 MHz,0-68-27,true,3,0.000000,0.0,0.080183,0.000000,false
A10,26,RA3,Rural area 3,Netherlands,DL,Mobile DL 700 MHz,0-109-44,true,3,0.000000,0.0,0.080183,0.000000,false
A10,26,RA3,Rural area 3,Netherlands,DL,Mobile DL 800 MHz,35-139-69,true,3,0.080183,1.0,0.080183,0.000000,true
A10,26,RA3,Rural area 3,Netherlands,DL,Mobile DL 900 MHz,65-174-118,true,3,0.080183,1.0,0.080183,0.000000,true
A10,26,RA3,Rural area 3,Netherlands,DL,Mobile DL 1.4 GHz,102-194-164,true,3,0.080183,1.0,0.080183,0.000000,true
A10,26,RA3,Rural area 3,Netherlands,DL,Mobile DL 1.8 GHz,153-216-201,true,3,0.080183,1.0,0.080183,0.000000,true
A10,26,RA3,Rural area 3,Netherlands,DL,Mobile DL 2.1 GHz,204-236-230,true,3,0.080183,1.0,0.080183,0.000000,true
A10,26,RA3,Rural area 3,Netherlands,DL,Mobile DL 2.6 GHz,229-245-249,true,3,0.080183,1.0,0.080183,0.000000,true
A10,26,RA3,Rural area 3,Poland,DL,Broadcast,189-189-189,true,5,0.000000,0.0,0.080183,0.000000,false
A10,26,RA3,Rural area 3,Poland,DL,DECT,254-196-79,true,5,0.000000,0.0,0.080183,0.000000,false
A10,26,RA3,Rural area 3,Poland,DL,WiFi 5 GHz,158-154-200,true,5,0.000000,0.0,0.080183,0.000000,false
A10,26,RA3,Rural area 3,Poland,DL,ISM/WiFi 2.4 GHz,117-107-177,true,5,0.000000,0.0,0.080183,0.000000,false
A10,26,RA3,Rural area 3,Poland,DL,Mobile UL 700 MHz,8-48-107,true,5,0.000000,0.0,0.080183,0.000000,false
A10,26,RA3,Rural area 3,Poland,DL,Mobile UL 800 MHz,8-81-156,true,5,0.000000,0.0,0.080183,0.000000,false
A10,26,RA3,Rural area 3,Poland,DL,Mobile UL 900 MHz,33-113-181,true,5,0.000000,0.0,0.080183,0.000000,false
A10,26,RA3,Rural area 3,Poland,DL,Mobile UL 1.8 GHz,66-146-198,true,5,0.160367,2.0,0.080183,0.000000,true
A10,26,RA3,Rural area 3,Poland,DL,Mobile UL 2.1 GHz,107-174-214,true,5,0.481100,6.0,0.080183,0.000000,true
A10,26,RA3,Rural area 3,Poland,DL,Mobile UL 2.6 GHz,158-202-225,true,5,0.080183,1.0,0.080183,0.000000,true
A10,26,RA3,Rural area 3,Poland,DL,Mobile TDD 2.6 GHz,247-104-161,true,5,0.000000,0.0,0.080183,0.000000,false
A10,26,RA3,Rural area 3,Poland,DL,Mobile TDD 3.5 GHz,221-52-151,true,5,0.000000,0.0,0.080183,0.000000,false
A10,26,RA3,Rural area 3,Poland,DL,Mobile SDL 700 MHz,0-68-27,true,5,0.000000,0.0,0.080183,0.000000,false
A10,26,RA3,Rural area 3,Poland,DL,Mobile DL 700 MHz,0-109-44,true,5,0.000000,0.0,0.080183,0.000000,false
A10,26,RA3,Rural area 3,Poland,DL,Mobile DL 800 MHz,35-139-69,true,5,0.000000,0.0,0.080183,0.000000,false
A10,26,RA3,Rural area 3,Poland,DL,Mobile DL 900 MHz,65-174-118,true,5,0.160367,2.0,0.080183,0.000000,true
A10,26,RA3,Rural area 3,Poland,DL,Mobile DL 1.4 GHz,102-194-164,true,5,0.080183,1.0,0.080183,0.000000,true
A10,26,RA3,Rural area 3,Poland,DL,Mobile DL 1.8 GHz,153-216-201,true,5,0.080183,1.0,0.080183,0.000000,true
A10,26,RA3,Rural area 3,Poland,DL,Mobile DL 2.1 GHz,204-236-230,true,5,0.080183,1.0,0.080183,0.000000,true
A10,26,RA3,Rural area 3,Poland,DL,Mobile DL 2.6 GHz,229-245-249,true,5,0.080183,1.0,0.080183,0.000000,true
A10,26,RA3,Rural area 3,Spain,DL,Broadcast,189-189-189,false,0,,,0.080183,,false
A10,26,RA3,Rural area 3,Spain,DL,DECT,254-196-79,false,0,,,0.080183,,false
A10,26,RA3,Rural area 3,Spain,DL,WiFi 5 GHz,158-154-200,false,0,,,0.080183,,false
A10,26,RA3,Rural area 3,Spain,DL,ISM/WiFi 2.4 GHz,117-107-177,false,0,,,0.080183,,false
A10,26,RA3,Rural area 3,Spain,DL,Mobile UL 700 MHz,8-48-107,false,0,,,0.080183,,false
A10,26,RA3,Rural area 3,Spain,DL,Mobile UL 800 MHz,8-81-156,false,0,,,0.080183,,false
A10,26,RA3,Rural area 3,Spain,DL,Mobile UL 900 MHz,33-113-181,false,0,,,0.080183,,false
A10,26,RA3,Rural area 3,Spain,DL,Mobile UL 1.8 GHz,66-146-198,false,0,,,0.080183,,false
A10,26,RA3,Rural area 3,Spain,DL,Mobile UL 2.1 GHz,107-174-214,false,0,,,0.080183,,false
A10,26,RA3,Rural area 3,Spain,DL,Mobile UL 2.6 GHz,158-202-225,false,0,,,0.080183,,false
A10,26,RA3,Rural area 3,Spain,DL,Mobile TDD 2.6 GHz,247-104-161,false,0,,,0.080183,,false
A10,26,RA3,Rural area 3,Spain,DL,Mobile TDD 3.5 GHz,221-52-151,false,0,,,0.080183,,false
A10,26,RA3,Rural area 3,Spain,DL,Mobile SDL 700 MHz,0-68-27,false,0,,,0.080183,,false
A10,26,RA3,Rural area 3,Spain,DL,Mobile DL 700 MHz,0-109-44,false,0,,,0.080183,,false
A10,26,RA3,Rural area 3,Spain,DL,Mobile DL 800 MHz,35-139-69,false,0,,,0.080183,,false
A10,26,RA3,Rural area 3,Spain,DL,Mobile DL 900 MHz,65-174-118,false,0,,,0.080183,,false
A10,26,RA3,Rural area 3,Spain,DL,Mobile DL 1.4 GHz,102-194-164,false,0,,,0.080183,,false
A10,26,RA3,Rural area 3,Spain,DL,Mobile DL 1.8 GHz,153-216-201,false,0,,,0.080183,,false
A10,26,RA3,Rural area 3,Spain,DL,Mobile DL 2.1 GHz,204-236-230,false,0,,,0.080183,,false
A10,26,RA3,Rural area 3,Spain,DL,Mobile DL 2.6 GHz,229-245-249,false,0,,,0.080183,,false
A10,26,RA3,Rural area 3,Switzerland,DL,Broadcast,189-189-189,true,5,0.000000,0.0,0.080183,0.000000,false
A10,26,RA3,Rural area 3,Switzerland,DL,DECT,254-196-79,true,5,0.000000,0.0,0.080183,0.000000,false
A10,26,RA3,Rural area 3,Switzerland,DL,WiFi 5 GHz,158-154-200,true,5,0.080183,1.0,0.080183,0.000000,true
A10,26,RA3,Rural area 3,Switzerland,DL,ISM/WiFi 2.4 GHz,117-107-177,true,5,0.000000,0.0,0.080183,0.000000,false
A10,26,RA3,Rural area 3,Switzerland,DL,Mobile UL 700 MHz,8-48-107,true,5,0.000000,0.0,0.080183,0.000000,false
A10,26,RA3,Rural area 3,Switzerland,DL,Mobile UL 800 MHz,8-81-156,true,5,0.000000,0.0,0.080183,0.000000,false
A10,26,RA3,Rural area 3,Switzerland,DL,Mobile UL 900 MHz,33-113-181,true,5,0.080183,1.0,0.080183,0.000000,true
A10,26,RA3,Rural area 3,Switzerland,DL,Mobile UL 1.8 GHz,66-146-198,true,5,0.240550,3.0,0.080183,0.000000,true
A10,26,RA3,Rural area 3,Switzerland,DL,Mobile UL 2.1 GHz,107-174-214,true,5,2.565865,32.0,0.080183,0.000000,true
A10,26,RA3,Rural area 3,Switzerland,DL,Mobile UL 2.6 GHz,158-202-225,true,5,0.000000,0.0,0.080183,0.000000,false
A10,26,RA3,Rural area 3,Switzerland,DL,Mobile TDD 2.6 GHz,247-104-161,true,5,0.000000,0.0,0.080183,0.000000,false
A10,26,RA3,Rural area 3,Switzerland,DL,Mobile TDD 3.5 GHz,221-52-151,true,5,0.641466,8.0,0.080183,0.000000,true
A10,26,RA3,Rural area 3,Switzerland,DL,Mobile SDL 700 MHz,0-68-27,true,5,0.000000,0.0,0.080183,0.000000,false
A10,26,RA3,Rural area 3,Switzerland,DL,Mobile DL 700 MHz,0-109-44,true,5,0.000000,0.0,0.080183,0.000000,false
A10,26,RA3,Rural area 3,Switzerland,DL,Mobile DL 800 MHz,35-139-69,true,5,0.000000,0.0,0.080183,0.000000,false
A10,26,RA3,Rural area 3,Switzerland,DL,Mobile DL 900 MHz,65-174-118,true,5,0.080183,1.0,0.080183,0.000000,true
A10,26,RA3,Rural area 3,Switzerland,DL,Mobile DL 1.4 GHz,102-194-164,true,5,0.000000,0.0,0.080183,0.000000,false
A10,26,RA3,Rural area 3,Switzerland,DL,Mobile DL 1.8 GHz,153-216-201,true,5,0.000000,0.0,0.080183,0.000000,false
A10,26,RA3,Rural area 3,Switzerland,DL,Mobile DL 2.1 GHz,204-236-230,true,5,0.000000,0.0,0.080183,0.000000,false
A10,26,RA3,Rural area 3,Switzerland,DL,Mobile DL 2.6 GHz,229-245-249,true,5,0.000000,0.0,0.080183,0.000000,false
A10,26,RA3,Rural area 3,UK,DL,Broadcast,189-189-189,true,5,0.000000,0.0,0.080183,0.000000,false
A10,26,RA3,Rural area 3,UK,DL,DECT,254-196-79,true,5,0.000000,0.0,0.080183,0.000000,false
A10,26,RA3,Rural area 3,UK,DL,WiFi 5 GHz,158-154-200,true,5,0.000000,0.0,0.080183,0.000000,false
A10,26,RA3,Rural area 3,UK,DL,ISM/WiFi 2.4 GHz,117-107-177,true,5,0.000000,0.0,0.080183,0.000000,false
A10,26,RA3,Rural area 3,UK,DL,Mobile UL 700 MHz,8-48-107,true,5,0.000000,0.0,0.080183,0.000000,false
A10,26,RA3,Rural area 3,UK,DL,Mobile UL 800 MHz,8-81-156,true,5,0.080183,1.0,0.080183,0.000000,true
A10,26,RA3,Rural area 3,UK,DL,Mobile UL 900 MHz,33-113-181,true,5,5.211913,65.0,0.080183,0.000000,true
A10,26,RA3,Rural area 3,UK,DL,Mobile UL 1.8 GHz,66-146-198,true,5,0.000000,0.0,0.080183,0.000000,false
A10,26,RA3,Rural area 3,UK,DL,Mobile UL 2.1 GHz,107-174-214,true,5,0.962199,12.0,0.080183,0.000000,true
A10,26,RA3,Rural area 3,UK,DL,Mobile UL 2.6 GHz,158-202-225,true,5,0.000000,0.0,0.080183,0.000000,false
A10,26,RA3,Rural area 3,UK,DL,Mobile TDD 2.6 GHz,247-104-161,true,5,0.080183,1.0,0.080183,0.000000,true
A10,26,RA3,Rural area 3,UK,DL,Mobile TDD 3.5 GHz,221-52-151,true,5,0.080183,1.0,0.080183,0.000000,true
A10,26,RA3,Rural area 3,UK,DL,Mobile SDL 700 MHz,0-68-27,true,5,0.000000,0.0,0.080183,0.000000,false
A10,26,RA3,Rural area 3,UK,DL,Mobile DL 700 MHz,0-109-44,true,5,0.000000,0.0,0.080183,0.000000,false
A10,26,RA3,Rural area 3,UK,DL,Mobile DL 800 MHz,35-139-69,true,5,0.000000,0.0,0.080183,0.000000,false
A10,26,RA3,Rural area 3,UK,DL,Mobile DL 900 MHz,65-174-118,true,5,0.000000,0.0,0.080183,0.000000,false
A10,26,RA3,Rural area 3,UK,DL,Mobile DL 1.4 GHz,102-194-164,true,5,0.000000,0.0,0.080183,0.000000,false
A10,26,RA3,Rural area 3,UK,DL,Mobile DL 1.8 GHz,153-216-201,true,5,0.000000,0.0,0.080183,0.000000,false
A10,26,RA3,Rural area 3,UK,DL,Mobile DL 2.1 GHz,204-236-230,true,5,0.000000,0.0,0.080183,0.000000,false
A10,26,RA3,Rural area 3,UK,DL,Mobile DL 2.6 GHz,229-245-249,true,5,0.080183,1.0,0.080183,0.000000,true
A10,26,RA3,Rural area 3,Austria,UL,Broadcast,189-189-189,false,0,,,0.080183,,false
A10,26,RA3,Rural area 3,Austria,UL,DECT,254-196-79,false,0,,,0.080183,,false
A10,26,RA3,Rural area 3,Austria,UL,WiFi 5 GHz,158-154-200,false,0,,,0.080183,,false
A10,26,RA3,Rural area 3,Austria,UL,ISM/WiFi 2.4 GHz,117-107-177,false,0,,,0.080183,,false
A10,26,RA3,Rural area 3,Austria,UL,Mobile UL 700 MHz,8-48-107,false,0,,,0.080183,,false
A10,26,RA3,Rural area 3,Austria,UL,Mobile UL 800 MHz,8-81-156,false,0,,,0.080183,,false
A10,26,RA3,Rural area 3,Austria,UL,Mobile UL 900 MHz,33-113-181,false,0,,,0.080183,,false
A10,26,RA3,Rural area 3,Austria,UL,Mobile UL 1.8 GHz,66-146-198,false,0,,,0.080183,,false
A10,26,RA3,Rural area 3,Austria,UL,Mobile UL 2.1 GHz,107-174-214,false,0,,,0.080183,,false
A10,26,RA3,Rural area 3,Austria,UL,Mobile UL 2.6 GHz,158-202-225,false,0,,,0.080183,,false
A10,26,RA3,Rural area 3,Austria,UL,Mobile TDD 2.6 GHz,247-104-161,false,0,,,0.080183,,false
A10,26,RA3,Rural area 3,Austria,UL,Mobile TDD 3.5 GHz,221-52-151,false,0,,,0.080183,,false
A10,26,RA3,Rural area 3,Austria,UL,Mobile SDL 700 MHz,0-68-27,false,0,,,0.080183,,false
A10,26,RA3,Rural area 3,Austria,UL,Mobile DL 700 MHz,0-109-44,false,0,,,0.080183,,false
A10,26,RA3,Rural area 3,Austria,UL,Mobile DL 800 MHz,35-139-69,false,0,,,0.080183,,false
A10,26,RA3,Rural area 3,Austria,UL,Mobile DL 900 MHz,65-174-118,false,0,,,0.080183,,false
A10,26,RA3,Rural area 3,Austria,UL,Mobile DL 1.4 GHz,102-194-164,false,0,,,0.080183,,false
A10,26,RA3,Rural area 3,Austria,UL,Mobile DL 1.8 GHz,153-216-201,false,0,,,0.080183,,false
A10,26,RA3,Rural area 3,Austria,UL,Mobile DL 2.1 GHz,204-236-230,false,0,,,0.080183,,false
A10,26,RA3,Rural area 3,Austria,UL,Mobile DL 2.6 GHz,229-245-249,false,0,,,0.080183,,false
A10,26,RA3,Rural area 3,Belgium,UL,Broadcast,189-189-189,true,5,0.000000,0.0,0.080183,0.000000,false
A10,26,RA3,Rural area 3,Belgium,UL,DECT,254-196-79,true,5,0.000000,0.0,0.080183,0.000000,false
A10,26,RA3,Rural area 3,Belgium,UL,WiFi 5 GHz,158-154-200,true,5,0.000000,0.0,0.080183,0.000000,false
A10,26,RA3,Rural area 3,Belgium,UL,ISM/WiFi 2.4 GHz,117-107-177,true,5,0.000000,0.0,0.080183,0.000000,false
A10,26,RA3,Rural area 3,Belgium,UL,Mobile UL 700 MHz,8-48-107,true,5,0.080183,1.0,0.080183,0.000000,true
A10,26,RA3,Rural area 3,Belgium,UL,Mobile UL 800 MHz,8-81-156,true,5,8.178694,102.0,0.080183,0.000000,true
A10,26,RA3,Rural area 3,Belgium,UL,Mobile UL 900 MHz,33-113-181,true,5,0.160367,2.0,0.080183,0.000000,true
A10,26,RA3,Rural area 3,Belgium,UL,Mobile UL 1.8 GHz,66-146-198,true,5,7.697595,96.0,0.080183,0.000000,true
A10,26,RA3,Rural area 3,Belgium,UL,Mobile UL 2.1 GHz,107-174-214,true,5,0.080183,1.0,0.080183,0.000000,true
A10,26,RA3,Rural area 3,Belgium,UL,Mobile UL 2.6 GHz,158-202-225,true,5,4.730813,59.0,0.080183,0.000000,true
A10,26,RA3,Rural area 3,Belgium,UL,Mobile TDD 2.6 GHz,247-104-161,true,5,0.000000,0.0,0.080183,0.000000,false
A10,26,RA3,Rural area 3,Belgium,UL,Mobile TDD 3.5 GHz,221-52-151,true,5,0.400916,5.0,0.080183,0.000000,true
A10,26,RA3,Rural area 3,Belgium,UL,Mobile SDL 700 MHz,0-68-27,true,5,0.000000,0.0,0.080183,0.000000,false
A10,26,RA3,Rural area 3,Belgium,UL,Mobile DL 700 MHz,0-109-44,true,5,0.000000,0.0,0.080183,0.000000,false
A10,26,RA3,Rural area 3,Belgium,UL,Mobile DL 800 MHz,35-139-69,true,5,0.080183,1.0,0.080183,0.000000,true
A10,26,RA3,Rural area 3,Belgium,UL,Mobile DL 900 MHz,65-174-118,true,5,0.000000,0.0,0.080183,0.000000,false
A10,26,RA3,Rural area 3,Belgium,UL,Mobile DL 1.4 GHz,102-194-164,true,5,0.000000,0.0,0.080183,0.000000,false
A10,26,RA3,Rural area 3,Belgium,UL,Mobile DL 1.8 GHz,153-216-201,true,5,0.000000,0.0,0.080183,0.000000,false
A10,26,RA3,Rural area 3,Belgium,UL,Mobile DL 2.1 GHz,204-236-230,true,5,0.000000,0.0,0.080183,0.000000,false
A10,26,RA3,Rural area 3,Belgium,UL,Mobile DL 2.6 GHz,229-245-249,true,5,0.080183,1.0,0.080183,0.000000,true
A10,26,RA3,Rural area 3,France,UL,Broadcast,189-189-189,true,8,0.080183,1.0,0.080183,0.000000,true
A10,26,RA3,Rural area 3,France,UL,DECT,254-196-79,true,8,0.000000,0.0,0.080183,0.000000,false
A10,26,RA3,Rural area 3,France,UL,WiFi 5 GHz,158-154-200,true,8,0.000000,0.0,0.080183,0.000000,false
A10,26,RA3,Rural area 3,France,UL,ISM/WiFi 2.4 GHz,117-107-177,true,8,0.240550,3.0,0.080183,0.000000,true
A10,26,RA3,Rural area 3,France,UL,Mobile UL 700 MHz,8-48-107,true,8,0.000000,0.0,0.080183,0.000000,false
A10,26,RA3,Rural area 3,France,UL,Mobile UL 800 MHz,8-81-156,true,8,0.000000,0.0,0.080183,0.000000,false
A10,26,RA3,Rural area 3,France,UL,Mobile UL 900 MHz,33-113-181,true,8,0.000000,0.0,0.080183,0.000000,false
A10,26,RA3,Rural area 3,France,UL,Mobile UL 1.8 GHz,66-146-198,true,8,7.376861,92.0,0.080183,0.000000,true
A10,26,RA3,Rural area 3,France,UL,Mobile UL 2.1 GHz,107-174-214,true,8,3.367698,42.0,0.080183,0.000000,true
A10,26,RA3,Rural area 3,France,UL,Mobile UL 2.6 GHz,158-202-225,true,8,1.363116,17.0,0.080183,0.000000,true
A10,26,RA3,Rural area 3,France,UL,Mobile TDD 2.6 GHz,247-104-161,true,8,0.080183,1.0,0.080183,0.000000,true
A10,26,RA3,Rural area 3,France,UL,Mobile TDD 3.5 GHz,221-52-151,true,8,4.410080,55.0,0.080183,0.000000,true
A10,26,RA3,Rural area 3,France,UL,Mobile SDL 700 MHz,0-68-27,true,8,0.000000,0.0,0.080183,0.000000,false
A10,26,RA3,Rural area 3,France,UL,Mobile DL 700 MHz,0-109-44,true,8,0.000000,0.0,0.080183,0.000000,false
A10,26,RA3,Rural area 3,France,UL,Mobile DL 800 MHz,35-139-69,true,8,0.080183,1.0,0.080183,0.000000,true
A10,26,RA3,Rural area 3,France,UL,Mobile DL 900 MHz,65-174-118,true,8,0.000000,0.0,0.080183,0.000000,false
A10,26,RA3,Rural area 3,France,UL,Mobile DL 1.4 GHz,102-194-164,true,8,0.000000,0.0,0.080183,0.000000,false
A10,26,RA3,Rural area 3,France,UL,Mobile DL 1.8 GHz,153-216-201,true,8,0.080183,1.0,0.080183,0.000000,true
A10,26,RA3,Rural area 3,France,UL,Mobile DL 2.1 GHz,204-236-230,true,8,0.000000,0.0,0.080183,0.000000,false
A10,26,RA3,Rural area 3,France,UL,Mobile DL 2.6 GHz,229-245-249,true,8,0.000000,0.0,0.080183,0.000000,false
A10,26,RA3,Rural area 3,Hungary,UL,Broadcast,189-189-189,true,7,0.000000,0.0,0.080183,0.000000,false
A10,26,RA3,Rural area 3,Hungary,UL,DECT,254-196-79,true,7,0.000000,0.0,0.080183,0.000000,false
A10,26,RA3,Rural area 3,Hungary,UL,WiFi 5 GHz,158-154-200,true,7,0.000000,0.0,0.080183,0.000000,false
A10,26,RA3,Rural area 3,Hungary,UL,ISM/WiFi 2.4 GHz,117-107-177,true,7,0.000000,0.0,0.080183,0.000000,false
A10,26,RA3,Rural area 3,Hungary,UL,Mobile UL 700 MHz,8-48-107,true,7,0.561283,7.0,0.080183,0.000000,true
A10,26,RA3,Rural area 3,Hungary,UL,Mobile UL 800 MHz,8-81-156,true,7,1.202749,15.0,0.080183,0.000000,true
A10,26,RA3,Rural area 3,Hungary,UL,Mobile UL 900 MHz,33-113-181,true,7,0.160367,2.0,0.080183,0.000000,true
A10,26,RA3,Rural area 3,Hungary,UL,Mobile UL 1.8 GHz,66-146-198,true,7,8.018328,100.0,0.080183,0.000000,true
A10,26,RA3,Rural area 3,Hungary,UL,Mobile UL 2.1 GHz,107-174-214,true,7,0.080183,1.0,0.080183,0.000000,true
A10,26,RA3,Rural area 3,Hungary,UL,Mobile UL 2.6 GHz,158-202-225,true,7,0.080183,1.0,0.080183,0.000000,true
A10,26,RA3,Rural area 3,Hungary,UL,Mobile TDD 2.6 GHz,247-104-161,true,7,0.000000,0.0,0.080183,0.000000,false
A10,26,RA3,Rural area 3,Hungary,UL,Mobile TDD 3.5 GHz,221-52-151,true,7,0.000000,0.0,0.080183,0.000000,false
A10,26,RA3,Rural area 3,Hungary,UL,Mobile SDL 700 MHz,0-68-27,true,7,0.000000,0.0,0.080183,0.000000,false
A10,26,RA3,Rural area 3,Hungary,UL,Mobile DL 700 MHz,0-109-44,true,7,0.000000,0.0,0.080183,0.000000,false
A10,26,RA3,Rural area 3,Hungary,UL,Mobile DL 800 MHz,35-139-69,true,7,0.000000,0.0,0.080183,0.000000,false
A10,26,RA3,Rural area 3,Hungary,UL,Mobile DL 900 MHz,65-174-118,true,7,0.080183,1.0,0.080183,0.000000,true
A10,26,RA3,Rural area 3,Hungary,UL,Mobile DL 1.4 GHz,102-194-164,true,7,0.000000,0.0,0.080183,0.000000,false
A10,26,RA3,Rural area 3,Hungary,UL,Mobile DL 1.8 GHz,153-216-201,true,7,0.080183,1.0,0.080183,0.000000,true
A10,26,RA3,Rural area 3,Hungary,UL,Mobile DL 2.1 GHz,204-236-230,true,7,0.000000,0.0,0.080183,0.000000,false
A10,26,RA3,Rural area 3,Hungary,UL,Mobile DL 2.6 GHz,229-245-249,true,7,0.000000,0.0,0.080183,0.000000,false
A10,26,RA3,Rural area 3,Italy,UL,Broadcast,189-189-189,true,3,0.000000,0.0,0.080183,0.000000,false
A10,26,RA3,Rural area 3,Italy,UL,DECT,254-196-79,true,3,0.000000,0.0,0.080183,0.000000,false
A10,26,RA3,Rural area 3,Italy,UL,WiFi 5 GHz,158-154-200,true,3,0.080183,1.0,0.080183,0.000000,true
A10,26,RA3,Rural area 3,Italy,UL,ISM/WiFi 2.4 GHz,117-107-177,true,3,0.000000,0.0,0.080183,0.000000,false
A10,26,RA3,Rural area 3,Italy,UL,Mobile UL 700 MHz,8-48-107,true,3,0.000000,0.0,0.080183,0.000000,false
A10,26,RA3,Rural area 3,Italy,UL,Mobile UL 800 MHz,8-81-156,true,3,0.000000,0.0,0.080183,0.000000,false
A10,26,RA3,Rural area 3,Italy,UL,Mobile UL 900 MHz,33-113-181,true,3,0.000000,0.0,0.080183,0.000000,false
A10,26,RA3,Rural area 3,Italy,UL,Mobile UL 1.8 GHz,66-146-198,true,3,6.254296,78.0,0.080183,0.000000,true
A10,26,RA3,Rural area 3,Italy,UL,Mobile UL 2.1 GHz,107-174-214,true,3,0.080183,1.0,0.080183,0.000000,true
A10,26,RA3,Rural area 3,Italy,UL,Mobile UL 2.6 GHz,158-202-225,true,3,14.272623,178.0,0.080183,0.000000,true
A10,26,RA3,Rural area 3,Italy,UL,Mobile TDD 2.6 GHz,247-104-161,true,3,0.000000,0.0,0.080183,0.000000,false
A10,26,RA3,Rural area 3,Italy,UL,Mobile TDD 3.5 GHz,221-52-151,true,3,0.000000,0.0,0.080183,0.000000,false
A10,26,RA3,Rural area 3,Italy,UL,Mobile SDL 700 MHz,0-68-27,true,3,0.000000,0.0,0.080183,0.000000,false
A10,26,RA3,Rural area 3,Italy,UL,Mobile DL 700 MHz,0-109-44,true,3,0.000000,0.0,0.080183,0.000000,false
A10,26,RA3,Rural area 3,Italy,UL,Mobile DL 800 MHz,35-139-69,true,3,0.000000,0.0,0.080183,0.000000,false
A10,26,RA3,Rural area 3,Italy,UL,Mobile DL 900 MHz,65-174-118,true,3,0.000000,0.0,0.080183,0.000000,false
A10,26,RA3,Rural area 3,Italy,UL,Mobile DL 1.4 GHz,102-194-164,true,3,0.000000,0.0,0.080183,0.000000,false
A10,26,RA3,Rural area 3,Italy,UL,Mobile DL 1.8 GHz,153-216-201,true,3,0.000000,0.0,0.080183,0.000000,false
A10,26,RA3,Rural area 3,Italy,UL,Mobile DL 2.1 GHz,204-236-230,true,3,0.000000,0.0,0.080183,0.000000,false
A10,26,RA3,Rural area 3,Italy,UL,Mobile DL 2.6 GHz,229-245-249,true,3,0.000000,0.0,0.080183,0.000000,false
A10,26,RA3,Rural area 3,Netherlands,UL,Broadcast,189-189-189,true,3,0.000000,0.0,0.080183,0.000000,false
A10,26,RA3,Rural area 3,Netherlands,UL,DECT,254-196-79,true,3,0.000000,0.0,0.080183,0.000000,false
A10,26,RA3,Rural area 3,Netherlands,UL,WiFi 5 GHz,158-154-200,true,3,0.000000,0.0,0.080183,0.000000,false
A10,26,RA3,Rural area 3,Netherlands,UL,ISM/WiFi 2.4 GHz,117-107-177,true,3,0.000000,0.0,0.080183,0.000000,false
A10,26,RA3,Rural area 3,Netherlands,UL,Mobile UL 700 MHz,8-48-107,true,3,0.000000,0.0,0.080183,0.000000,false
A10,26,RA3,Rural area 3,Netherlands,UL,Mobile UL 800 MHz,8-81-156,true,3,0.000000,0.0,0.080183,0.000000,false
A10,26,RA3,Rural area 3,Netherlands,UL,Mobile UL 900 MHz,33-113-181,true,3,0.000000,0.0,0.080183,0.000000,false
A10,26,RA3,Rural area 3,Netherlands,UL,Mobile UL 1.8 GHz,66-146-198,true,3,14.032073,175.0,0.080183,0.000000,true
A10,26,RA3,Rural area 3,Netherlands,UL,Mobile UL 2.1 GHz,107-174-214,true,3,14.593356,182.0,0.080183,0.000000,true
A10,26,RA3,Rural area 3,Netherlands,UL,Mobile UL 2.6 GHz,158-202-225,true,3,0.080183,1.0,0.080183,0.000000,true
A10,26,RA3,Rural area 3,Netherlands,UL,Mobile TDD 2.6 GHz,247-104-161,true,3,0.000000,0.0,0.080183,0.000000,false
A10,26,RA3,Rural area 3,Netherlands,UL,Mobile TDD 3.5 GHz,221-52-151,true,3,0.000000,0.0,0.080183,0.000000,false
A10,26,RA3,Rural area 3,Netherlands,UL,Mobile SDL 700 MHz,0-68-27,true,3,0.000000,0.0,0.080183,0.000000,false
A10,26,RA3,Rural area 3,Netherlands,UL,Mobile DL 700 MHz,0-109-44,true,3,0.000000,0.0,0.080183,0.000000,false
A10,26,RA3,Rural area 3,Netherlands,UL,Mobile DL 800 MHz,35-139-69,true,3,0.000000,0.0,0.080183,0.000000,false
A10,26,RA3,Rural area 3,Netherlands,UL,Mobile DL 900 MHz,65-174-118,true,3,0.080183,1.0,0.080183,0.000000,true
A10,26,RA3,Rural area 3,Netherlands,UL,Mobile DL 1.4 GHz,102-194-164,true,3,0.160367,2.0,0.080183,0.000000,true
A10,26,RA3,Rural area 3,Netherlands,UL,Mobile DL 1.8 GHz,153-216-201,true,3,0.000000,0.0,0.080183,0.000000,false
A10,26,RA3,Rural area 3,Netherlands,UL,Mobile DL 2.1 GHz,204-236-230,true,3,0.080183,1.0,0.080183,0.000000,true
A10,26,RA3,Rural area 3,Netherlands,UL,Mobile DL 2.6 GHz,229-245-249,true,3,0.000000,0.0,0.080183,0.000000,false
A10,26,RA3,Rural area 3,Poland,UL,Broadcast,189-189-189,true,5,0.000000,0.0,0.080183,0.000000,false
A10,26,RA3,Rural area 3,Poland,UL,DECT,254-196-79,true,5,0.000000,0.0,0.080183,0.000000,false
A10,26,RA3,Rural area 3,Poland,UL,WiFi 5 GHz,158-154-200,true,5,0.000000,0.0,0.080183,0.000000,false
A10,26,RA3,Rural area 3,Poland,UL,ISM/WiFi 2.4 GHz,117-107-177,true,5,0.000000,0.0,0.080183,0.000000,false
A10,26,RA3,Rural area 3,Poland,UL,Mobile UL 700 MHz,8-48-107,true,5,0.000000,0.0,0.080183,0.000000,false
A10,26,RA3,Rural area 3,Poland,UL,Mobile UL 800 MHz,8-81-156,true,5,0.000000,0.0,0.080183,0.000000,false
A10,26,RA3,Rural area 3,Poland,UL,Mobile UL 900 MHz,33-113-181,true,5,0.000000,0.0,0.080183,0.000000,false
A10,26,RA3,Rural area 3,Poland,UL,Mobile UL 1.8 GHz,66-146-198,true,5,0.320733,4.0,0.080183,0.000000,true
A10,26,RA3,Rural area 3,Poland,UL,Mobile UL 2.1 GHz,107-174-214,true,5,2.245132,28.0,0.080183,0.000000,true
A10,26,RA3,Rural area 3,Poland,UL,Mobile UL 2.6 GHz,158-202-225,true,5,1.844215,23.0,0.080183,0.000000,true
A10,26,RA3,Rural area 3,Poland,UL,Mobile TDD 2.6 GHz,247-104-161,true,5,0.000000,0.0,0.080183,0.000000,false
A10,26,RA3,Rural area 3,Poland,UL,Mobile TDD 3.5 GHz,221-52-151,true,5,0.000000,0.0,0.080183,0.000000,false
A10,26,RA3,Rural area 3,Poland,UL,Mobile SDL 700 MHz,0-68-27,true,5,0.000000,0.0,0.080183,0.000000,false
A10,26,RA3,Rural area 3,Poland,UL,Mobile DL 700 MHz,0-109-44,true,5,0.000000,0.0,0.080183,0.000000,false
A10,26,RA3,Rural area 3,Poland,UL,Mobile DL 800 MHz,35-139-69,true,5,0.080183,1.0,0.080183,0.000000,true
A10,26,RA3,Rural area 3,Poland,UL,Mobile DL 900 MHz,65-174-118,true,5,0.160367,2.0,0.080183,0.000000,true
A10,26,RA3,Rural area 3,Poland,UL,Mobile DL 1.4 GHz,102-194-164,true,5,0.000000,0.0,0.080183,0.000000,false
A10,26,RA3,Rural area 3,Poland,UL,Mobile DL 1.8 GHz,153-216-201,true,5,0.080183,1.0,0.080183,0.000000,true
A10,26,RA3,Rural area 3,Poland,UL,Mobile DL 2.1 GHz,204-236-230,true,5,0.080183,1.0,0.080183,0.000000,true
A10,26,RA3,Rural area 3,Poland,UL,Mobile DL 2.6 GHz,229-245-249,true,5,0.080183,1.0,0.080183,0.000000,true
A10,26,RA3,Rural area 3,Spain,UL,Broadcast,189-189-189,false,0,,,0.080183,,false
A10,26,RA3,Rural area 3,Spain,UL,DECT,254-196-79,false,0,,,0.080183,,false
A10,26,RA3,Rural area 3,Spain,UL,WiFi 5 GHz,158-154-200,false,0,,,0.080183,,false
A10,26,RA3,Rural area 3,Spain,UL,ISM/WiFi 2.4 GHz,117-107-177,false,0,,,0.080183,,false
A10,26,RA3,Rural area 3,Spain,UL,Mobile UL 700 MHz,8-48-107,false,0,,,0.080183,,false
A10,26,RA3,Rural area 3,Spain,UL,Mobile UL 800 MHz,8-81-156,false,0,,,0.080183,,false
A10,26,RA3,Rural area 3,Spain,UL,Mobile UL 900 MHz,33-113-181,false,0,,,0.080183,,false
A10,26,RA3,Rural area 3,Spain,UL,Mobile UL 1.8 GHz,66-146-198,false,0,,,0.080183,,false
A10,26,RA3,Rural area 3,Spain,UL,Mobile UL 2.1 GHz,107-174-214,false,0,,,0.080183,,false
A10,26,RA3,Rural area 3,Spain,UL,Mobile UL 2.6 GHz,158-202-225,false,0,,,0.080183,,false
A10,26,RA3,Rural area 3,Spain,UL,Mobile TDD 2.6 GHz,247-104-161,false,0,,,0.080183,,false
A10,26,RA3,Rural area 3,Spain,UL,Mobile TDD 3.5 GHz,221-52-151,false,0,,,0.080183,,false
A10,26,RA3,Rural area 3,Spain,UL,Mobile SDL 700 MHz,0-68-27,false,0,,,0.080183,,false
A10,26,RA3,Rural area 3,Spain,UL,Mobile DL 700 MHz,0-109-44,false,0,,,0.080183,,false
A10,26,RA3,Rural area 3,Spain,UL,Mobile DL 800 MHz,35-139-69,false,0,,,0.080183,,false
A10,26,RA3,Rural area 3,Spain,UL,Mobile DL 900 MHz,65-174-118,false,0,,,0.080183,,false
A10,26,RA3,Rural area 3,Spain,UL,Mobile DL 1.4 GHz,102-194-164,false,0,,,0.080183,,false
A10,26,RA3,Rural area 3,Spain,UL,Mobile DL 1.8 GHz,153-216-201,false,0,,,0.080183,,false
A10,26,RA3,Rural area 3,Spain,UL,Mobile DL 2.1 GHz,204-236-230,false,0,,,0.080183,,false
A10,26,RA3,Rural area 3,Spain,UL,Mobile DL 2.6 GHz,229-245-249,false,0,,,0.080183,,false
A10,26,RA3,Rural area 3,Switzerland,UL,Broadcast,189-189-189,true,5,0.000000,0.0,0.080183,0.000000,false
A10,26,RA3,Rural area 3,Switzerland,UL,DECT,254-196-79,true,5,0.000000,0.0,0.080183,0.000000,false
A10,26,RA3,Rural area 3,Switzerland,UL,WiFi 5 GHz,158-154-200,true,5,0.000000,0.0,0.080183,0.000000,false
A10,26,RA3,Rural area 3,Switzerland,UL,ISM/WiFi 2.4 GHz,117-107-177,true,5,0.000000,0.0,0.080183,0.000000,false
A10,26,RA3,Rural area 3,Switzerland,UL,Mobile UL 700 MHz,8-48-107,true,5,0.481100,6.0,0.080183,0.000000,true
A10,26,RA3,Rural area 3,Switzerland,UL,Mobile UL 800 MHz,8-81-156,true,5,0.000000,0.0,0.080183,0.000000,false
A10,26,RA3,Rural area 3,Switzerland,UL,Mobile UL 900 MHz,33-113-181,true,5,0.000000,0.0,0.080183,0.000000,false
A10,26,RA3,Rural area 3,Switzerland,UL,Mobile UL 1.8 GHz,66-146-198,true,5,0.882016,11.0,0.080183,0.000000,true
A10,26,RA3,Rural area 3,Switzerland,UL,Mobile UL 2.1 GHz,107-174-214,true,5,20.526919,256.0,0.080183,0.000000,true
A10,26,RA3,Rural area 3,Switzerland,UL,Mobile UL 2.6 GHz,158-202-225,true,5,0.000000,0.0,0.080183,0.000000,false
A10,26,RA3,Rural area 3,Switzerland,UL,Mobile TDD 2.6 GHz,247-104-161,true,5,0.000000,0.0,0.080183,0.000000,false
A10,26,RA3,Rural area 3,Switzerland,UL,Mobile TDD 3.5 GHz,221-52-151,true,5,0.000000,0.0,0.080183,0.000000,false
A10,26,RA3,Rural area 3,Switzerland,UL,Mobile SDL 700 MHz,0-68-27,true,5,0.000000,0.0,0.080183,0.000000,false
A10,26,RA3,Rural area 3,Switzerland,UL,Mobile DL 700 MHz,0-109-44,true,5,0.000000,0.0,0.080183,0.000000,false
A10,26,RA3,Rural area 3,Switzerland,UL,Mobile DL 800 MHz,35-139-69,true,5,0.080183,1.0,0.080183,0.000000,true
A10,26,RA3,Rural area 3,Switzerland,UL,Mobile DL 900 MHz,65-174-118,true,5,0.000000,0.0,0.080183,0.000000,false
A10,26,RA3,Rural area 3,Switzerland,UL,Mobile DL 1.4 GHz,102-194-164,true,5,0.000000,0.0,0.080183,0.000000,false
A10,26,RA3,Rural area 3,Switzerland,UL,Mobile DL 1.8 GHz,153-216-201,true,5,0.080183,1.0,0.080183,0.000000,true
A10,26,RA3,Rural area 3,Switzerland,UL,Mobile DL 2.1 GHz,204-236-230,true,5,0.000000,0.0,0.080183,0.000000,false
A10,26,RA3,Rural area 3,Switzerland,UL,Mobile DL 2.6 GHz,229-245-249,true,5,0.080183,1.0,0.080183,0.000000,true
A10,26,RA3,Rural area 3,UK,UL,Broadcast,189-189-189,true,5,0.000000,0.0,0.080183,0.000000,false
A10,26,RA3,Rural area 3,UK,UL,DECT,254-196-79,true,5,0.000000,0.0,0.080183,0.000000,false
A10,26,RA3,Rural area 3,UK,UL,WiFi 5 GHz,158-154-200,true,5,0.000000,0.0,0.080183,0.000000,false
A10,26,RA3,Rural area 3,UK,UL,ISM/WiFi 2.4 GHz,117-107-177,true,5,0.000000,0.0,0.080183,0.000000,false
A10,26,RA3,Rural area 3,UK,UL,Mobile UL 700 MHz,8-48-107,true,5,0.000000,0.0,0.080183,0.000000,false
A10,26,RA3,Rural area 3,UK,UL,Mobile UL 800 MHz,8-81-156,true,5,0.160367,2.0,0.080183,0.000000,true
A10,26,RA3,Rural area 3,UK,UL,Mobile UL 900 MHz,33-113-181,true,5,3.447881,43.0,0.080183,0.000000,true
A10,26,RA3,Rural area 3,UK,UL,Mobile UL 1.8 GHz,66-146-198,true,5,0.000000,0.0,0.080183,0.000000,false
A10,26,RA3,Rural area 3,UK,UL,Mobile UL 2.1 GHz,107-174-214,true,5,12.027491,150.0,0.080183,0.000000,true
A10,26,RA3,Rural area 3,UK,UL,Mobile UL 2.6 GHz,158-202-225,true,5,0.000000,0.0,0.080183,0.000000,false
A10,26,RA3,Rural area 3,UK,UL,Mobile TDD 2.6 GHz,247-104-161,true,5,0.000000,0.0,0.080183,0.000000,false
A10,26,RA3,Rural area 3,UK,UL,Mobile TDD 3.5 GHz,221-52-151,true,5,0.000000,0.0,0.080183,0.000000,false
A10,26,RA3,Rural area 3,UK,UL,Mobile SDL 700 MHz,0-68-27,true,5,0.000000,0.0,0.080183,0.000000,false
A10,26,RA3,Rural area 3,UK,UL,Mobile DL 700 MHz,0-109-44,true,5,0.000000,0.0,0.080183,0.000000,false
A10,26,RA3,Rural area 3,UK,UL,Mobile DL 800 MHz,35-139-69,true,5,0.000000,0.0,0.080183,0.000000,false
A10,26,RA3,Rural area 3,UK,UL,Mobile DL 900 MHz,65-174-118,true,5,0.080183,1.0,0.080183,0.000000,true
A10,26,RA3,Rural area 3,UK,UL,Mobile DL 1.4 GHz,102-194-164,true,5,0.000000,0.0,0.080183,0.000000,false
A10,26,RA3,Rural area 3,UK,UL,Mobile DL 1.8 GHz,153-216-201,true,5,0.000000,0.0,0.080183,0.000000,false
A10,26,RA3,Rural area 3,UK,UL,Mobile DL 2.1 GHz,204-236-230,true,5,0.000000,0.0,0.080183,0.000000,false
A10,26,RA3,Rural area 3,UK,UL,Mobile DL 2.6 GHz,229-245-249,true,5,0.080183,1.0,0.080183,0.000000,true
