record_type,site,look,component,metric,quantile,standpoint,stratum,estimate,sealed_16_estimate,change_from_sealed_16_db,bootstrap_95_low,bootstrap_95_high
route_quantile,korenmarkt,16,direct,total_transfer_m_inv2,q10,,,0.0008347350724473272,,0.0,0.0008347350724473272,0.0008347350724473272
route_quantile,korenmarkt,16,direct,total_transfer_m_inv2,q50,,,0.0010059615350724652,,0.0,0.0010059615350724652,0.0010059615350724652
route_quantile,korenmarkt,16,direct,total_transfer_m_inv2,q90,,,0.0010778252949060422,,0.0,0.0010778252949060422,0.0010778252949060422
route_quantile,korenmarkt,16,direct,wbsar_m2_per_kg,q10,,,0.04502505117330418,,0.0,0.04502505117330418,0.04502505117330418
route_quantile,korenmarkt,16,direct,wbsar_m2_per_kg,q50,,,0.047476176705143674,,0.0,0.047476176705143674,0.047476176705143674
route_quantile,korenmarkt,16,direct,wbsar_m2_per_kg,q90,,,0.05027584881915907,,0.0,0.05027584881915907,0.05027584881915907
route_quantile,korenmarkt,16,all_specular,total_transfer_m_inv2,q10,,,0.0002262763733996229,,0.0,0.0002262763733996229,0.0002262763733996229
route_quantile,korenmarkt,16,all_specular,total_transfer_m_inv2,q50,,,0.00027996817796781346,,0.0,0.00027996817796781346,0.00027996817796781346
route_quantile,korenmarkt,16,all_specular,total_transfer_m_inv2,q90,,,0.0003568551933791438,,0.0,0.0003568551933791438,0.0003568551933791438
route_quantile,korenmarkt,16,all_specular,wbsar_m2_per_kg,q10,,,0.011984912612678866,,0.0,0.011984912612678866,0.011984912612678866
route_quantile,korenmarkt,16,all_specular,wbsar_m2_per_kg,q50,,,0.013538655357191745,,0.0,0.013538655357191745,0.013538655357191745
route_quantile,korenmarkt,16,all_specular,wbsar_m2_per_kg,q90,,,0.016950047194396658,,0.0,0.016950047194396658,0.016950047194396658
route_quantile,korenmarkt,16,first_diffuse,total_transfer_m_inv2,q10,,,5.358502036763568e-06,,0.0,5.301015524257449e-06,5.379580790653384e-06
route_quantile,korenmarkt,16,first_diffuse,total_transfer_m_inv2,q50,,,1.2204885852868995e-05,,0.0,1.2134000993086297e-05,1.227187781899013e-05
route_quantile,korenmarkt,16,first_diffuse,total_transfer_m_inv2,q90,,,2.254339321253064e-05,,0.0,2.2421400071084416e-05,2.2643464016333966e-05
route_quantile,korenmarkt,16,first_diffuse,wbsar_m2_per_kg,q10,,,0.00028734851493896754,,0.0,0.000284167016341473,0.00029050711662906834
route_quantile,korenmarkt,16,first_diffuse,wbsar_m2_per_kg,q50,,,0.0006712640155703991,,0.0,0.0006671046445730315,0.0006751576915501318
route_quantile,korenmarkt,16,first_diffuse,wbsar_m2_per_kg,q90,,,0.0012604378527006238,,0.0,0.0012531119671098634,0.0012673035641975491
route_quantile,korenmarkt,16,total,total_transfer_m_inv2,q10,,,0.0010717576523790436,,0.0,0.0010717038902498504,0.0010718189581931487
route_quantile,korenmarkt,16,total,total_transfer_m_inv2,q50,,,0.0012744654349179712,,0.0,0.0012743945500581885,0.0012745324268840924
route_quantile,korenmarkt,16,total,total_transfer_m_inv2,q90,,,0.0014653643574498072,,0.0,0.0014652423643083607,0.0014654969085284714
route_quantile,korenmarkt,16,total,wbsar_m2_per_kg,q10,,,0.0578327438321708,,0.0,0.057829569746458656,0.05783640594486285
route_quantile,korenmarkt,16,total,wbsar_m2_per_kg,q50,,,0.06204518535491678,,0.0,0.06204102598391942,0.062049079030896515
route_quantile,korenmarkt,16,total,wbsar_m2_per_kg,q90,,,0.0686717408320388,,0.0,0.06866441494644802,0.0686797470956051
pointwise,korenmarkt,16,total,total_transfer_m_inv2,,0,nonshadowed,0.0010280142026844396,0.0010280142026844396,0.0,,
pointwise,korenmarkt,16,total,total_transfer_m_inv2,,1,nonshadowed,0.001076618035678444,0.001076618035678444,0.0,,
pointwise,korenmarkt,16,total,total_transfer_m_inv2,,2,nonshadowed,0.001120574983191499,0.001120574983191499,0.0,,
pointwise,korenmarkt,16,total,total_transfer_m_inv2,,3,nonshadowed,0.0012115604901478181,0.0012115604901478181,0.0,,
pointwise,korenmarkt,16,total,total_transfer_m_inv2,,4,nonshadowed,0.0012467120179151436,0.0012467120179151436,0.0,,
pointwise,korenmarkt,16,total,total_transfer_m_inv2,,5,nonshadowed,0.0013022188519207986,0.0013022188519207986,0.0,,
pointwise,korenmarkt,16,total,total_transfer_m_inv2,,6,nonshadowed,0.001326081534535518,0.001326081534535518,0.0,,
pointwise,korenmarkt,16,total,total_transfer_m_inv2,,7,nonshadowed,0.001385293347263188,0.001385293347263188,0.0,,
pointwise,korenmarkt,16,total,total_transfer_m_inv2,,8,nonshadowed,0.0014646644344962585,0.0014646644344962585,0.0,,
pointwise,korenmarkt,16,total,total_transfer_m_inv2,,9,nonshadowed,0.0014716636640317447,0.0014716636640317447,0.0,,
pointwise,korenmarkt,16,total,wbsar_m2_per_kg,,0,nonshadowed,0.05526184239623064,0.05526184239623064,0.0,,
pointwise,korenmarkt,16,total,wbsar_m2_per_kg,,1,nonshadowed,0.05811839954727527,0.05811839954727527,0.0,,
pointwise,korenmarkt,16,total,wbsar_m2_per_kg,,2,nonshadowed,0.059178017566153394,0.059178017566153394,0.0,,
pointwise,korenmarkt,16,total,wbsar_m2_per_kg,,3,nonshadowed,0.06256895408717962,0.06256895408717962,0.0,,
pointwise,korenmarkt,16,total,wbsar_m2_per_kg,,4,nonshadowed,0.062013393250124144,0.062013393250124144,0.0,,
pointwise,korenmarkt,16,total,wbsar_m2_per_kg,,5,nonshadowed,0.062076977459709415,0.062076977459709415,0.0,,
pointwise,korenmarkt,16,total,wbsar_m2_per_kg,,6,nonshadowed,0.06159763773150887,0.06159763773150887,0.0,,
pointwise,korenmarkt,16,total,wbsar_m2_per_kg,,7,nonshadowed,0.06505075127901826,0.06505075127901826,0.0,,
pointwise,korenmarkt,16,total,wbsar_m2_per_kg,,8,nonshadowed,0.06863950586957838,0.06863950586957838,0.0,,
pointwise,korenmarkt,16,total,wbsar_m2_per_kg,,9,nonshadowed,0.0689618554941825,0.0689618554941825,0.0,,
route_quantile,korenmarkt,24,direct,total_transfer_m_inv2,q10,,,0.000834735072447327,,-9.643274665532871e-16,0.000834735072447327,0.000834735072447327
route_quantile,korenmarkt,24,direct,total_transfer_m_inv2,q50,,,0.0010059615350724652,,0.0,0.0010059615350724652,0.0010059615350724652
route_quantile,korenmarkt,24,direct,total_transfer_m_inv2,q90,,,0.0010778252949060426,,1.928654933106574e-15,0.0010778252949060426,0.0010778252949060426
route_quantile,korenmarkt,24,direct,wbsar_m2_per_kg,q10,,,0.04502505117330418,,0.0,0.04502505117330418,0.04502505117330418
route_quantile,korenmarkt,24,direct,wbsar_m2_per_kg,q50,,,0.04747617670514369,,9.64327466553287e-16,0.04747617670514369,0.04747617670514369
route_quantile,korenmarkt,24,direct,wbsar_m2_per_kg,q90,,,0.05027584881915907,,0.0,0.05027584881915907,0.05027584881915907
route_quantile,korenmarkt,24,all_specular,total_transfer_m_inv2,q10,,,0.0002262763733996229,,0.0,0.0002262763733996229,0.0002262763733996229
route_quantile,korenmarkt,24,all_specular,total_transfer_m_inv2,q50,,,0.00027996817796781346,,0.0,0.00027996817796781346,0.00027996817796781346
route_quantile,korenmarkt,24,all_specular,total_transfer_m_inv2,q90,,,0.0003568551933791438,,0.0,0.0003568551933791438,0.0003568551933791438
route_quantile,korenmarkt,24,all_specular,wbsar_m2_per_kg,q10,,,0.011984912612678863,,-1.446491199829931e-15,0.011984912612678863,0.011984912612678863
route_quantile,korenmarkt,24,all_specular,wbsar_m2_per_kg,q50,,,0.013538655357191742,,-9.643274665532871e-16,0.013538655357191742,0.013538655357191742
route_quantile,korenmarkt,24,all_specular,wbsar_m2_per_kg,q90,,,0.01695004719439666,,9.64327466553287e-16,0.01695004719439666,0.01695004719439666
route_quantile,korenmarkt,24,first_diffuse,total_transfer_m_inv2,q10,,,5.376743203226894e-06,,0.014758946601890546,5.330831405974658e-06,5.400935746799137e-06
route_quantile,korenmarkt,24,first_diffuse,total_transfer_m_inv2,q50,,,1.2223989057261104e-05,,0.006792304578746048,1.2165118293273576e-05,1.2281352613357605e-05
route_quantile,korenmarkt,24,first_diffuse,total_transfer_m_inv2,q90,,,2.256638479219567e-05,,0.004427030007703654,2.2463020973697014e-05,2.2646796619321452e-05
route_quantile,korenmarkt,24,first_diffuse,wbsar_m2_per_kg,q10,,,0.0002888727554377133,,0.022976270253412673,0.0002862537321791948,0.00029139508487422593
route_quantile,korenmarkt,24,first_diffuse,wbsar_m2_per_kg,q50,,,0.0006723747736556117,,0.007180444936466079,0.0006689497252424252,0.0006756599094773194
route_quantile,korenmarkt,24,first_diffuse,wbsar_m2_per_kg,q90,,,0.0012614492507690772,,0.0034834598510127155,0.0012553338145861112,0.0012671403388295015
route_quantile,korenmarkt,24,total,total_transfer_m_inv2,q10,,,0.0010717737212738595,,6.511341457132837e-05,0.001071728795230847,0.0010718190674197667
route_quantile,korenmarkt,24,total,total_transfer_m_inv2,q50,,,0.0012744845381223633,,6.5096736633166e-05,0.0012744256673583756,0.0012745419016784597
route_quantile,korenmarkt,24,total,total_transfer_m_inv2,q90,,,0.001465387349029472,,6.814030787265916e-05,0.0014652839852109733,0.0014654889881672427
route_quantile,korenmarkt,24,total,wbsar_m2_per_kg,q10,,,0.05783362608327821,,6.62520640847758e-05,0.05783095335521248,0.05783632812807288
route_quantile,korenmarkt,24,total,wbsar_m2_per_kg,q50,,,0.062046296113001984,,7.774846451066678e-05,0.062042871064588806,0.0620495812488237
route_quantile,korenmarkt,24,total,wbsar_m2_per_kg,q90,,,0.06867275223010724,,6.396246261486228e-05,0.06866663679392426,0.06867873170234687
pointwise,korenmarkt,24,total,total_transfer_m_inv2,,0,nonshadowed,0.0010280419780989553,0.0010280142026844396,0.0001173383234392818,,
pointwise,korenmarkt,24,total,total_transfer_m_inv2,,1,nonshadowed,0.001076632803848849,0.001076618035678444,5.957257554074208e-05,,
pointwise,korenmarkt,24,total,total_transfer_m_inv2,,2,nonshadowed,0.0011205834786053926,0.001120574983191499,3.2925037996257075e-05,,
pointwise,korenmarkt,24,total,total_transfer_m_inv2,,3,nonshadowed,0.001211583917117039,0.0012115604901478181,8.397521361233497e-05,,
pointwise,korenmarkt,24,total,total_transfer_m_inv2,,4,nonshadowed,0.0012467249898333776,0.0012467120179151436,4.518768664566659e-05,,
pointwise,korenmarkt,24,total,total_transfer_m_inv2,,5,nonshadowed,0.0013022440864113487,0.0013022188519207986,8.41570815895913e-05,,
pointwise,korenmarkt,24,total,total_transfer_m_inv2,,6,nonshadowed,0.0013261217853242572,0.001326081534535518,0.00013182017616912486,,
pointwise,korenmarkt,24,total,total_transfer_m_inv2,,7,nonshadowed,0.0013852870500402365,0.001385293347263188,-1.9742066909888957e-05,,
pointwise,korenmarkt,24,total,total_transfer_m_inv2,,8,nonshadowed,0.0014646854101555411,0.0014646644344962585,6.219546018077497e-05,,
pointwise,korenmarkt,24,total,total_transfer_m_inv2,,9,nonshadowed,0.0014717047988948503,0.0014716636640317447,0.00012138911105997122,,
pointwise,korenmarkt,24,total,wbsar_m2_per_kg,,0,nonshadowed,0.055263476061119136,0.05526184239623064,0.0001283853611658768,,
pointwise,korenmarkt,24,total,wbsar_m2_per_kg,,1,nonshadowed,0.05811919830796255,0.05811839954727527,5.9687633820876974e-05,,
pointwise,korenmarkt,24,total,wbsar_m2_per_kg,,2,nonshadowed,0.059178556987144366,0.059178017566153394,3.958674212855523e-05,,
pointwise,korenmarkt,24,total,wbsar_m2_per_kg,,3,nonshadowed,0.06257027623308693,0.06256895408717962,9.17698902839031e-05,,
pointwise,korenmarkt,24,total,wbsar_m2_per_kg,,4,nonshadowed,0.06201421470672963,0.062013393250124144,5.752817082720268e-05,,
pointwise,korenmarkt,24,total,wbsar_m2_per_kg,,5,nonshadowed,0.06207837751927434,0.062076977459709415,9.794795295224813e-05,,
pointwise,korenmarkt,24,total,wbsar_m2_per_kg,,6,nonshadowed,0.06159991542801907,0.06159763773150887,0.0001605861481126912,,
pointwise,korenmarkt,24,total,wbsar_m2_per_kg,,7,nonshadowed,0.0650504603076931,0.06505075127901826,-1.9425989868469955e-05,,
pointwise,korenmarkt,24,total,wbsar_m2_per_kg,,8,nonshadowed,0.06864034230430101,0.06863950586957838,5.292240475839929e-05,,
pointwise,korenmarkt,24,total,wbsar_m2_per_kg,,9,nonshadowed,0.0689644415623633,0.0689618554941825,0.00016285728897891282,,
route_quantile,korenmarkt,32,direct,total_transfer_m_inv2,q10,,,0.0008347350724473269,,-1.9286549331065747e-15,0.0008347350724473269,0.0008347350724473269
route_quantile,korenmarkt,32,direct,total_transfer_m_inv2,q50,,,0.0010059615350724652,,0.0,0.0010059615350724652,0.0010059615350724652
route_quantile,korenmarkt,32,direct,total_transfer_m_inv2,q90,,,0.0010778252949060426,,1.928654933106574e-15,0.0010778252949060426,0.0010778252949060426
route_quantile,korenmarkt,32,direct,wbsar_m2_per_kg,q10,,,0.04502505117330415,,-2.8929823996598624e-15,0.04502505117330415,0.04502505117330415
route_quantile,korenmarkt,32,direct,wbsar_m2_per_kg,q50,,,0.04747617670514369,,9.64327466553287e-16,0.04747617670514369,0.04747617670514369
route_quantile,korenmarkt,32,direct,wbsar_m2_per_kg,q90,,,0.05027584881915907,,0.0,0.05027584881915907,0.05027584881915907
route_quantile,korenmarkt,32,all_specular,total_transfer_m_inv2,q10,,,0.00022627637339962288,,-4.821637332766436e-16,0.00022627637339962288,0.00022627637339962288
route_quantile,korenmarkt,32,all_specular,total_transfer_m_inv2,q50,,,0.00027996817796781346,,0.0,0.00027996817796781346,0.00027996817796781346
route_quantile,korenmarkt,32,all_specular,total_transfer_m_inv2,q90,,,0.0003568551933791438,,0.0,0.0003568551933791438,0.0003568551933791438
route_quantile,korenmarkt,32,all_specular,wbsar_m2_per_kg,q10,,,0.011984912612678858,,-3.3751461329365063e-15,0.011984912612678858,0.011984912612678858
route_quantile,korenmarkt,32,all_specular,wbsar_m2_per_kg,q50,,,0.013538655357191738,,-2.410818666383218e-15,0.013538655357191738,0.013538655357191738
route_quantile,korenmarkt,32,all_specular,wbsar_m2_per_kg,q90,,,0.016950047194396665,,1.928654933106574e-15,0.016950047194396665,0.016950047194396665
route_quantile,korenmarkt,32,first_diffuse,total_transfer_m_inv2,q10,,,5.364901933985264e-06,,0.005183877033290223,5.326616760877715e-06,5.384534689366499e-06
route_quantile,korenmarkt,32,first_diffuse,total_transfer_m_inv2,q50,,,1.2236005856377218e-05,,0.01105954174258555,1.21707511666905e-05,1.2299356022037847e-05
route_quantile,korenmarkt,32,first_diffuse,total_transfer_m_inv2,q90,,,2.2567634169212965e-05,,0.00466746839854574,2.247893072686331e-05,2.2638690431643294e-05
route_quantile,korenmarkt,32,first_diffuse,wbsar_m2_per_kg,q10,,,0.00028805644087534065,,0.01068633419926645,0.0002858445221856652,0.0002901918698792579
route_quantile,korenmarkt,32,first_diffuse,wbsar_m2_per_kg,q50,,,0.0006731215144338907,,0.012001051809731949,0.0006693568446021945,0.000676791856904692
route_quantile,korenmarkt,32,first_diffuse,wbsar_m2_per_kg,q90,,,0.0012613424716934442,,0.0031158229752071163,0.0012561681799521545,0.0012660320579950186
route_quantile,korenmarkt,32,total,total_transfer_m_inv2,q10,,,0.001071761120362986,,1.405283973858376e-05,0.0010717259308515533,0.0010717958435625952
route_quantile,korenmarkt,32,total,total_transfer_m_inv2,q50,,,0.0012744965549214794,,0.00010604509486592656,0.0012744313002317927,0.00127455990508714
route_quantile,korenmarkt,32,total,total_transfer_m_inv2,q90,,,0.0014653885984064893,,7.184306478170743e-05,0.0014652998949641399,0.001465469401523309
route_quantile,korenmarkt,32,total,wbsar_m2_per_kg,q10,,,0.05783284531059611,,7.620506750587467e-06,0.05783073868183892,0.05783495378092092
route_quantile,korenmarkt,32,total,wbsar_m2_per_kg,q50,,,0.062047042853780265,,0.00013001644313397276,0.06204327818394857,0.06205071319625107
route_quantile,korenmarkt,32,total,wbsar_m2_per_kg,q90,,,0.06867264545103162,,5.720962428019335e-05,0.06866747115929031,0.06867736345035877
pointwise,korenmarkt,32,total,total_transfer_m_inv2,,0,nonshadowed,0.00102802687420449,0.0010280142026844396,5.353172460619544e-05,,
pointwise,korenmarkt,32,total,total_transfer_m_inv2,,1,nonshadowed,0.0010766204810472631,0.001076618035678444,9.864306031034479e-06,,
pointwise,korenmarkt,32,total,total_transfer_m_inv2,,2,nonshadowed,0.0011205759711272476,0.001120574983191499,3.828881256942767e-06,,
pointwise,korenmarkt,32,total,total_transfer_m_inv2,,3,nonshadowed,0.0012115761975091657,0.0012115604901478181,5.630404915557899e-05,,
pointwise,korenmarkt,32,total,total_transfer_m_inv2,,4,nonshadowed,0.001246740483229794,0.0012467120179151436,9.915832824685918e-05,,
pointwise,korenmarkt,32,total,total_transfer_m_inv2,,5,nonshadowed,0.0013022526266131646,0.0013022188519207986,0.00011263830411810272,,
pointwise,korenmarkt,32,total,total_transfer_m_inv2,,6,nonshadowed,0.0013260763166057542,0.001326081534535518,-1.7088862960446116e-05,,
pointwise,korenmarkt,32,total,total_transfer_m_inv2,,7,nonshadowed,0.0013853156353380348,0.001385293347263188,6.987335982297991e-05,,
pointwise,korenmarkt,32,total,total_transfer_m_inv2,,8,nonshadowed,0.001464687656939959,0.0014646644344962585,6.885740491981729e-05,,
pointwise,korenmarkt,32,total,total_transfer_m_inv2,,9,nonshadowed,0.0014716970716052628,0.0014716636640317447,9.858611387721599e-05,,
pointwise,korenmarkt,32,total,wbsar_m2_per_kg,,0,nonshadowed,0.05526261904355245,0.05526184239623064,6.10351123835544e-05,,
pointwise,korenmarkt,32,total,wbsar_m2_per_kg,,1,nonshadowed,0.058118426006934294,0.05811839954727527,1.9772191560000495e-06,,
pointwise,korenmarkt,32,total,wbsar_m2_per_kg,,2,nonshadowed,0.05917810699962075,0.059178017566153394,6.5633209118494365e-06,,
pointwise,korenmarkt,32,total,wbsar_m2_per_kg,,3,nonshadowed,0.06256975560446812,0.06256895408717962,5.563339056458289e-05,,
pointwise,korenmarkt,32,total,wbsar_m2_per_kg,,4,nonshadowed,0.06201509734238058,0.062013393250124144,0.00011933997747397659,,
pointwise,korenmarkt,32,total,wbsar_m2_per_kg,,5,nonshadowed,0.06207898836517996,0.062076977459709415,0.000140681946897985,,
pointwise,korenmarkt,32,total,wbsar_m2_per_kg,,6,nonshadowed,0.06159724024661393,0.06159763773150887,-2.8024784690192514e-05,,
pointwise,korenmarkt,32,total,wbsar_m2_per_kg,,7,nonshadowed,0.06505213841837698,0.06505075127901826,9.260777689855267e-05,,
pointwise,korenmarkt,32,total,wbsar_m2_per_kg,,8,nonshadowed,0.06864026005989433,0.06863950586957838,4.7718713723942976e-05,,
pointwise,korenmarkt,32,total,wbsar_m2_per_kg,,9,nonshadowed,0.06896411397126713,0.0689618554941825,0.0001422276224336506,,
route_quantile,korenmarkt,48,direct,total_transfer_m_inv2,q10,,,0.0008347350724473275,,1.928654933106574e-15,0.0008347350724473275,0.0008347350724473275
route_quantile,korenmarkt,48,direct,total_transfer_m_inv2,q50,,,0.0010059615350724652,,0.0,0.0010059615350724652,0.0010059615350724652
route_quantile,korenmarkt,48,direct,total_transfer_m_inv2,q90,,,0.0010778252949060418,,-1.9286549331065747e-15,0.0010778252949060418,0.0010778252949060418
route_quantile,korenmarkt,48,direct,wbsar_m2_per_kg,q10,,,0.04502505117330414,,-3.85730986621315e-15,0.04502505117330414,0.04502505117330414
route_quantile,korenmarkt,48,direct,wbsar_m2_per_kg,q50,,,0.04747617670514366,,-1.446491199829931e-15,0.04747617670514366,0.04747617670514366
route_quantile,korenmarkt,48,direct,wbsar_m2_per_kg,q90,,,0.05027584881915904,,-2.8929823996598624e-15,0.05027584881915904,0.05027584881915904
route_quantile,korenmarkt,48,all_specular,total_transfer_m_inv2,q10,,,0.0002262763733996229,,0.0,0.0002262763733996229,0.0002262763733996229
route_quantile,korenmarkt,48,all_specular,total_transfer_m_inv2,q50,,,0.00027996817796781346,,0.0,0.00027996817796781346,0.00027996817796781346
route_quantile,korenmarkt,48,all_specular,total_transfer_m_inv2,q90,,,0.0003568551933791438,,0.0,0.0003568551933791438,0.0003568551933791438
route_quantile,korenmarkt,48,all_specular,wbsar_m2_per_kg,q10,,,0.01198491261267886,,-2.410818666383218e-15,0.01198491261267886,0.01198491261267886
route_quantile,korenmarkt,48,all_specular,wbsar_m2_per_kg,q50,,,0.013538655357191736,,-2.8929823996598624e-15,0.013538655357191736,0.013538655357191736
route_quantile,korenmarkt,48,all_specular,wbsar_m2_per_kg,q90,,,0.016950047194396668,,2.8929823996598604e-15,0.016950047194396668,0.016950047194396668
route_quantile,korenmarkt,48,first_diffuse,total_transfer_m_inv2,q10,,,5.372966102791936e-06,,0.011707005572965059,5.347268131286518e-06,5.396913606671543e-06
route_quantile,korenmarkt,48,first_diffuse,total_transfer_m_inv2,q50,,,1.2258856312956456e-05,,0.01916232673597736,1.2212297903712867e-05,1.2304593959898287e-05
route_quantile,korenmarkt,48,first_diffuse,total_transfer_m_inv2,q90,,,2.2505031189512103e-05,,-0.007396671097819543,2.2418928677349483e-05,2.258203298908143e-05
route_quantile,korenmarkt,48,first_diffuse,wbsar_m2_per_kg,q10,,,0.000290047645460787,,0.04060387341226489,0.00028814131722433063,0.0002919928095049099
route_quantile,korenmarkt,48,first_diffuse,wbsar_m2_per_kg,q50,,,0.0006744853616626736,,0.020791620310833103,0.0006717843580381672,0.0006771378340640642
route_quantile,korenmarkt,48,first_diffuse,wbsar_m2_per_kg,q90,,,0.0012575590447003763,,-0.009930520367194775,0.0012526472778432065,0.0012621649480038634
route_quantile,korenmarkt,48,total,total_transfer_m_inv2,q10,,,0.001071773303128562,,6.341904357553004e-05,0.0010717477325982675,0.0010718008993010932
route_quantile,korenmarkt,48,total,total_transfer_m_inv2,q50,,,0.0012745194053780588,,0.0001839090812525933,0.0012744728469688152,0.0012745651430250006
route_quantile,korenmarkt,48,total,total_transfer_m_inv2,q90,,,0.0014653259954267887,,-0.00011369618012494612,0.001465239892914626,0.0014654046523802941
route_quantile,korenmarkt,48,total,wbsar_m2_per_kg,q10,,,0.05783354338530846,,6.0041957606140986e-05,0.05783202670713025,0.05783517557807251
route_quantile,korenmarkt,48,total,wbsar_m2_per_kg,q50,,,0.06204840670100906,,0.0002254770466891873,0.06204570569738453,0.06205105917341045
route_quantile,korenmarkt,48,total,wbsar_m2_per_kg,q90,,,0.06866886202403855,,-0.00018206566785786092,0.06866395025718137,0.06867346792734205
pointwise,korenmarkt,48,total,total_transfer_m_inv2,,0,nonshadowed,0.0010280650580973972,0.0010280142026844396,0.00021483826667754565,,
pointwise,korenmarkt,48,total,total_transfer_m_inv2,,1,nonshadowed,0.0010766297747986913,0.001076618035678444,4.73539099497623e-05,,
pointwise,korenmarkt,48,total,total_transfer_m_inv2,,2,nonshadowed,0.0011205729690524587,0.001120574983191499,-7.80608411055463e-06,,
pointwise,korenmarkt,48,total,total_transfer_m_inv2,,3,nonshadowed,0.001211578131478631,0.0012115604901478181,6.323643688541473e-05,,
pointwise,korenmarkt,48,total,total_transfer_m_inv2,,4,nonshadowed,0.0012467343442718653,0.0012467120179151436,7.777358817514886e-05,,
pointwise,korenmarkt,48,total,total_transfer_m_inv2,,5,nonshadowed,0.001302304466484252,0.0013022188519207986,0.00028551813860970646,,
pointwise,korenmarkt,48,total,total_transfer_m_inv2,,6,nonshadowed,0.0013260540508954817,0.001326081534535518,-9.001042990711413e-05,,
pointwise,korenmarkt,48,total,total_transfer_m_inv2,,7,nonshadowed,0.0013853445442458057,0.001385293347263188,0.00016050142901482466,,
pointwise,korenmarkt,48,total,total_transfer_m_inv2,,8,nonshadowed,0.0014646204283710054,0.0014646644344962585,-0.00013048657446121698,,
pointwise,korenmarkt,48,total,total_transfer_m_inv2,,9,nonshadowed,0.0014716760989288379,0.0014716636640317447,3.669577843926546e-05,,
pointwise,korenmarkt,48,total,wbsar_m2_per_kg,,0,nonshadowed,0.055264854883260335,0.05526184239623064,0.00023674035800076582,,
pointwise,korenmarkt,48,total,wbsar_m2_per_kg,,1,nonshadowed,0.05811895321886936,0.05811839954727527,4.1373364479366005e-05,,
pointwise,korenmarkt,48,total,wbsar_m2_per_kg,,2,nonshadowed,0.05917789648810423,0.059178017566153394,-8.885661363145986e-06,,
pointwise,korenmarkt,48,total,wbsar_m2_per_kg,,3,nonshadowed,0.06256982760112788,0.06256895408717962,6.063065062330088e-05,,
pointwise,korenmarkt,48,total,wbsar_m2_per_kg,,4,nonshadowed,0.06201480955230961,0.062013393250124144,9.91858641798072e-05,,
pointwise,korenmarkt,48,total,wbsar_m2_per_kg,,5,nonshadowed,0.0620820038497085,0.062076977459709415,0.00035163520490705437,,
pointwise,korenmarkt,48,total,wbsar_m2_per_kg,,6,nonshadowed,0.061596127263125244,0.06159763773150887,-0.00010649696178392781,,
pointwise,korenmarkt,48,total,wbsar_m2_per_kg,,7,nonshadowed,0.06505389867267428,0.06505075127901826,0.0002101224972301894,,
pointwise,korenmarkt,48,total,wbsar_m2_per_kg,,8,nonshadowed,0.06863617573161217,0.06863950586957838,-0.00021070892180145715,,
pointwise,korenmarkt,48,total,wbsar_m2_per_kg,,9,nonshadowed,0.06896303865587602,0.0689618554941825,7.451020323366425e-05,,
route_quantile,korenmarkt,64,direct,total_transfer_m_inv2,q10,,,0.000834735072447328,,4.821637332766433e-15,0.000834735072447328,0.000834735072447328
route_quantile,korenmarkt,64,direct,total_transfer_m_inv2,q50,,,0.0010059615350724652,,0.0,0.0010059615350724652,0.0010059615350724652
route_quantile,korenmarkt,64,direct,total_transfer_m_inv2,q90,,,0.001077825294906042,,-9.643274665532871e-16,0.001077825294906042,0.001077825294906042
route_quantile,korenmarkt,64,direct,wbsar_m2_per_kg,q10,,,0.045025051173304124,,-5.303801066043082e-15,0.045025051173304124,0.045025051173304124
route_quantile,korenmarkt,64,direct,wbsar_m2_per_kg,q50,,,0.04747617670514362,,-5.303801066043082e-15,0.04747617670514362,0.04747617670514362
route_quantile,korenmarkt,64,direct,wbsar_m2_per_kg,q90,,,0.050275848819159,,-5.785964799319727e-15,0.050275848819159,0.050275848819159
route_quantile,korenmarkt,64,all_specular,total_transfer_m_inv2,q10,,,0.0002262763733996229,,0.0,0.0002262763733996229,0.0002262763733996229
route_quantile,korenmarkt,64,all_specular,total_transfer_m_inv2,q50,,,0.00027996817796781335,,-1.446491199829931e-15,0.00027996817796781335,0.00027996817796781335
route_quantile,korenmarkt,64,all_specular,total_transfer_m_inv2,q90,,,0.00035685519337914375,,-4.821637332766436e-16,0.00035685519337914375,0.00035685519337914375
route_quantile,korenmarkt,64,all_specular,wbsar_m2_per_kg,q10,,,0.011984912612678866,,0.0,0.011984912612678866,0.011984912612678866
route_quantile,korenmarkt,64,all_specular,wbsar_m2_per_kg,q50,,,0.013538655357191735,,-3.3751461329365063e-15,0.013538655357191735,0.013538655357191735
route_quantile,korenmarkt,64,all_specular,wbsar_m2_per_kg,q90,,,0.01695004719439667,,3.857309866213147e-15,0.01695004719439667,0.01695004719439667
route_quantile,korenmarkt,64,first_diffuse,total_transfer_m_inv2,q10,,,5.388742856500301e-06,,0.024440600232264735,5.363649510802295e-06,5.40729273182889e-06
route_quantile,korenmarkt,64,first_diffuse,total_transfer_m_inv2,q50,,,1.2238478282132236e-05,,0.011936995060821859,1.2200446236131314e-05,1.2277818013150096e-05
route_quantile,korenmarkt,64,first_diffuse,total_transfer_m_inv2,q90,,,2.248638532688936e-05,,-0.01099637803660389,2.2422497470352848e-05,2.255572607751323e-05
route_quantile,korenmarkt,64,first_diffuse,wbsar_m2_per_kg,q10,,,0.0002901852240662459,,0.04266337860186832,0.00028846944280076596,0.0002918269934433991
route_quantile,korenmarkt,64,first_diffuse,wbsar_m2_per_kg,q50,,,0.0006734117017262113,,0.01387292158927921,0.0006712474073907085,0.0006756700163832654
route_quantile,korenmarkt,64,first_diffuse,wbsar_m2_per_kg,q90,,,0.001256549900949691,,-0.013416969008692764,0.0012527758257775351,0.0012606445800491437
route_quantile,korenmarkt,64,total,total_transfer_m_inv2,q10,,,0.001071788791881241,,0.00012618074136696943,0.0010717634996177583,0.0010718131646532294
route_quantile,korenmarkt,64,total,total_transfer_m_inv2,q50,,,0.0012744990273472348,,0.00011447006719581297,0.0012744609953012334,0.0012745383670782525
route_quantile,korenmarkt,64,total,total_transfer_m_inv2,q90,,,0.0014653073495641661,,-0.00016895928740650552,0.001465243461707629,0.001465377981499019
route_quantile,korenmarkt,64,total,wbsar_m2_per_kg,q10,,,0.05783450605880442,,0.00013233223814360483,0.057832999587012934,0.05783596029702256
route_quantile,korenmarkt,64,total,wbsar_m2_per_kg,q50,,,0.062047333041072586,,0.00015032787769615576,0.06204516874673709,0.062049591355729655
route_quantile,korenmarkt,64,total,wbsar_m2_per_kg,q90,,,0.06866785288028787,,-0.00024588917822491313,0.06866407880511569,0.06867194755938733
pointwise,korenmarkt,64,total,total_transfer_m_inv2,,0,nonshadowed,0.001028066363942809,0.0010280142026844396,0.0002203546597493536,,
pointwise,korenmarkt,64,total,total_transfer_m_inv2,,1,nonshadowed,0.0010766468394299558,0.001076618035678444,0.00011618923881611055,,
pointwise,korenmarkt,64,total,total_transfer_m_inv2,,2,nonshadowed,0.0011205771549081618,0.001120574983191499,8.416783018450518e-06,,
pointwise,korenmarkt,64,total,total_transfer_m_inv2,,3,nonshadowed,0.0012115727351030199,0.0012115604901478181,4.38928938771361e-05,,
pointwise,korenmarkt,64,total,total_transfer_m_inv2,,4,nonshadowed,0.0012467270355813053,0.0012467120179151436,5.231400812475518e-05,,
pointwise,korenmarkt,64,total,total_transfer_m_inv2,,5,nonshadowed,0.0013022710191131642,0.0013022188519207986,0.000173975902427224,,
pointwise,korenmarkt,64,total,total_transfer_m_inv2,,6,nonshadowed,0.0013260466696672444,0.001326081534535518,-0.00011418467538931859,,
pointwise,korenmarkt,64,total,total_transfer_m_inv2,,7,nonshadowed,0.00138532699103204,0.001385293347263188,0.00010547315315322322,,
pointwise,korenmarkt,64,total,total_transfer_m_inv2,,8,nonshadowed,0.001464598613263247,0.0014646644344962585,-0.00019517399310142806,,
pointwise,korenmarkt,64,total,total_transfer_m_inv2,,9,nonshadowed,0.00147168597627244,0.0014716636640317447,6.58439138884829e-05,,
pointwise,korenmarkt,64,total,wbsar_m2_per_kg,,0,nonshadowed,0.05526498273414216,0.05526184239623064,0.0002467874065950318,,
pointwise,korenmarkt,64,total,wbsar_m2_per_kg,,1,nonshadowed,0.05812000865043356,0.05811839954727527,0.0001202398816947356,,
pointwise,korenmarkt,64,total,wbsar_m2_per_kg,,2,nonshadowed,0.05917812161622252,0.059178017566153394,7.635999480197018e-06,,
pointwise,korenmarkt,64,total,wbsar_m2_per_kg,,3,nonshadowed,0.06256945182544012,0.06256895408717962,3.454814345626291e-05,,
pointwise,korenmarkt,64,total,wbsar_m2_per_kg,,4,nonshadowed,0.06201442227383945,0.062013393250124144,7.206437030721365e-05,,
pointwise,korenmarkt,64,total,wbsar_m2_per_kg,,5,nonshadowed,0.06208024380830573,0.062076977459709415,0.00022850981315343576,,
pointwise,korenmarkt,64,total,wbsar_m2_per_kg,,6,nonshadowed,0.0615956874796002,0.06159763773150887,-0.00013750479433432468,,
pointwise,korenmarkt,64,total,wbsar_m2_per_kg,,7,nonshadowed,0.0650529185581332,0.06505075127901826,0.0001446903629435132,,
pointwise,korenmarkt,64,total,wbsar_m2_per_kg,,8,nonshadowed,0.0686349948364259,0.06863950586957838,-0.00028543054921821944,,
pointwise,korenmarkt,64,total,wbsar_m2_per_kg,,9,nonshadowed,0.06896357527504562,0.0689618554941825,0.0001083036441948904,,
route_quantile,prague_staromestske,16,direct,total_transfer_m_inv2,q10,,,0.00017555816052537977,,0.0,0.00017555816052537977,0.00017555816052537977
route_quantile,prague_staromestske,16,direct,total_transfer_m_inv2,q50,,,0.0001913256708664884,,0.0,0.0001913256708664884,0.0001913256708664884
route_quantile,prague_staromestske,16,direct,total_transfer_m_inv2,q90,,,0.00020968622135042207,,0.0,0.00020968622135042207,0.00020968622135042207
route_quantile,prague_staromestske,16,direct,wbsar_m2_per_kg,q10,,,0.009561337422702227,,0.0,0.009561337422702227,0.009561337422702227
route_quantile,prague_staromestske,16,direct,wbsar_m2_per_kg,q50,,,0.010310799105963508,,0.0,0.010310799105963508,0.010310799105963508
route_quantile,prague_staromestske,16,direct,wbsar_m2_per_kg,q90,,,0.011252517592095834,,0.0,0.011252517592095834,0.011252517592095834
route_quantile,prague_staromestske,16,all_specular,total_transfer_m_inv2,q10,,,4.216218202794107e-05,,0.0,4.216218202794107e-05,4.216218202794107e-05
route_quantile,prague_staromestske,16,all_specular,total_transfer_m_inv2,q50,,,5.115959299468607e-05,,0.0,5.115959299468607e-05,5.115959299468607e-05
route_quantile,prague_staromestske,16,all_specular,total_transfer_m_inv2,q90,,,5.8844801852977444e-05,,0.0,5.8844801852977444e-05,5.8844801852977444e-05
route_quantile,prague_staromestske,16,all_specular,wbsar_m2_per_kg,q10,,,0.0023913592336818937,,0.0,0.0023913592336818937,0.0023913592336818937
route_quantile,prague_staromestske,16,all_specular,wbsar_m2_per_kg,q50,,,0.0028170223856442233,,0.0,0.0028170223856442233,0.0028170223856442233
route_quantile,prague_staromestske,16,all_specular,wbsar_m2_per_kg,q90,,,0.00335347258192961,,0.0,0.00335347258192961,0.00335347258192961
route_quantile,prague_staromestske,16,first_diffuse,total_transfer_m_inv2,q10,,,5.149270650279418e-07,,0.0,4.905538976125482e-07,5.563187084411799e-07
route_quantile,prague_staromestske,16,first_diffuse,total_transfer_m_inv2,q50,,,8.38551523680429e-07,,0.0,8.24689538246987e-07,8.54515812756121e-07
route_quantile,prague_staromestske,16,first_diffuse,total_transfer_m_inv2,q90,,,1.3320676023260532e-06,,0.0,1.3150156685385742e-06,1.3500702054732723e-06
route_quantile,prague_staromestske,16,first_diffuse,wbsar_m2_per_kg,q10,,,2.6845314542038298e-05,,0.0,2.5205057565884473e-05,2.8369576540802867e-05
route_quantile,prague_staromestske,16,first_diffuse,wbsar_m2_per_kg,q50,,,4.2653241898671165e-05,,0.0,4.211631536691378e-05,4.314475309902537e-05
route_quantile,prague_staromestske,16,first_diffuse,wbsar_m2_per_kg,q90,,,6.714825646694224e-05,,0.0,6.621285037342621e-05,6.812970419654851e-05
route_quantile,prague_staromestske,16,total,total_transfer_m_inv2,q10,,,0.00022744211932940097,,0.0,0.00022743477231948906,0.0002274492969013289
route_quantile,prague_staromestske,16,total,total_transfer_m_inv2,q50,,,0.00024365812181096372,,0.0,0.00024364081362771977,0.00024367592028776863
route_quantile,prague_staromestske,16,total,total_transfer_m_inv2,q90,,,0.00026172233757000687,,0.0,0.0002617055020126648,0.0002617456553386766
route_quantile,prague_staromestske,16,total,wbsar_m2_per_kg,q10,,,0.012157461907945675,,0.0,0.012156939606806822,0.012157992397971495
route_quantile,prague_staromestske,16,total,wbsar_m2_per_kg,q50,,,0.0130731658075402,,0.0,0.013072871834286773,0.013073506243537075
route_quantile,prague_staromestske,16,total,wbsar_m2_per_kg,q90,,,0.014593757806466821,,0.0,0.014593050250394231,0.014594471382262528
pointwise,prague_staromestske,16,total,total_transfer_m_inv2,,0,nonshadowed,0.0002360229884697853,0.0002360229884697853,0.0,,
pointwise,prague_staromestske,16,total,total_transfer_m_inv2,,1,nonshadowed,0.00022741013465017336,0.00022741013465017336,0.0,,
pointwise,prague_staromestske,16,total,total_transfer_m_inv2,,2,nonshadowed,0.0002428475981963857,0.0002428475981963857,0.0,,
pointwise,prague_staromestske,16,total,total_transfer_m_inv2,,3,nonshadowed,0.0002446783085193343,0.0002446783085193343,0.0,,
pointwise,prague_staromestske,16,total,total_transfer_m_inv2,,4,nonshadowed,0.0002422526779723232,0.0002422526779723232,0.0,,
pointwise,prague_staromestske,16,total,total_transfer_m_inv2,,5,nonshadowed,0.00024660046729167327,0.00024660046729167327,0.0,,
pointwise,prague_staromestske,16,total,total_transfer_m_inv2,,6,nonshadowed,0.0002618102746719349,0.0002618102746719349,0.0,,
pointwise,prague_staromestske,16,total,total_transfer_m_inv2,,7,nonshadowed,0.00026093090365265486,0.00026093090365265486,0.0,,
pointwise,prague_staromestske,16,total,total_transfer_m_inv2,,8,nonshadowed,0.0002652954258351342,0.0002652954258351342,0.0,,
pointwise,prague_staromestske,16,total,total_transfer_m_inv2,,9,nonshadowed,0.0002570415946774012,0.0002570415946774012,0.0,,
pointwise,prague_staromestske,16,total,total_transfer_m_inv2,,10,nonshadowed,0.00024178916335122617,0.00024178916335122617,0.0,,
pointwise,prague_staromestske,16,total,total_transfer_m_inv2,,11,nonshadowed,0.00022772998144244945,0.00022772998144244945,0.0,,
pointwise,prague_staromestske,16,total,total_transfer_m_inv2,,12,nonshadowed,0.00025109832980526654,0.00025109832980526654,0.0,,
pointwise,prague_staromestske,16,total,total_transfer_m_inv2,,13,nonshadowed,0.00025037519770835295,0.00025037519770835295,0.0,,
pointwise,prague_staromestske,16,total,total_transfer_m_inv2,,14,nonshadowed,0.00023407081592674732,0.00023407081592674732,0.0,,
pointwise,prague_staromestske,16,total,total_transfer_m_inv2,,15,nonshadowed,0.00021879810182513814,0.00021879810182513814,0.0,,
pointwise,prague_staromestske,16,total,total_transfer_m_inv2,,16,nonshadowed,0.00021147192427197715,0.00021147192427197715,0.0,,
pointwise,prague_staromestske,16,total,total_transfer_m_inv2,,17,nonshadowed,0.00022907623885799142,0.00022907623885799142,0.0,,
pointwise,prague_staromestske,16,total,total_transfer_m_inv2,,18,nonshadowed,0.00023902908532259505,0.00023902908532259505,0.0,,
pointwise,prague_staromestske,16,total,total_transfer_m_inv2,,19,nonshadowed,0.0002776172011066183,0.0002776172011066183,0.0,,
pointwise,prague_staromestske,16,total,total_transfer_m_inv2,,20,nonshadowed,0.000244558114917418,0.000244558114917418,0.0,,
pointwise,prague_staromestske,16,total,total_transfer_m_inv2,,21,nonshadowed,0.00024446864542554175,0.00024446864542554175,0.0,,
pointwise,prague_staromestske,16,total,wbsar_m2_per_kg,,0,nonshadowed,0.0119329219743563,0.0119329219743563,0.0,,
pointwise,prague_staromestske,16,total,wbsar_m2_per_kg,,1,nonshadowed,0.011591508095403035,0.011591508095403035,0.0,,
pointwise,prague_staromestske,16,total,wbsar_m2_per_kg,,2,nonshadowed,0.01237267981077336,0.01237267981077336,0.0,,
pointwise,prague_staromestske,16,total,wbsar_m2_per_kg,,3,nonshadowed,0.012382014770545041,0.012382014770545041,0.0,,
pointwise,prague_staromestske,16,total,wbsar_m2_per_kg,,4,nonshadowed,0.01217897719041918,0.01217897719041918,0.0,,
pointwise,prague_staromestske,16,total,wbsar_m2_per_kg,,5,nonshadowed,0.012391695092886887,0.012391695092886887,0.0,,
pointwise,prague_staromestske,16,total,wbsar_m2_per_kg,,6,nonshadowed,0.01375454777104076,0.01375454777104076,0.0,,
pointwise,prague_staromestske,16,total,wbsar_m2_per_kg,,7,nonshadowed,0.01416141504334103,0.01416141504334103,0.0,,
pointwise,prague_staromestske,16,total,wbsar_m2_per_kg,,8,nonshadowed,0.014780780181659823,0.014780780181659823,0.0,,
pointwise,prague_staromestske,16,total,wbsar_m2_per_kg,,9,nonshadowed,0.01462653701410386,0.01462653701410386,0.0,,
pointwise,prague_staromestske,16,total,wbsar_m2_per_kg,,10,nonshadowed,0.013911015577666634,0.013911015577666634,0.0,,
pointwise,prague_staromestske,16,total,wbsar_m2_per_kg,,11,nonshadowed,0.013071060344268678,0.013071060344268678,0.0,,
pointwise,prague_staromestske,16,total,wbsar_m2_per_kg,,12,nonshadowed,0.014298744937733457,0.014298744937733457,0.0,,
pointwise,prague_staromestske,16,total,wbsar_m2_per_kg,,13,nonshadowed,0.014253153490696986,0.014253153490696986,0.0,,
pointwise,prague_staromestske,16,total,wbsar_m2_per_kg,,14,nonshadowed,0.01341305883304538,0.01341305883304538,0.0,,
pointwise,prague_staromestske,16,total,wbsar_m2_per_kg,,15,nonshadowed,0.012621484943708593,0.012621484943708593,0.0,,
pointwise,prague_staromestske,16,total,wbsar_m2_per_kg,,16,nonshadowed,0.012155071321004175,0.012155071321004175,0.0,,
pointwise,prague_staromestske,16,total,wbsar_m2_per_kg,,17,nonshadowed,0.013075271270811723,0.013075271270811723,0.0,,
pointwise,prague_staromestske,16,total,wbsar_m2_per_kg,,18,nonshadowed,0.013536111182597347,0.013536111182597347,0.0,,
pointwise,prague_staromestske,16,total,wbsar_m2_per_kg,,19,nonshadowed,0.015133251838700554,0.015133251838700554,0.0,,
pointwise,prague_staromestske,16,total,wbsar_m2_per_kg,,20,nonshadowed,0.012754423431321011,0.012754423431321011,0.0,,
pointwise,prague_staromestske,16,total,wbsar_m2_per_kg,,21,nonshadowed,0.012925958601386825,0.012925958601386825,0.0,,
route_quantile,prague_staromestske,24,direct,total_transfer_m_inv2,q10,,,0.00017555816052537977,,0.0,0.00017555816052537977,0.00017555816052537977
route_quantile,prague_staromestske,24,direct,total_transfer_m_inv2,q50,,,0.0001913256708664884,,0.0,0.0001913256708664884,0.0001913256708664884
route_quantile,prague_staromestske,24,direct,total_transfer_m_inv2,q90,,,0.00020968622135042198,,-1.446491199829931e-15,0.00020968622135042198,0.00020968622135042198
route_quantile,prague_staromestske,24,direct,wbsar_m2_per_kg,q10,,,0.00956133742270223,,1.928654933106574e-15,0.00956133742270223,0.00956133742270223
route_quantile,prague_staromestske,24,direct,wbsar_m2_per_kg,q50,,,0.010310799105963504,,-1.446491199829931e-15,0.010310799105963504,0.010310799105963504
route_quantile,prague_staromestske,24,direct,wbsar_m2_per_kg,q90,,,0.011252517592095834,,0.0,0.011252517592095834,0.011252517592095834
route_quantile,prague_staromestske,24,all_specular,total_transfer_m_inv2,q10,,,4.216218202794107e-05,,0.0,4.216218202794107e-05,4.216218202794107e-05
route_quantile,prague_staromestske,24,all_specular,total_transfer_m_inv2,q50,,,5.11595929946861e-05,,1.928654933106574e-15,5.11595929946861e-05,5.11595929946861e-05
route_quantile,prague_staromestske,24,all_specular,total_transfer_m_inv2,q90,,,5.8844801852977444e-05,,0.0,5.8844801852977444e-05,5.8844801852977444e-05
route_quantile,prague_staromestske,24,all_specular,wbsar_m2_per_kg,q10,,,0.0023913592336818946,,1.928654933106574e-15,0.0023913592336818946,0.0023913592336818946
route_quantile,prague_staromestske,24,all_specular,wbsar_m2_per_kg,q50,,,0.0028170223856442233,,0.0,0.0028170223856442233,0.0028170223856442233
route_quantile,prague_staromestske,24,all_specular,wbsar_m2_per_kg,q90,,,0.003353472581929611,,9.64327466553287e-16,0.003353472581929611,0.003353472581929611
route_quantile,prague_staromestske,24,first_diffuse,total_transfer_m_inv2,q10,,,5.09678628328196e-07,,-0.04449296053059597,4.910247003189179e-07,5.381692563112228e-07
route_quantile,prague_staromestske,24,first_diffuse,total_transfer_m_inv2,q50,,,8.41088800221438e-07,,0.013120976238979308,8.311370883718371e-07,8.527078207154293e-07
route_quantile,prague_staromestske,24,first_diffuse,total_transfer_m_inv2,q90,,,1.3371952864118466e-06,,0.016685712389991177,1.3222147524135966e-06,1.3530358102601362e-06
route_quantile,prague_staromestske,24,first_diffuse,wbsar_m2_per_kg,q10,,,2.651862836020814e-05,,-0.05317439859105274,2.5189262387096895e-05,2.8025601901658225e-05
route_quantile,prague_staromestske,24,first_diffuse,wbsar_m2_per_kg,q50,,,4.2789658833840524e-05,,0.013867781176595685,4.2355177315869565e-05,4.321817387436932e-05
route_quantile,prague_staromestske,24,first_diffuse,wbsar_m2_per_kg,q90,,,6.742850913382986e-05,,0.01808816881103392,6.66211284993603e-05,6.82880096062371e-05
route_quantile,prague_staromestske,24,total,total_transfer_m_inv2,q10,,,0.000227447055859177,,9.426065769428394e-05,0.00022743889521088846,0.00022745572732213164
route_quantile,prague_staromestske,24,total,total_transfer_m_inv2,q50,,,0.00024365088975298653,,-0.00012890559369903095,0.00024363697401350647,0.00024366553345042398
route_quantile,prague_staromestske,24,total,total_transfer_m_inv2,q90,,,0.0002617215074112136,,-1.3775436906035311e-05,0.00026170883762461776,0.0002617372771288207
route_quantile,prague_staromestske,24,total,wbsar_m2_per_kg,q10,,,0.012157579758776063,,4.209901510948786e-05,0.012157028970785352,0.01215825844636575
route_quantile,prague_staromestske,24,total,wbsar_m2_per_kg,q50,,,0.013073364903012214,,6.613960821516526e-05,0.013073021427661296,0.01307378129559972
route_quantile,prague_staromestske,24,total,wbsar_m2_per_kg,q90,,,0.014594124250222478,,0.00010904833773807781,0.014593539656838683,0.014594685809024711
pointwise,prague_staromestske,24,total,total_transfer_m_inv2,,0,nonshadowed,0.00023602650602413762,0.0002360229884697853,6.472433347948204e-05,,
pointwise,prague_staromestske,24,total,total_transfer_m_inv2,,1,nonshadowed,0.00022741473133849172,0.00022741013465017336,8.778395910361049e-05,,
pointwise,prague_staromestske,24,total,total_transfer_m_inv2,,2,nonshadowed,0.0002428521926156693,0.0002428475981963857,8.216313781565168e-05,,
pointwise,prague_staromestske,24,total,total_transfer_m_inv2,,3,nonshadowed,0.00024467549832655556,0.0002446783085193343,-4.988011536157405e-05,,
pointwise,prague_staromestske,24,total,total_transfer_m_inv2,,4,nonshadowed,0.00024224963209817856,0.0002422526779723232,-5.460474825859588e-05,,
pointwise,prague_staromestske,24,total,total_transfer_m_inv2,,5,nonshadowed,0.00024659931149241033,0.00024660046729167327,-2.0355128435922837e-05,,
pointwise,prague_staromestske,24,total,total_transfer_m_inv2,,6,nonshadowed,0.0002618094141044821,0.0002618102746719349,-1.4275234643111754e-05,,
pointwise,prague_staromestske,24,total,total_transfer_m_inv2,,7,nonshadowed,0.00026093034717179694,0.00026093090365265486,-9.262100433698864e-06,,
pointwise,prague_staromestske,24,total,total_transfer_m_inv2,,8,nonshadowed,0.00026530118509310264,0.0002652954258351342,9.427930386776656e-05,,
pointwise,prague_staromestske,24,total,total_transfer_m_inv2,,9,nonshadowed,0.0002570478965854917,0.0002570415946774012,0.00010647499923009888,,
pointwise,prague_staromestske,24,total,total_transfer_m_inv2,,10,nonshadowed,0.00024179299496351526,0.00024178916335122617,6.882173154553168e-05,,
pointwise,prague_staromestske,24,total,total_transfer_m_inv2,,11,nonshadowed,0.00022773797654534436,0.00022772998144244945,0.0001524686428088351,,
pointwise,prague_staromestske,24,total,total_transfer_m_inv2,,12,nonshadowed,0.0002511004604512196,0.00025109832980526654,3.6851055728135814e-05,,
pointwise,prague_staromestske,24,total,total_transfer_m_inv2,,13,nonshadowed,0.0002503835972774092,0.00025037519770835295,0.00014569435538057347,,
pointwise,prague_staromestske,24,total,total_transfer_m_inv2,,14,nonshadowed,0.0002340710013993728,0.00023407081592674732,3.441253689352287e-06,,
pointwise,prague_staromestske,24,total,total_transfer_m_inv2,,15,nonshadowed,0.00021879411277574013,0.00021879810182513814,-7.917975155120538e-05,,
pointwise,prague_staromestske,24,total,total_transfer_m_inv2,,16,nonshadowed,0.00021147414968311425,0.00021147192427197715,4.570245883938982e-05,,
pointwise,prague_staromestske,24,total,total_transfer_m_inv2,,17,nonshadowed,0.0002290749785527773,0.00022907623885799142,-2.3893578329592752e-05,,
pointwise,prague_staromestske,24,total,total_transfer_m_inv2,,18,nonshadowed,0.00023902339376017466,0.00023902908532259505,-0.00010341183283632564,,
pointwise,prague_staromestske,24,total,total_transfer_m_inv2,,19,nonshadowed,0.00027762313622715316,0.0002776172011066183,9.284592363024784e-05,,
pointwise,prague_staromestske,24,total,total_transfer_m_inv2,,20,nonshadowed,0.0002445608647108099,0.000244558114917418,4.8831476439643774e-05,,
pointwise,prague_staromestske,24,total,total_transfer_m_inv2,,21,nonshadowed,0.00024444958689030376,0.00024446864542554175,-0.00033858490619202486,,
pointwise,prague_staromestske,24,total,wbsar_m2_per_kg,,0,nonshadowed,0.011933095747123033,0.0119329219743563,6.324352439429393e-05,,
pointwise,prague_staromestske,24,total,wbsar_m2_per_kg,,1,nonshadowed,0.011591714454605604,0.011591508095403035,7.731510386468338e-05,,
pointwise,prague_staromestske,24,total,wbsar_m2_per_kg,,2,nonshadowed,0.012372974615099131,0.01237267981077336,0.00010347828327854944,,
pointwise,prague_staromestske,24,total,wbsar_m2_per_kg,,3,nonshadowed,0.012381867805135088,0.012382014770545041,-5.1547867244652935e-05,,
pointwise,prague_staromestske,24,total,wbsar_m2_per_kg,,4,nonshadowed,0.012178833449584084,0.01217897719041918,-5.125735841343976e-05,,
pointwise,prague_staromestske,24,total,wbsar_m2_per_kg,,5,nonshadowed,0.012391672109123453,0.012391695092886887,-8.055177935433838e-06,,
pointwise,prague_staromestske,24,total,wbsar_m2_per_kg,,6,nonshadowed,0.01375449812821125,0.01375454777104076,-1.5674558108213655e-05,,
pointwise,prague_staromestske,24,total,wbsar_m2_per_kg,,7,nonshadowed,0.014161391641117753,0.01416141504334103,-7.176870955557587e-06,,
pointwise,prague_staromestske,24,total,wbsar_m2_per_kg,,8,nonshadowed,0.014781094173758952,0.014780780181659823,9.225736797230047e-05,,
pointwise,prague_staromestske,24,total,wbsar_m2_per_kg,,9,nonshadowed,0.014626932071658362,0.01462653701410386,0.00011729980841717981,,
pointwise,prague_staromestske,24,total,wbsar_m2_per_kg,,10,nonshadowed,0.01391123597148104,0.013911015577666634,6.880522755363533e-05,,
pointwise,prague_staromestske,24,total,wbsar_m2_per_kg,,11,nonshadowed,0.013071541319770279,0.013071060344268678,0.0001598042987337104,,
pointwise,prague_staromestske,24,total,wbsar_m2_per_kg,,12,nonshadowed,0.014298853857299516,0.014298744937733457,3.308191491844468e-05,,
pointwise,prague_staromestske,24,total,wbsar_m2_per_kg,,13,nonshadowed,0.014253677076857612,0.014253153490696986,0.0001595341017287564,,
pointwise,prague_staromestske,24,total,wbsar_m2_per_kg,,14,nonshadowed,0.013413095445769886,0.01341305883304538,1.1854628177285825e-05,,
pointwise,prague_staromestske,24,total,wbsar_m2_per_kg,,15,nonshadowed,0.01262124113428171,0.012621484943708593,-8.389354494187609e-05,,
pointwise,prague_staromestske,24,total,wbsar_m2_per_kg,,16,nonshadowed,0.012155218237575172,0.012155071321004175,5.249222221869521e-05,,
pointwise,prague_staromestske,24,total,wbsar_m2_per_kg,,17,nonshadowed,0.013075188486254151,0.013075271270811723,-2.7496936478002264e-05,,
pointwise,prague_staromestske,24,total,wbsar_m2_per_kg,,18,nonshadowed,0.013535757396235042,0.013536111182597347,-0.00011351079404304336,,
pointwise,prague_staromestske,24,total,wbsar_m2_per_kg,,19,nonshadowed,0.015133668413405993,0.015133251838700554,0.00011954707937062399,,
pointwise,prague_staromestske,24,total,wbsar_m2_per_kg,,20,nonshadowed,0.012754661192427507,0.012754423431321011,8.095808853074475e-05,,
pointwise,prague_staromestske,24,total,wbsar_m2_per_kg,,21,nonshadowed,0.012924895180479672,0.012925958601386825,-0.00035730953884557,,
route_quantile,prague_staromestske,32,direct,total_transfer_m_inv2,q10,,,0.0001755581605253797,,-1.9286549331065747e-15,0.0001755581605253797,0.0001755581605253797
route_quantile,prague_staromestske,32,direct,total_transfer_m_inv2,q50,,,0.00019132567086648834,,-1.446491199829931e-15,0.00019132567086648834,0.00019132567086648834
route_quantile,prague_staromestske,32,direct,total_transfer_m_inv2,q90,,,0.0002096862213504219,,-3.3751461329365063e-15,0.0002096862213504219,0.0002096862213504219
route_quantile,prague_staromestske,32,direct,wbsar_m2_per_kg,q10,,,0.009561337422702227,,0.0,0.009561337422702227,0.009561337422702227
route_quantile,prague_staromestske,32,direct,wbsar_m2_per_kg,q50,,,0.010310799105963503,,-2.410818666383218e-15,0.010310799105963503,0.010310799105963503
route_quantile,prague_staromestske,32,direct,wbsar_m2_per_kg,q90,,,0.011252517592095829,,-1.9286549331065747e-15,0.011252517592095829,0.011252517592095829
route_quantile,prague_staromestske,32,all_specular,total_transfer_m_inv2,q10,,,4.216218202794107e-05,,0.0,4.216218202794107e-05,4.216218202794107e-05
route_quantile,prague_staromestske,32,all_specular,total_transfer_m_inv2,q50,,,5.115959299468611e-05,,3.857309866213147e-15,5.115959299468611e-05,5.115959299468611e-05
route_quantile,prague_staromestske,32,all_specular,total_transfer_m_inv2,q90,,,5.8844801852977444e-05,,0.0,5.8844801852977444e-05,5.8844801852977444e-05
route_quantile,prague_staromestske,32,all_specular,wbsar_m2_per_kg,q10,,,0.0023913592336818946,,1.928654933106574e-15,0.0023913592336818946,0.0023913592336818946
route_quantile,prague_staromestske,32,all_specular,wbsar_m2_per_kg,q50,,,0.0028170223856442225,,-1.446491199829931e-15,0.0028170223856442225,0.0028170223856442225
route_quantile,prague_staromestske,32,all_specular,wbsar_m2_per_kg,q90,,,0.003353472581929611,,9.64327466553287e-16,0.003353472581929611,0.003353472581929611
route_quantile,prague_staromestske,32,first_diffuse,total_transfer_m_inv2,q10,,,5.030031116062014e-07,,-0.10175047699378147,4.920068261795801e-07,5.259969349852657e-07
route_quantile,prague_staromestske,32,first_diffuse,total_transfer_m_inv2,q50,,,8.443516761505461e-07,,0.029936174417490115,8.347628371068669e-07,8.5472019757555e-07
route_quantile,prague_staromestske,32,first_diffuse,total_transfer_m_inv2,q90,,,1.3412465911145801e-06,,0.029823653768946086,1.3284620999204986e-06,1.3566771922282956e-06
route_quantile,prague_staromestske,32,first_diffuse,wbsar_m2_per_kg,q10,,,2.6141777091933434e-05,,-0.11533389730752336,2.5146116346638086e-05,2.7491767049333008e-05
route_quantile,prague_staromestske,32,first_diffuse,wbsar_m2_per_kg,q50,,,4.313914173044351e-05,,0.049194546918958325,4.26926552765204e-05,4.359701205959257e-05
route_quantile,prague_staromestske,32,first_diffuse,wbsar_m2_per_kg,q90,,,6.765858342312286e-05,,0.0328816015499478,6.695044255546364e-05,6.850571418896916e-05
route_quantile,prague_staromestske,32,total,total_transfer_m_inv2,q10,,,0.00022744536921745002,,6.205527661491044e-05,0.0002274391386064044,0.00022745197308149883
route_quantile,prague_staromestske,32,total,total_transfer_m_inv2,q50,,,0.00024364619291577751,,-0.00021262497371942463,0.000243634338116911,0.00024365899790531974
route_quantile,prague_staromestske,32,total,total_transfer_m_inv2,q90,,,0.00026171795275256983,,-7.276100263243052e-05,0.0002617073608604509,0.00026173031040425016
route_quantile,prague_staromestske,32,total,wbsar_m2_per_kg,q10,,,0.012157650494962535,,6.736740462150223e-05,0.012157173552498892,0.012158187123096595
route_quantile,prague_staromestske,32,total,wbsar_m2_per_kg,q50,,,0.013073261595759413,,3.182101661028264e-05,0.01307295108555304,0.013073603541802509
route_quantile,prague_staromestske,32,total,wbsar_m2_per_kg,q90,,,0.01459458728748487,,0.0002468375839194077,0.014593918858111947,0.014595389117090038
pointwise,prague_staromestske,32,total,total_transfer_m_inv2,,0,nonshadowed,0.00023602598786301684,0.0002360229884697853,5.519003301958711e-05,,
pointwise,prague_staromestske,32,total,total_transfer_m_inv2,,1,nonshadowed,0.0002274132379855265,0.00022741013465017336,5.926526649600555e-05,,
pointwise,prague_staromestske,32,total,total_transfer_m_inv2,,2,nonshadowed,0.00024285160577080365,0.0002428475981963857,7.166853234871412e-05,,
pointwise,prague_staromestske,32,total,total_transfer_m_inv2,,3,nonshadowed,0.00024467551787038766,0.0002446783085193343,-4.953321597196249e-05,,
pointwise,prague_staromestske,32,total,total_transfer_m_inv2,,4,nonshadowed,0.00024225115696815388,0.0002422526779723232,-2.7267636293069068e-05,,
pointwise,prague_staromestske,32,total,total_transfer_m_inv2,,5,nonshadowed,0.0002466063795235298,0.00024660046729167327,0.00010412060123400934,,
pointwise,prague_staromestske,32,total,total_transfer_m_inv2,,6,nonshadowed,0.0002618054375707094,0.0002618102746719349,-8.023924116779846e-05,,
pointwise,prague_staromestske,32,total,total_transfer_m_inv2,,7,nonshadowed,0.00026093058938931343,0.00026093090365265486,-5.2306152824321525e-06,,
pointwise,prague_staromestske,32,total,total_transfer_m_inv2,,8,nonshadowed,0.00026530565962971497,0.0002652954258351342,0.00016752625042260798,,
pointwise,prague_staromestske,32,total,total_transfer_m_inv2,,9,nonshadowed,0.00025705650699968955,0.0002570415946774012,0.0002519495505967814,,
pointwise,prague_staromestske,32,total,total_transfer_m_inv2,,10,nonshadowed,0.00024179248602622673,0.00024178916335122617,5.968048704040737e-05,,
pointwise,prague_staromestske,32,total,total_transfer_m_inv2,,11,nonshadowed,0.00022773455030476156,0.00022772998144244945,8.713002012191984e-05,,
pointwise,prague_staromestske,32,total,total_transfer_m_inv2,,12,nonshadowed,0.00025110103689227227,0.00025109832980526654,4.682096500319414e-05,,
pointwise,prague_staromestske,32,total,total_transfer_m_inv2,,13,nonshadowed,0.0002503865516451054,0.00025037519770835295,0.0001969380483506645,,
pointwise,prague_staromestske,32,total,total_transfer_m_inv2,,14,nonshadowed,0.00023406791679017334,0.00023407081592674732,-5.379084995034533e-05,,
pointwise,prague_staromestske,32,total,total_transfer_m_inv2,,15,nonshadowed,0.0002187957601307791,0.00021879810182513814,-4.648076798432417e-05,,
pointwise,prague_staromestske,32,total,total_transfer_m_inv2,,16,nonshadowed,0.00021147509435845625,0.00021147192427197715,6.51027672220557e-05,,
pointwise,prague_staromestske,32,total,total_transfer_m_inv2,,17,nonshadowed,0.0002290751995309493,0.00022907623885799142,-1.9704139787567806e-05,,
pointwise,prague_staromestske,32,total,total_transfer_m_inv2,,18,nonshadowed,0.00023901595196624225,0.00023902908532259505,-0.00023862790111461155,,
pointwise,prague_staromestske,32,total,total_transfer_m_inv2,,19,nonshadowed,0.00027763363851278404,0.0002776172011066183,0.0002571333274005667,,
pointwise,prague_staromestske,32,total,total_transfer_m_inv2,,20,nonshadowed,0.00024455764249280615,0.000244558114917418,-8.389482405136405e-06,,
pointwise,prague_staromestske,32,total,total_transfer_m_inv2,,21,nonshadowed,0.00024444078006075136,0.00024446864542554175,-0.0004950517845207096,,
pointwise,prague_staromestske,32,total,wbsar_m2_per_kg,,0,nonshadowed,0.011933071311829649,0.0119329219743563,5.435050604446602e-05,,
pointwise,prague_staromestske,32,total,wbsar_m2_per_kg,,1,nonshadowed,0.011591648696000984,0.011591508095403035,5.26779544235081e-05,,
pointwise,prague_staromestske,32,total,wbsar_m2_per_kg,,2,nonshadowed,0.01237294711438355,0.01237267981077336,9.382545308250057e-05,,
pointwise,prague_staromestske,32,total,wbsar_m2_per_kg,,3,nonshadowed,0.012381892170193087,0.012382014770545041,-4.3001822338226855e-05,,
pointwise,prague_staromestske,32,total,wbsar_m2_per_kg,,4,nonshadowed,0.012178940331643672,0.01217897719041918,-1.314362182098347e-05,,
pointwise,prague_staromestske,32,total,wbsar_m2_per_kg,,5,nonshadowed,0.012392105241773076,0.012391695092886887,0.0001437434095184636,,
pointwise,prague_staromestske,32,total,wbsar_m2_per_kg,,6,nonshadowed,0.013754270751644693,0.01375454777104076,-8.746867481543096e-05,,
pointwise,prague_staromestske,32,total,wbsar_m2_per_kg,,7,nonshadowed,0.014161388223784427,0.01416141504334103,-8.224881788644685e-06,,
pointwise,prague_staromestske,32,total,wbsar_m2_per_kg,,8,nonshadowed,0.014781350191561867,0.014780780181659823,0.00016747923914355262,,
pointwise,prague_staromestske,32,total,wbsar_m2_per_kg,,9,nonshadowed,0.014627442992491248,0.01462653701410386,0.0002689968437821658,,
pointwise,prague_staromestske,32,total,wbsar_m2_per_kg,,10,nonshadowed,0.013911199375001418,0.013911015577666634,5.7380167914594646e-05,,
pointwise,prague_staromestske,32,total,wbsar_m2_per_kg,,11,nonshadowed,0.013071325674499737,0.013071060344268678,8.815680034090232e-05,,
pointwise,prague_staromestske,32,total,wbsar_m2_per_kg,,12,nonshadowed,0.014298885942427467,0.014298744937733457,4.2827016536825554e-05,,
pointwise,prague_staromestske,32,total,wbsar_m2_per_kg,,13,nonshadowed,0.014253861634738704,0.014253153490696986,0.0002157665742416087,,
pointwise,prague_staromestske,32,total,wbsar_m2_per_kg,,14,nonshadowed,0.013412926227368909,0.01341305883304538,-4.2935917119890795e-05,,
pointwise,prague_staromestske,32,total,wbsar_m2_per_kg,,15,nonshadowed,0.012621336101175652,0.012621484943708593,-5.1215742182605904e-05,,
pointwise,prague_staromestske,32,total,wbsar_m2_per_kg,,16,nonshadowed,0.01215528495755352,0.012155071321004175,7.633057570379897e-05,,
pointwise,prague_staromestske,32,total,wbsar_m2_per_kg,,17,nonshadowed,0.013075197517019087,0.013075271270811723,-2.449735446110008e-05,,
pointwise,prague_staromestske,32,total,wbsar_m2_per_kg,,18,nonshadowed,0.013535337669185299,0.013536111182597347,-0.00024818221474678736,,
pointwise,prague_staromestske,32,total,wbsar_m2_per_kg,,19,nonshadowed,0.015134260497139613,0.015133251838700554,0.0002894554329478067,,
pointwise,prague_staromestske,32,total,wbsar_m2_per_kg,,20,nonshadowed,0.012754526745237795,0.012754423431321011,3.517876169166277e-05,,
pointwise,prague_staromestske,32,total,wbsar_m2_per_kg,,21,nonshadowed,0.012924406922596604,0.012925958601386825,-0.0005213740876999169,,
route_quantile,prague_staromestske,48,direct,total_transfer_m_inv2,q10,,,0.0001755581605253796,,-3.85730986621315e-15,0.0001755581605253796,0.0001755581605253796
route_quantile,prague_staromestske,48,direct,total_transfer_m_inv2,q50,,,0.0001913256708664883,,-1.9286549331065747e-15,0.0001913256708664883,0.0001913256708664883
route_quantile,prague_staromestske,48,direct,total_transfer_m_inv2,q90,,,0.00020968622135042188,,-3.85730986621315e-15,0.00020968622135042188,0.00020968622135042188
route_quantile,prague_staromestske,48,direct,wbsar_m2_per_kg,q10,,,0.00956133742270222,,-3.3751461329365063e-15,0.00956133742270222,0.00956133742270222
route_quantile,prague_staromestske,48,direct,wbsar_m2_per_kg,q50,,,0.0103107991059635,,-2.8929823996598624e-15,0.0103107991059635,0.0103107991059635
route_quantile,prague_staromestske,48,direct,wbsar_m2_per_kg,q90,,,0.011252517592095826,,-3.3751461329365063e-15,0.011252517592095826,0.011252517592095826
route_quantile,prague_staromestske,48,all_specular,total_transfer_m_inv2,q10,,,4.216218202794107e-05,,0.0,4.216218202794107e-05,4.216218202794107e-05
route_quantile,prague_staromestske,48,all_specular,total_transfer_m_inv2,q50,,,5.1159592994686133e-05,,4.821637332766433e-15,5.1159592994686133e-05,5.1159592994686133e-05
route_quantile,prague_staromestske,48,all_specular,total_transfer_m_inv2,q90,,,5.884480185297744e-05,,-4.821637332766436e-16,5.884480185297744e-05,5.884480185297744e-05
route_quantile,prague_staromestske,48,all_specular,wbsar_m2_per_kg,q10,,,0.002391359233681895,,1.928654933106574e-15,0.002391359233681895,0.002391359233681895
route_quantile,prague_staromestske,48,all_specular,wbsar_m2_per_kg,q50,,,0.002817022385644222,,-1.9286549331065747e-15,0.002817022385644222,0.002817022385644222
route_quantile,prague_staromestske,48,all_specular,wbsar_m2_per_kg,q90,,,0.003353472581929609,,-1.446491199829931e-15,0.003353472581929609,0.003353472581929609
route_quantile,prague_staromestske,48,first_diffuse,total_transfer_m_inv2,q10,,,5.0069747185055e-07,,-0.12170320793622738,4.923987050933296e-07,5.174736014729948e-07
route_quantile,prague_staromestske,48,first_diffuse,total_transfer_m_inv2,q50,,,8.500807182808137e-07,,0.05930413118165158,8.421459556461756e-07,8.585782174371913e-07
route_quantile,prague_staromestske,48,first_diffuse,total_transfer_m_inv2,q90,,,1.3351936535134634e-06,,0.01017993568857011,1.324822166674803e-06,1.3464629238875097e-06
route_quantile,prague_staromestske,48,first_diffuse,wbsar_m2_per_kg,q10,,,2.6011144643521063e-05,,-0.1370903275373888,2.5289673355187524e-05,2.6991331788549214e-05
route_quantile,prague_staromestske,48,first_diffuse,wbsar_m2_per_kg,q50,,,4.337839405261611e-05,,0.07321423893331491,4.297353433872128e-05,4.3800080159168556e-05
route_quantile,prague_staromestske,48,first_diffuse,wbsar_m2_per_kg,q90,,,6.729556611924093e-05,,0.009517104392874948,6.67130772551859e-05,6.791997106544068e-05
route_quantile,prague_staromestske,48,total,total_transfer_m_inv2,q10,,,0.0002274488256921129,,0.00012805426669951778,0.00022744152438445341,0.00022745809265433789
route_quantile,prague_staromestske,48,total,total_transfer_m_inv2,q50,,,0.000243650732926516,,-0.00013170094128675828,0.0002436421245919845,0.00024365980161296448
route_quantile,prague_staromestske,48,total,total_transfer_m_inv2,q90,,,0.00026171981196202403,,-4.190941105459254e-05,0.0002617102905844084,0.0002617298190088571
route_quantile,prague_staromestske,48,total,wbsar_m2_per_kg,q10,,,0.012157555438104059,,3.3411147604311744e-05,0.012157198948555756,0.01215796806043194
route_quantile,prague_staromestske,48,total,wbsar_m2_per_kg,q50,,,0.013073360613167488,,6.471453042394465e-05,0.013073055170877737,0.013073691487331073
route_quantile,prague_staromestske,48,total,wbsar_m2_per_kg,q90,,,0.014594465742382833,,0.0002106689784738115,0.014594004053491675,0.014594987609282073
pointwise,prague_staromestske,48,total,total_transfer_m_inv2,,0,nonshadowed,0.00023602193753751423,0.0002360229884697853,-1.9337739314122043e-05,,
pointwise,prague_staromestske,48,total,total_transfer_m_inv2,,1,nonshadowed,0.0002274166200152103,0.00022741013465017336,0.00012385191592078796,,
pointwise,prague_staromestske,48,total,total_transfer_m_inv2,,2,nonshadowed,0.00024285865471846064,0.0002428475981963857,0.0001977238916815888,,
pointwise,prague_staromestske,48,total,total_transfer_m_inv2,,3,nonshadowed,0.00024467661381747757,0.0002446783085193343,-3.0080403046900244e-05,,
pointwise,prague_staromestske,48,total,total_transfer_m_inv2,,4,nonshadowed,0.00024224969063133808,0.0002422526779723232,-5.355539165519819e-05,,
pointwise,prague_staromestske,48,total,total_transfer_m_inv2,,5,nonshadowed,0.00024659995054787345,0.00024660046729167327,-9.100518681721096e-06,,
pointwise,prague_staromestske,48,total,total_transfer_m_inv2,,6,nonshadowed,0.00026180748185733596,0.0002618102746719349,-4.632783950457317e-05,,
pointwise,prague_staromestske,48,total,total_transfer_m_inv2,,7,nonshadowed,0.00026093078290421643,0.00026093090365265486,-2.0097424990022774e-06,,
pointwise,prague_staromestske,48,total,total_transfer_m_inv2,,8,nonshadowed,0.00026529891264183566,0.0002652954258351342,5.707942207842605e-05,,
pointwise,prague_staromestske,48,total,total_transfer_m_inv2,,9,nonshadowed,0.00025705399206387574,0.0002570415946774012,0.00020945974545650553,,
pointwise,prague_staromestske,48,total,total_transfer_m_inv2,,10,nonshadowed,0.00024179231189305796,0.00024178916335122617,5.65528008666394e-05,,
pointwise,prague_staromestske,48,total,total_transfer_m_inv2,,11,nonshadowed,0.0002277386767842364,0.00022772998144244945,0.00016582212139449064,,
pointwise,prague_staromestske,48,total,total_transfer_m_inv2,,12,nonshadowed,0.00025110072729556706,0.00025109832980526654,4.14662988001382e-05,,
pointwise,prague_staromestske,48,total,total_transfer_m_inv2,,13,nonshadowed,0.00025038812994896315,0.00025037519770835295,0.00022431357995695688,,
pointwise,prague_staromestske,48,total,total_transfer_m_inv2,,14,nonshadowed,0.000234067943585589,0.00023407081592674732,-5.329368226283263e-05,,
pointwise,prague_staromestske,48,total,total_transfer_m_inv2,,15,nonshadowed,0.00021879938045124306,0.00021879810182513814,2.5379499850358165e-05,,
pointwise,prague_staromestske,48,total,total_transfer_m_inv2,,16,nonshadowed,0.00021147360227545217,0.00021147192427197715,3.446059145132458e-05,,
pointwise,prague_staromestske,48,total,total_transfer_m_inv2,,17,nonshadowed,0.00022907401294017563,0.00022907623885799142,-4.220029655246801e-05,,
pointwise,prague_staromestske,48,total,total_transfer_m_inv2,,18,nonshadowed,0.0002390135219877108,0.00023902908532259505,-0.00028278108935321934,,
pointwise,prague_staromestske,48,total,total_transfer_m_inv2,,19,nonshadowed,0.00027764305231041804,0.0002776172011066183,0.0004043882161487704,,
pointwise,prague_staromestske,48,total,total_transfer_m_inv2,,20,nonshadowed,0.00024456032230712473,0.000244558114917418,3.9199387963299536e-05,,
pointwise,prague_staromestske,48,total,total_transfer_m_inv2,,21,nonshadowed,0.00024444281113457134,0.00024446864542554175,-0.00045896613271084134,,
pointwise,prague_staromestske,48,total,wbsar_m2_per_kg,,0,nonshadowed,0.011932818824430954,0.0119329219743563,-3.754121337742836e-05,,
pointwise,prague_staromestske,48,total,wbsar_m2_per_kg,,1,nonshadowed,0.011591875351131655,0.011591508095403035,0.00013759608192448418,,
pointwise,prague_staromestske,48,total,wbsar_m2_per_kg,,2,nonshadowed,0.012373311920044068,0.01237267981077336,0.0002218715428944713,,
pointwise,prague_staromestske,48,total,wbsar_m2_per_kg,,3,nonshadowed,0.012381958515194939,0.012382014770545041,-1.9731395963700404e-05,,
pointwise,prague_staromestske,48,total,wbsar_m2_per_kg,,4,nonshadowed,0.012178903071991607,0.01217897719041918,-2.643023428609272e-05,,
pointwise,prague_staromestske,48,total,wbsar_m2_per_kg,,5,nonshadowed,0.012391714096990865,0.012391695092886887,6.660405295777056e-06,,
pointwise,prague_staromestske,48,total,wbsar_m2_per_kg,,6,nonshadowed,0.013754431546158704,0.01375454777104076,-3.6697708304225145e-05,,
pointwise,prague_staromestske,48,total,wbsar_m2_per_kg,,7,nonshadowed,0.014161411816147947,0.01416141504334103,-9.896979250267146e-07,,
pointwise,prague_staromestske,48,total,wbsar_m2_per_kg,,8,nonshadowed,0.014780944217628275,0.014780780181659823,4.819740213423358e-05,,
pointwise,prague_staromestske,48,total,wbsar_m2_per_kg,,9,nonshadowed,0.014627311871516257,0.01462653701410386,0.00023006634091774452,,
pointwise,prague_staromestske,48,total,wbsar_m2_per_kg,,10,nonshadowed,0.01391118979962277,0.013911015577666634,5.439082427262756e-05,,
pointwise,prague_staromestske,48,total,wbsar_m2_per_kg,,11,nonshadowed,0.013071580257805067,0.013071060344268678,0.00017274121875190192,,
pointwise,prague_staromestske,48,total,wbsar_m2_per_kg,,12,nonshadowed,0.01429885058018201,0.014298744937733457,3.2086566461779255e-05,,
pointwise,prague_staromestske,48,total,wbsar_m2_per_kg,,13,nonshadowed,0.0142539479300489,0.014253153490696986,0.0002420594235382116,,
pointwise,prague_staromestske,48,total,wbsar_m2_per_kg,,14,nonshadowed,0.013412951341242539,0.01341305883304538,-3.480435332774469e-05,,
pointwise,prague_staromestske,48,total,wbsar_m2_per_kg,,15,nonshadowed,0.012621563695851509,0.012621484943708593,2.709785303275815e-05,,
pointwise,prague_staromestske,48,total,wbsar_m2_per_kg,,16,nonshadowed,0.01215518347878322,0.012155071321004175,4.007321596818063e-05,,
pointwise,prague_staromestske,48,total,wbsar_m2_per_kg,,17,nonshadowed,0.01307514096852991,0.013075271270811723,-4.328005344900185e-05,,
pointwise,prague_staromestske,48,total,wbsar_m2_per_kg,,18,nonshadowed,0.01353519880518586,0.013536111182597347,-0.00029273830897043167,,
pointwise,prague_staromestske,48,total,wbsar_m2_per_kg,,19,nonshadowed,0.015134776261436021,0.015133251838700554,0.00043745722745570676,,
pointwise,prague_staromestske,48,total,wbsar_m2_per_kg,,20,nonshadowed,0.012754692850088309,0.012754423431321011,9.173746567485799e-05,,
pointwise,prague_staromestske,48,total,wbsar_m2_per_kg,,21,nonshadowed,0.012924478450044305,0.012925958601386825,-0.0004973390274692803,,
route_quantile,prague_staromestske,64,direct,total_transfer_m_inv2,q10,,,0.00017555816052537956,,-5.303801066043082e-15,0.00017555816052537956,0.00017555816052537956
route_quantile,prague_staromestske,64,direct,total_transfer_m_inv2,q50,,,0.00019132567086648829,,-2.410818666383218e-15,0.00019132567086648829,0.00019132567086648829
route_quantile,prague_staromestske,64,direct,total_transfer_m_inv2,q90,,,0.00020968622135042182,,-4.821637332766439e-15,0.00020968622135042182,0.00020968622135042182
route_quantile,prague_staromestske,64,direct,wbsar_m2_per_kg,q10,,,0.009561337422702229,,9.64327466553287e-16,0.009561337422702229,0.009561337422702229
route_quantile,prague_staromestske,64,direct,wbsar_m2_per_kg,q50,,,0.0103107991059635,,-2.8929823996598624e-15,0.0103107991059635,0.0103107991059635
route_quantile,prague_staromestske,64,direct,wbsar_m2_per_kg,q90,,,0.011252517592095834,,0.0,0.011252517592095834,0.011252517592095834
route_quantile,prague_staromestske,64,all_specular,total_transfer_m_inv2,q10,,,4.2162182027941074e-05,,9.64327466553287e-16,4.2162182027941074e-05,4.2162182027941074e-05
route_quantile,prague_staromestske,64,all_specular,total_transfer_m_inv2,q50,,,5.115959299468615e-05,,6.750292265873005e-15,5.115959299468615e-05,5.115959299468615e-05
route_quantile,prague_staromestske,64,all_specular,total_transfer_m_inv2,q90,,,5.884480185297744e-05,,-4.821637332766436e-16,5.884480185297744e-05,5.884480185297744e-05
route_quantile,prague_staromestske,64,all_specular,wbsar_m2_per_kg,q10,,,0.0023913592336818933,,-9.643274665532871e-16,0.0023913592336818933,0.0023913592336818933
route_quantile,prague_staromestske,64,all_specular,wbsar_m2_per_kg,q50,,,0.0028170223856442233,,0.0,0.0028170223856442233,0.0028170223856442233
route_quantile,prague_staromestske,64,all_specular,wbsar_m2_per_kg,q90,,,0.0033534725819296066,,-4.3394735994897936e-15,0.0033534725819296066,0.0033534725819296066
route_quantile,prague_staromestske,64,first_diffuse,total_transfer_m_inv2,q10,,,4.959014333705005e-07,,-0.16350355741698022,4.914374538787306e-07,5.080957976878158e-07
route_quantile,prague_staromestske,64,first_diffuse,total_transfer_m_inv2,q50,,,8.471638995289785e-07,,0.04437688354218755,8.399795062474119e-07,8.543360233106741e-07
route_quantile,prague_staromestske,64,first_diffuse,total_transfer_m_inv2,q90,,,1.3340750807726049e-06,,0.006540062406733739,1.3250417948486931e-06,1.3434286817310323e-06
route_quantile,prague_staromestske,64,first_diffuse,wbsar_m2_per_kg,q10,,,2.574129476738522e-05,,-0.18238109087374343,2.5174897272618964e-05,2.644880951545415e-05
route_quantile,prague_staromestske,64,first_diffuse,wbsar_m2_per_kg,q50,,,4.3162325742286664e-05,,0.05152792292029976,4.279973913300064e-05,4.3527939767012376e-05
route_quantile,prague_staromestske,64,first_diffuse,wbsar_m2_per_kg,q90,,,6.72320465901924e-05,,0.005415911715280435,6.672780814270888e-05,6.774611944123999e-05
route_quantile,prague_staromestske,64,total,total_transfer_m_inv2,q10,,,0.00022744986064736345,,0.0001478158253861382,0.00022744214658373935,0.00022745893358012113
route_quantile,prague_staromestske,64,total,total_transfer_m_inv2,q50,,,0.0002436548253608631,,-5.875608669533199e-05,0.0002436474561278321,0.00024366224286878063
route_quantile,prague_staromestske,64,total,total_transfer_m_inv2,q90,,,0.0002617190703338384,,-5.421591099316355e-05,0.00026171051062741363,0.0002617279537041003
route_quantile,prague_staromestske,64,total,wbsar_m2_per_kg,q10,,,0.012157498669957316,,1.3132276112818177e-05,0.012157208783589538,0.012157819444540221
route_quantile,prague_staromestske,64,total,wbsar_m2_per_kg,q50,,,0.013073562987120951,,0.00013194224150367705,0.013073260937357105,0.01307388905334651
route_quantile,prague_staromestske,64,total,wbsar_m2_per_kg,q90,,,0.014594651002026216,,0.0002657972247630166,0.014594233808003154,0.014595121869113192
pointwise,prague_staromestske,64,total,total_transfer_m_inv2,,0,nonshadowed,0.00023602117059279623,0.0002360229884697853,-3.345000377527537e-05,,
pointwise,prague_staromestske,64,total,total_transfer_m_inv2,,1,nonshadowed,0.00022741709802318833,0.00022741013465017336,0.00013298036084146656,,
pointwise,prague_staromestske,64,total,total_transfer_m_inv2,,2,nonshadowed,0.00024285995326894889,0.0002428475981963857,0.00022094529198320485,,
pointwise,prague_staromestske,64,total,total_transfer_m_inv2,,3,nonshadowed,0.00024467776867465073,0.0002446783085193343,-9.582043753963095e-06,,
pointwise,prague_staromestske,64,total,total_transfer_m_inv2,,4,nonshadowed,0.00024224655372573163,0.0002422526779723232,-0.00010979280571200892,,
pointwise,prague_staromestske,64,total,total_transfer_m_inv2,,5,nonshadowed,0.0002465994617980951,0.00024660046729167327,-1.770804441860031e-05,,
pointwise,prague_staromestske,64,total,total_transfer_m_inv2,,6,nonshadowed,0.0002618059187334206,0.0002618102746719349,-7.22575078515054e-05,,
pointwise,prague_staromestske,64,total,total_transfer_m_inv2,,7,nonshadowed,0.00026093743473759855,0.00026093090365265486,0.00010870228919342115,,
pointwise,prague_staromestske,64,total,total_transfer_m_inv2,,8,nonshadowed,0.0002652969306906367,0.0002652954258351342,2.4634747664999656e-05,,
pointwise,prague_staromestske,64,total,total_transfer_m_inv2,,9,nonshadowed,0.0002570573876619641,0.0002570415946774012,0.00026682822904692464,,
pointwise,prague_staromestske,64,total,total_transfer_m_inv2,,10,nonshadowed,0.00024179445472668373,0.00024178916335122617,9.504106744246456e-05,,
pointwise,prague_staromestske,64,total,total_transfer_m_inv2,,11,nonshadowed,0.00022774472426493936,0.00022772998144244945,0.0002811452042032107,,
pointwise,prague_staromestske,64,total,total_transfer_m_inv2,,12,nonshadowed,0.0002511013589339045,0.00025109832980526654,5.2390866898703855e-05,,
pointwise,prague_staromestske,64,total,total_transfer_m_inv2,,13,nonshadowed,0.0002503861448921336,0.00025037519770835295,0.00018988292843838205,,
pointwise,prague_staromestske,64,total,total_transfer_m_inv2,,14,nonshadowed,0.0002340672680478167,0.00023407081592674732,-6.58277672677855e-05,,
pointwise,prague_staromestske,64,total,total_transfer_m_inv2,,15,nonshadowed,0.00021879905093791157,0.00021879810182513814,1.8838990957768654e-05,,
pointwise,prague_staromestske,64,total,total_transfer_m_inv2,,16,nonshadowed,0.0002114728408538714,0.00021147192427197715,1.88235671275568e-05,,
pointwise,prague_staromestske,64,total,total_transfer_m_inv2,,17,nonshadowed,0.0002290748193813736,0.00022907623885799142,-2.691124908371068e-05,,
pointwise,prague_staromestske,64,total,total_transfer_m_inv2,,18,nonshadowed,0.00023900810345148875,0.00023902908532259505,-0.0003812385756300053,,
pointwise,prague_staromestske,64,total,total_transfer_m_inv2,,19,nonshadowed,0.0002776387817968297,0.0002776172011066183,0.0003375875260342727,,
pointwise,prague_staromestske,64,total,total_transfer_m_inv2,,20,nonshadowed,0.0002445662661688435,0.000244558114917418,0.00014475023744184334,,
pointwise,prague_staromestske,64,total,total_transfer_m_inv2,,21,nonshadowed,0.00024444969745277727,0.00024446864542554175,-0.0003366206295532377,,
pointwise,prague_staromestske,64,total,wbsar_m2_per_kg,,0,nonshadowed,0.011932795025756336,0.0119329219743563,-4.620274048320206e-05,,
pointwise,prague_staromestske,64,total,wbsar_m2_per_kg,,1,nonshadowed,0.011591920314214119,0.011591508095403035,0.00015444165707215976,,
pointwise,prague_staromestske,64,total,wbsar_m2_per_kg,,2,nonshadowed,0.012373387967703542,0.01237267981077336,0.0002485636505456803,,
pointwise,prague_staromestske,64,total,wbsar_m2_per_kg,,3,nonshadowed,0.012381999165233895,0.012382014770545041,-5.4735072726346414e-06,,
pointwise,prague_staromestske,64,total,wbsar_m2_per_kg,,4,nonshadowed,0.012178707567882658,0.01217897719041918,-9.614672410339785e-05,,
pointwise,prague_staromestske,64,total,wbsar_m2_per_kg,,5,nonshadowed,0.012391684034795342,0.012391695092886887,-3.875555559725866e-06,,
pointwise,prague_staromestske,64,total,wbsar_m2_per_kg,,6,nonshadowed,0.013754325297478194,0.01375454777104076,-7.024572788063305e-05,,
pointwise,prague_staromestske,64,total,wbsar_m2_per_kg,,7,nonshadowed,0.014161831097443357,0.01416141504334103,0.00012759130781022575,,
pointwise,prague_staromestske,64,total,wbsar_m2_per_kg,,8,nonshadowed,0.014780827053563175,0.014780780181659823,1.3772058345982749e-05,,
pointwise,prague_staromestske,64,total,wbsar_m2_per_kg,,9,nonshadowed,0.014627514822326743,0.01462653701410386,0.0002903233494556593,,
pointwise,prague_staromestske,64,total,wbsar_m2_per_kg,,10,nonshadowed,0.013911309788071917,0.013911015577666634,9.184994701822048e-05,,
pointwise,prague_staromestske,64,total,wbsar_m2_per_kg,,11,nonshadowed,0.013071929012575123,0.013071060344268678,0.0002886111049366308,,
pointwise,prague_staromestske,64,total,wbsar_m2_per_kg,,12,nonshadowed,0.014298876619321471,0.014298744937733457,3.9995345017424595e-05,,
pointwise,prague_staromestske,64,total,wbsar_m2_per_kg,,13,nonshadowed,0.014253836698897819,0.014253153490696986,0.00020816897869310478,,
pointwise,prague_staromestske,64,total,wbsar_m2_per_kg,,14,nonshadowed,0.013412903015321928,0.01341305883304538,-5.045170634404782e-05,,
pointwise,prague_staromestske,64,total,wbsar_m2_per_kg,,15,nonshadowed,0.012621541771349571,0.012621484943708593,1.9553860299647107e-05,,
pointwise,prague_staromestske,64,total,wbsar_m2_per_kg,,16,nonshadowed,0.012155142125743389,0.012155071321004175,2.529809752674936e-05,,
pointwise,prague_staromestske,64,total,wbsar_m2_per_kg,,17,nonshadowed,0.013075196961666782,0.013075271270811723,-2.4681815496316437e-05,,
pointwise,prague_staromestske,64,total,wbsar_m2_per_kg,,18,nonshadowed,0.013534892750530504,0.013536111182597347,-0.000390941041468727,,
pointwise,prague_staromestske,64,total,wbsar_m2_per_kg,,19,nonshadowed,0.015134539628924314,0.015133251838700554,0.0003695546726381808,,
pointwise,prague_staromestske,64,total,wbsar_m2_per_kg,,20,nonshadowed,0.012755017366697607,0.012754423431321011,0.0002022332506238002,,
pointwise,prague_staromestske,64,total,wbsar_m2_per_kg,,21,nonshadowed,0.01292484060159375,0.012925958601386825,-0.00037564884349750054,,
route_quantile,madrid_plazamayor,16,direct,total_transfer_m_inv2,q10,,,0.0002554931585557746,,0.0,0.0002554931585557746,0.0002554931585557746
route_quantile,madrid_plazamayor,16,direct,total_transfer_m_inv2,q50,,,0.00028316659535745155,,0.0,0.00028316659535745155,0.00028316659535745155
route_quantile,madrid_plazamayor,16,direct,total_transfer_m_inv2,q90,,,0.0003102068574176749,,0.0,0.0003102068574176749,0.0003102068574176749
route_quantile,madrid_plazamayor,16,direct,wbsar_m2_per_kg,q10,,,0.014272949471999523,,0.0,0.014272949471999523,0.014272949471999523
route_quantile,madrid_plazamayor,16,direct,wbsar_m2_per_kg,q50,,,0.015583763953744584,,0.0,0.015583763953744584,0.015583763953744584
route_quantile,madrid_plazamayor,16,direct,wbsar_m2_per_kg,q90,,,0.0164591921732367,,0.0,0.0164591921732367,0.0164591921732367
route_quantile,madrid_plazamayor,16,all_specular,total_transfer_m_inv2,q10,,,0.00010627070601144584,,0.0,0.00010627070601144584,0.00010627070601144584
route_quantile,madrid_plazamayor,16,all_specular,total_transfer_m_inv2,q50,,,0.00011811003996117177,,0.0,0.00011811003996117177,0.00011811003996117177
route_quantile,madrid_plazamayor,16,all_specular,total_transfer_m_inv2,q90,,,0.00012742196471807635,,0.0,0.00012742196471807635,0.00012742196471807635
route_quantile,madrid_plazamayor,16,all_specular,wbsar_m2_per_kg,q10,,,0.005980098858054447,,0.0,0.005980098858054447,0.005980098858054447
route_quantile,madrid_plazamayor,16,all_specular,wbsar_m2_per_kg,q50,,,0.006707108829277795,,0.0,0.006707108829277795,0.006707108829277795
route_quantile,madrid_plazamayor,16,all_specular,wbsar_m2_per_kg,q90,,,0.007184914524957298,,0.0,0.007184914524957298,0.007184914524957298
route_quantile,madrid_plazamayor,16,first_diffuse,total_transfer_m_inv2,q10,,,1.0121622381479805e-06,,0.0,9.912655878962199e-07,1.0256677324085136e-06
route_quantile,madrid_plazamayor,16,first_diffuse,total_transfer_m_inv2,q50,,,1.249402386810994e-06,,0.0,1.234091224447761e-06,1.2736989057165597e-06
route_quantile,madrid_plazamayor,16,first_diffuse,total_transfer_m_inv2,q90,,,1.460938332976756e-06,,0.0,1.4416173591044977e-06,1.4990100905552764e-06
route_quantile,madrid_plazamayor,16,first_diffuse,wbsar_m2_per_kg,q10,,,5.229903805804373e-05,,0.0,5.113444774879203e-05,5.3219156405465314e-05
route_quantile,madrid_plazamayor,16,first_diffuse,wbsar_m2_per_kg,q50,,,6.413440371938497e-05,,0.0,6.299223462874208e-05,6.55269322593537e-05
route_quantile,madrid_plazamayor,16,first_diffuse,wbsar_m2_per_kg,q90,,,7.787445794303895e-05,,0.0,7.669979174165078e-05,7.925356767579633e-05
route_quantile,madrid_plazamayor,16,total,total_transfer_m_inv2,q10,,,0.00037757867081903443,,0.0,0.0003775462670396976,0.00037761798571422103
route_quantile,madrid_plazamayor,16,total,total_transfer_m_inv2,q50,,,0.0004045406158367853,,0.0,0.0004045019732819818,0.0004045878907543391
route_quantile,madrid_plazamayor,16,total,total_transfer_m_inv2,q90,,,0.0004219294279229896,,0.0,0.0004219106196180302,0.00042195004603631266
route_quantile,madrid_plazamayor,16,total,wbsar_m2_per_kg,q10,,,0.020913294077888663,,0.0,0.020911478002811342,0.020915565744566607
route_quantile,madrid_plazamayor,16,total,wbsar_m2_per_kg,q50,,,0.02238105138497516,,0.0,0.022379625213510054,0.022382579919278885
route_quantile,madrid_plazamayor,16,total,wbsar_m2_per_kg,q90,,,0.02317093976407998,,0.0,0.023169634863075342,0.02317226185800532
pointwise,madrid_plazamayor,16,total,total_transfer_m_inv2,,0,nonshadowed,0.00040626608400040225,0.00040626608400040225,0.0,,
pointwise,madrid_plazamayor,16,total,total_transfer_m_inv2,,1,nonshadowed,0.0003931305598236524,0.0003931305598236524,0.0,,
pointwise,madrid_plazamayor,16,total,total_transfer_m_inv2,,2,nonshadowed,0.0004202834349884981,0.0004202834349884981,0.0,,
pointwise,madrid_plazamayor,16,total,total_transfer_m_inv2,,3,nonshadowed,0.0004297489262432307,0.0004297489262432307,0.0,,
pointwise,madrid_plazamayor,16,total,total_transfer_m_inv2,,4,nonshadowed,0.00041338665209738186,0.00041338665209738186,0.0,,
pointwise,madrid_plazamayor,16,total,total_transfer_m_inv2,,5,nonshadowed,0.00042263485346634314,0.00042263485346634314,0.0,,
pointwise,madrid_plazamayor,16,total,total_transfer_m_inv2,,6,nonshadowed,0.0004028151476731684,0.0004028151476731684,0.0,,
pointwise,madrid_plazamayor,16,total,total_transfer_m_inv2,,7,nonshadowed,0.00041105913485727153,0.00041105913485727153,0.0,,
pointwise,madrid_plazamayor,16,total,total_transfer_m_inv2,,8,nonshadowed,0.0004120810096798794,0.0004120810096798794,0.0,,
pointwise,madrid_plazamayor,16,total,total_transfer_m_inv2,,9,nonshadowed,0.0003958351024943059,0.0003958351024943059,0.0,,
pointwise,madrid_plazamayor,16,total,total_transfer_m_inv2,,10,nonshadowed,0.0003904468994335784,0.0003904468994335784,0.0,,
pointwise,madrid_plazamayor,16,total,total_transfer_m_inv2,,11,nonshadowed,0.0003921986009906501,0.0003921986009906501,0.0,,
pointwise,madrid_plazamayor,16,total,total_transfer_m_inv2,,12,nonshadowed,0.0003720637156985156,0.0003720637156985156,0.0,,
pointwise,madrid_plazamayor,16,total,total_transfer_m_inv2,,13,nonshadowed,0.00034903187996847496,0.00034903187996847496,0.0,,
pointwise,madrid_plazamayor,16,total,wbsar_m2_per_kg,,0,nonshadowed,0.02260098444205501,0.02260098444205501,0.0,,
pointwise,madrid_plazamayor,16,total,wbsar_m2_per_kg,,1,nonshadowed,0.021297164869264338,0.021297164869264338,0.0,,
pointwise,madrid_plazamayor,16,total,wbsar_m2_per_kg,,2,nonshadowed,0.022303891982781824,0.022303891982781824,0.0,,
pointwise,madrid_plazamayor,16,total,wbsar_m2_per_kg,,3,nonshadowed,0.022741466386081686,0.022741466386081686,0.0,,
pointwise,madrid_plazamayor,16,total,wbsar_m2_per_kg,,4,nonshadowed,0.022458210787168493,0.022458210787168493,0.0,,
pointwise,madrid_plazamayor,16,total,wbsar_m2_per_kg,,5,nonshadowed,0.023517750597343484,0.023517750597343484,0.0,,
pointwise,madrid_plazamayor,16,total,wbsar_m2_per_kg,,6,nonshadowed,0.0227747793271381,0.0227747793271381,0.0,,
pointwise,madrid_plazamayor,16,total,wbsar_m2_per_kg,,7,nonshadowed,0.023215626975317687,0.023215626975317687,0.0,,
pointwise,madrid_plazamayor,16,total,wbsar_m2_per_kg,,8,nonshadowed,0.023066669604525334,0.023066669604525334,0.0,,
pointwise,madrid_plazamayor,16,total,wbsar_m2_per_kg,,9,nonshadowed,0.022185696265516988,0.022185696265516988,0.0,,
pointwise,madrid_plazamayor,16,total,wbsar_m2_per_kg,,10,nonshadowed,0.021891259750127744,0.021891259750127744,0.0,,
pointwise,madrid_plazamayor,16,total,wbsar_m2_per_kg,,11,nonshadowed,0.021965470564783342,0.021965470564783342,0.0,,
pointwise,madrid_plazamayor,16,total,wbsar_m2_per_kg,,12,nonshadowed,0.020748778024441947,0.020748778024441947,0.0,,
pointwise,madrid_plazamayor,16,total,wbsar_m2_per_kg,,13,nonshadowed,0.019357013578270448,0.019357013578270448,0.0,,
route_quantile,madrid_plazamayor,24,direct,total_transfer_m_inv2,q10,,,0.00025549315855577466,,9.64327466553287e-16,0.00025549315855577466,0.00025549315855577466
route_quantile,madrid_plazamayor,24,direct,total_transfer_m_inv2,q50,,,0.00028316659535745144,,-1.446491199829931e-15,0.00028316659535745144,0.00028316659535745144
route_quantile,madrid_plazamayor,24,direct,total_transfer_m_inv2,q90,,,0.0003102068574176749,,0.0,0.0003102068574176749,0.0003102068574176749
route_quantile,madrid_plazamayor,24,direct,wbsar_m2_per_kg,q10,,,0.014272949471999526,,9.64327466553287e-16,0.014272949471999526,0.014272949471999526
route_quantile,madrid_plazamayor,24,direct,wbsar_m2_per_kg,q50,,,0.015583763953744584,,0.0,0.015583763953744584,0.015583763953744584
route_quantile,madrid_plazamayor,24,direct,wbsar_m2_per_kg,q90,,,0.016459192173236693,,-1.9286549331065747e-15,0.016459192173236693,0.016459192173236693
route_quantile,madrid_plazamayor,24,all_specular,total_transfer_m_inv2,q10,,,0.00010627070601144586,,9.64327466553287e-16,0.00010627070601144586,0.00010627070601144586
route_quantile,madrid_plazamayor,24,all_specular,total_transfer_m_inv2,q50,,,0.00011811003996117177,,0.0,0.00011811003996117177,0.00011811003996117177
route_quantile,madrid_plazamayor,24,all_specular,total_transfer_m_inv2,q90,,,0.00012742196471807638,,9.64327466553287e-16,0.00012742196471807638,0.00012742196471807638
route_quantile,madrid_plazamayor,24,all_specular,wbsar_m2_per_kg,q10,,,0.005980098858054446,,-4.821637332766436e-16,0.005980098858054446,0.005980098858054446
route_quantile,madrid_plazamayor,24,all_specular,wbsar_m2_per_kg,q50,,,0.0067071088292777956,,9.64327466553287e-16,0.0067071088292777956,0.0067071088292777956
route_quantile,madrid_plazamayor,24,all_specular,wbsar_m2_per_kg,q90,,,0.007184914524957294,,-1.9286549331065747e-15,0.007184914524957294,0.007184914524957294
route_quantile,madrid_plazamayor,24,first_diffuse,total_transfer_m_inv2,q10,,,9.988860932522014e-07,,-0.05734163760096569,9.82081608719934e-07,1.0143469278027933e-06
route_quantile,madrid_plazamayor,24,first_diffuse,total_transfer_m_inv2,q50,,,1.2417307721892332e-06,,-0.026748874647620297,1.2316475651221888e-06,1.2603458430822967e-06
route_quantile,madrid_plazamayor,24,first_diffuse,total_transfer_m_inv2,q90,,,1.451003489936065e-06,,-0.029634275096341575,1.431851412269533e-06,1.4742581717415079e-06
route_quantile,madrid_plazamayor,24,first_diffuse,wbsar_m2_per_kg,q10,,,5.153698710437309e-05,,-0.06374675178400079,5.067226955274713e-05,5.253730751668673e-05
route_quantile,madrid_plazamayor,24,first_diffuse,wbsar_m2_per_kg,q50,,,6.352805764215703e-05,,-0.04125484231358819,6.274218326660578e-05,6.462202090465166e-05
route_quantile,madrid_plazamayor,24,first_diffuse,wbsar_m2_per_kg,q90,,,7.732142462817503e-05,,-0.03095189506289673,7.617512760531703e-05,7.851960880207117e-05
route_quantile,madrid_plazamayor,24,total,total_transfer_m_inv2,q10,,,0.0003775588543504011,,-0.0002279368378180891,0.0003775343736631859,0.00037759036877045007
route_quantile,madrid_plazamayor,24,total,total_transfer_m_inv2,q50,,,0.00040453042666115037,,-0.00010938724836744375,0.00040450452131650963,0.0004045638611595265
route_quantile,madrid_plazamayor,24,total,total_transfer_m_inv2,q90,,,0.00042193079450425036,,1.4066279813380302e-05,0.00042191294423039226,0.00042194967892329743
route_quantile,madrid_plazamayor,24,total,wbsar_m2_per_kg,q10,,,0.020912662203981976,,-0.0001312196422263304,0.020911358963656767,0.020914326404096992
route_quantile,madrid_plazamayor,24,total,wbsar_m2_per_kg,q50,,,0.022381341614150223,,5.6317332820810384e-05,0.022380179287134882,0.022382464982258647
route_quantile,madrid_plazamayor,24,total,wbsar_m2_per_kg,q90,,,0.02317071721841431,,-4.1712084058321565e-05,0.023169548831791342,0.023172003221722644
pointwise,madrid_plazamayor,24,total,total_transfer_m_inv2,,0,nonshadowed,0.00040626126761770533,0.00040626608400040225,-5.148696653392458e-05,,
pointwise,madrid_plazamayor,24,total,total_transfer_m_inv2,,1,nonshadowed,0.0003931434193305314,0.0003931305598236524,0.00014205768030218523,,
pointwise,madrid_plazamayor,24,total,total_transfer_m_inv2,,2,nonshadowed,0.0004202912643959298,0.0004202834349884981,8.090342111758596e-05,,
pointwise,madrid_plazamayor,24,total,total_transfer_m_inv2,,3,nonshadowed,0.00042973103706561233,0.0004297489262432307,-0.00018078771951024358,,
pointwise,madrid_plazamayor,24,total,total_transfer_m_inv2,,4,nonshadowed,0.00041338822792706285,0.00041338665209738186,1.655527160831133e-05,,
pointwise,madrid_plazamayor,24,total,total_transfer_m_inv2,,5,nonshadowed,0.00042263345026495916,0.00042263485346634314,-1.4419152246967014e-05,,
pointwise,madrid_plazamayor,24,total,total_transfer_m_inv2,,6,nonshadowed,0.0004027995857045954,0.0004028151476731684,-0.0001677843465276278,,
pointwise,madrid_plazamayor,24,total,total_transfer_m_inv2,,7,nonshadowed,0.0004110526090147642,0.00041105913485727153,-6.89477412747356e-05,,
pointwise,madrid_plazamayor,24,total,total_transfer_m_inv2,,8,nonshadowed,0.0004120830434416512,0.0004120810096798794,2.1433876219977956e-05,,
pointwise,madrid_plazamayor,24,total,total_transfer_m_inv2,,9,nonshadowed,0.00039585031453616003,0.0003958351024943059,0.00016689724717490963,,
pointwise,madrid_plazamayor,24,total,total_transfer_m_inv2,,10,nonshadowed,0.0003904292264421124,0.0003904468994335784,-0.0001965813121798698,,
pointwise,madrid_plazamayor,24,total,total_transfer_m_inv2,,11,nonshadowed,0.0003921955841544184,0.0003921986009906501,-3.340655382351854e-05,,
pointwise,madrid_plazamayor,24,total,total_transfer_m_inv2,,12,nonshadowed,0.00037204298059681057,0.0003720637156985156,-0.00024203895219230412,,
pointwise,madrid_plazamayor,24,total,total_transfer_m_inv2,,13,nonshadowed,0.0003490320980579324,0.00034903187996847496,2.7136494909676897e-06,,
pointwise,madrid_plazamayor,24,total,wbsar_m2_per_kg,,0,nonshadowed,0.022600660439307096,0.02260098444205501,-6.22599491292938e-05,,
pointwise,madrid_plazamayor,24,total,wbsar_m2_per_kg,,1,nonshadowed,0.021297927041986565,0.021297164869264338,0.00015542044526861893,,
pointwise,madrid_plazamayor,24,total,wbsar_m2_per_kg,,2,nonshadowed,0.022304368904884478,0.022303891982781824,9.28638029669637e-05,,
pointwise,madrid_plazamayor,24,total,wbsar_m2_per_kg,,3,nonshadowed,0.02274044864393512,0.022741466386081686,-0.00019436287941539294,,
pointwise,madrid_plazamayor,24,total,wbsar_m2_per_kg,,4,nonshadowed,0.022458314323415964,0.022458210787168493,2.0021682818684695e-05,,
pointwise,madrid_plazamayor,24,total,wbsar_m2_per_kg,,5,nonshadowed,0.023517649588052147,0.023517750597343484,-1.8653090088045404e-05,,
pointwise,madrid_plazamayor,24,total,wbsar_m2_per_kg,,6,nonshadowed,0.02277382897826169,0.0227747793271381,-0.00018122673263700671,,
pointwise,madrid_plazamayor,24,total,wbsar_m2_per_kg,,7,nonshadowed,0.023215273102930697,0.023215626975317687,-6.619937356908676e-05,,
pointwise,madrid_plazamayor,24,total,wbsar_m2_per_kg,,8,nonshadowed,0.023066753487876082,0.023066669604525334,1.5793354974140688e-05,,
pointwise,madrid_plazamayor,24,total,wbsar_m2_per_kg,,9,nonshadowed,0.022186559038985445,0.022185696265516988,0.00016888830822750308,,
pointwise,madrid_plazamayor,24,total,wbsar_m2_per_kg,,10,nonshadowed,0.021890248572688415,0.021891259750127744,-0.00020060925218265034,,
pointwise,madrid_plazamayor,24,total,wbsar_m2_per_kg,,11,nonshadowed,0.02196528980896287,0.021965470564783342,-3.5738628120828024e-05,,
pointwise,madrid_plazamayor,24,total,wbsar_m2_per_kg,,12,nonshadowed,0.02074754870198001,0.020748778024441947,-0.00025731817920894286,,
pointwise,madrid_plazamayor,24,total,wbsar_m2_per_kg,,13,nonshadowed,0.01935703020857793,0.019357013578270448,3.7311786965937097e-06,,
route_quantile,madrid_plazamayor,32,direct,total_transfer_m_inv2,q10,,,0.0002554931585557747,,1.928654933106574e-15,0.0002554931585557747,0.0002554931585557747
route_quantile,madrid_plazamayor,32,direct,total_transfer_m_inv2,q50,,,0.00028316659535745144,,-1.446491199829931e-15,0.00028316659535745144,0.00028316659535745144
route_quantile,madrid_plazamayor,32,direct,total_transfer_m_inv2,q90,,,0.00031020685741767483,,-9.643274665532871e-16,0.00031020685741767483,0.00031020685741767483
route_quantile,madrid_plazamayor,32,direct,wbsar_m2_per_kg,q10,,,0.014272949471999532,,2.8929823996598604e-15,0.014272949471999532,0.014272949471999532
route_quantile,madrid_plazamayor,32,direct,wbsar_m2_per_kg,q50,,,0.015583763953744584,,0.0,0.015583763953744584,0.015583763953744584
route_quantile,madrid_plazamayor,32,direct,wbsar_m2_per_kg,q90,,,0.01645919217323669,,-2.8929823996598624e-15,0.01645919217323669,0.01645919217323669
route_quantile,madrid_plazamayor,32,all_specular,total_transfer_m_inv2,q10,,,0.0001062707060114459,,2.8929823996598604e-15,0.0001062707060114459,0.0001062707060114459
route_quantile,madrid_plazamayor,32,all_specular,total_transfer_m_inv2,q50,,,0.00011811003996117177,,0.0,0.00011811003996117177,0.00011811003996117177
route_quantile,madrid_plazamayor,32,all_specular,total_transfer_m_inv2,q90,,,0.00012742196471807638,,9.64327466553287e-16,0.00012742196471807638,0.00012742196471807638
route_quantile,madrid_plazamayor,32,all_specular,wbsar_m2_per_kg,q10,,,0.005980098858054445,,-1.446491199829931e-15,0.005980098858054445,0.005980098858054445
route_quantile,madrid_plazamayor,32,all_specular,wbsar_m2_per_kg,q50,,,0.006707108829277797,,1.928654933106574e-15,0.006707108829277797,0.006707108829277797
route_quantile,madrid_plazamayor,32,all_specular,wbsar_m2_per_kg,q90,,,0.007184914524957292,,-3.85730986621315e-15,0.007184914524957292,0.007184914524957292
route_quantile,madrid_plazamayor,32,first_diffuse,total_transfer_m_inv2,q10,,,1.0050078114399398e-06,,-0.030806932414651485,9.88356093940458e-07,1.0207244045026622e-06
route_quantile,madrid_plazamayor,32,first_diffuse,total_transfer_m_inv2,q50,,,1.2430704067453577e-06,,-0.02206603759173939,1.2329450395226169e-06,1.2583343492402798e-06
route_quantile,madrid_plazamayor,32,first_diffuse,total_transfer_m_inv2,q90,,,1.4419150238319647e-06,,-0.056922175843491254,1.42419676671458e-06,1.462605908867176e-06
route_quantile,madrid_plazamayor,32,first_diffuse,wbsar_m2_per_kg,q10,,,5.187385147276589e-05,,-0.03545206704066519,5.1038076959746696e-05,5.2889922269101686e-05
route_quantile,madrid_plazamayor,32,first_diffuse,wbsar_m2_per_kg,q50,,,6.373240231460908e-05,,-0.027307723160525092,6.299604681792008e-05,6.462191625797852e-05
route_quantile,madrid_plazamayor,32,first_diffuse,wbsar_m2_per_kg,q90,,,7.67621921861345e-05,,-0.06247667818087761,7.572642908188645e-05,7.790111024921018e-05
route_quantile,madrid_plazamayor,32,total,total_transfer_m_inv2,q10,,,0.0003775663122948871,,-0.00014215121498926207,0.00037754553257735544,0.0003775907968282312
route_quantile,madrid_plazamayor,32,total,total_transfer_m_inv2,q50,,,0.0004045315709272034,,-9.710269083974525e-05,0.0004045088983566151,0.00040456098635241765
route_quantile,madrid_plazamayor,32,total,total_transfer_m_inv2,q90,,,0.00042192914167579765,,-2.9463604542805417e-06,0.00042191201445622206,0.0004219475151969305
route_quantile,madrid_plazamayor,32,total,wbsar_m2_per_kg,q10,,,0.020912959731393264,,-6.943238983860787e-05,0.02091184832770274,0.020914264203438074
route_quantile,madrid_plazamayor,32,total,wbsar_m2_per_kg,q50,,,0.022380900969706557,,-2.9187520968859093e-05,0.02237983094016066,0.022382009997355855
route_quantile,madrid_plazamayor,32,total,wbsar_m2_per_kg,q90,,,0.023170158527474567,,-0.00014643017076943372,0.023169115234289498,0.023171204902282177
pointwise,madrid_plazamayor,32,total,total_transfer_m_inv2,,0,nonshadowed,0.0004062650978227358,0.00040626608400040225,-1.0542155877803842e-05,,
pointwise,madrid_plazamayor,32,total,total_transfer_m_inv2,,1,nonshadowed,0.0003931455382644945,0.0003931305598236524,0.0001654648849649113,,
pointwise,madrid_plazamayor,32,total,total_transfer_m_inv2,,2,nonshadowed,0.0004202887188300035,0.0004202834349884981,5.459955337896388e-05,,
pointwise,madrid_plazamayor,32,total,total_transfer_m_inv2,,3,nonshadowed,0.00042971987480527597,0.0004297489262432307,-0.0002935971424327065,,
pointwise,madrid_plazamayor,32,total,total_transfer_m_inv2,,4,nonshadowed,0.00041337529218493055,0.00041338665209738186,-0.00011934625987434839,,
pointwise,madrid_plazamayor,32,total,total_transfer_m_inv2,,5,nonshadowed,0.0004226321800382809,0.00042263485346634314,-2.74719114596714e-05,,
pointwise,madrid_plazamayor,32,total,total_transfer_m_inv2,,6,nonshadowed,0.000402798044031671,0.0004028151476731684,-0.00018440654151099018,,
pointwise,madrid_plazamayor,32,total,total_transfer_m_inv2,,7,nonshadowed,0.00041104440931761675,0.00041105913485727153,-0.00015558187678723116,,
pointwise,madrid_plazamayor,32,total,total_transfer_m_inv2,,8,nonshadowed,0.000412072051070462,0.0004120810096798794,-9.441631223465087e-05,,
pointwise,madrid_plazamayor,32,total,total_transfer_m_inv2,,9,nonshadowed,0.00039585981659167176,0.0003958351024943059,0.0002711447517458333,,
pointwise,madrid_plazamayor,32,total,total_transfer_m_inv2,,10,nonshadowed,0.00039043760803969963,0.0003904468994335784,-0.00010334949796856526,,
pointwise,madrid_plazamayor,32,total,total_transfer_m_inv2,,11,nonshadowed,0.00039219643282067365,0.0003921986009906501,-2.400892958295322e-05,,
pointwise,madrid_plazamayor,32,total,total_transfer_m_inv2,,12,nonshadowed,0.0003720500426899674,0.0003720637156985156,-0.00015960226772373753,,
pointwise,madrid_plazamayor,32,total,total_transfer_m_inv2,,13,nonshadowed,0.00034903288901689183,0.00034903187996847496,1.2555401128259085e-05,,
pointwise,madrid_plazamayor,32,total,wbsar_m2_per_kg,,0,nonshadowed,0.022600861755180512,0.02260098444205501,-2.3575246181377506e-05,,
pointwise,madrid_plazamayor,32,total,wbsar_m2_per_kg,,1,nonshadowed,0.021298064133975034,0.021297164869264338,0.00018337532668482944,,
pointwise,madrid_plazamayor,32,total,wbsar_m2_per_kg,,2,nonshadowed,0.02230421509341668,0.022303891982781824,6.291464711796658e-05,,
pointwise,madrid_plazamayor,32,total,wbsar_m2_per_kg,,3,nonshadowed,0.022739802721331852,0.022741466386081686,-0.00031772218985607264,,
pointwise,madrid_plazamayor,32,total,wbsar_m2_per_kg,,4,nonshadowed,0.022457586845996434,0.022458210787168493,-0.00012065875364716232,,
pointwise,madrid_plazamayor,32,total,wbsar_m2_per_kg,,5,nonshadowed,0.023517610391718877,0.023517750597343484,-2.5891383766693398e-05,,
pointwise,madrid_plazamayor,32,total,wbsar_m2_per_kg,,6,nonshadowed,0.02277373582956113,0.0227747793271381,-0.00019899012649582143,,
pointwise,madrid_plazamayor,32,total,wbsar_m2_per_kg,,7,nonshadowed,0.023214751023414894,0.023215626975317687,-0.0001638673188712533,,
pointwise,madrid_plazamayor,32,total,wbsar_m2_per_kg,,8,nonshadowed,0.02306610937028047,0.023066669604525334,-0.00010548102522144589,,
pointwise,madrid_plazamayor,32,total,wbsar_m2_per_kg,,9,nonshadowed,0.022187076888761766,0.022185696265516988,0.00027025448912284524,,
pointwise,madrid_plazamayor,32,total,wbsar_m2_per_kg,,10,nonshadowed,0.021890725407327352,0.021891259750127744,-0.00010600804364265215,,
pointwise,madrid_plazamayor,32,total,wbsar_m2_per_kg,,11,nonshadowed,0.02196530007603334,0.021965470564783342,-3.370863851147479e-05,,
pointwise,madrid_plazamayor,32,total,wbsar_m2_per_kg,,12,nonshadowed,0.020747914987429648,0.020748778024441947,-0.00018064678651219805,,
pointwise,madrid_plazamayor,32,total,wbsar_m2_per_kg,,13,nonshadowed,0.01935707261247319,0.019357013578270448,1.3244909549631789e-05,,
route_quantile,madrid_plazamayor,48,direct,total_transfer_m_inv2,q10,,,0.00025549315855577455,,-9.643274665532871e-16,0.00025549315855577455,0.00025549315855577455
route_quantile,madrid_plazamayor,48,direct,total_transfer_m_inv2,q50,,,0.00028316659535745144,,-1.446491199829931e-15,0.00028316659535745144,0.00028316659535745144
route_quantile,madrid_plazamayor,48,direct,total_transfer_m_inv2,q90,,,0.00031020685741767467,,-2.8929823996598624e-15,0.00031020685741767467,0.00031020685741767467
route_quantile,madrid_plazamayor,48,direct,wbsar_m2_per_kg,q10,,,0.014272949471999535,,3.857309866213147e-15,0.014272949471999535,0.014272949471999535
route_quantile,madrid_plazamayor,48,direct,wbsar_m2_per_kg,q50,,,0.015583763953744592,,2.8929823996598604e-15,0.015583763953744592,0.015583763953744592
route_quantile,madrid_plazamayor,48,direct,wbsar_m2_per_kg,q90,,,0.016459192173236697,,-9.643274665532871e-16,0.016459192173236697,0.016459192173236697
route_quantile,madrid_plazamayor,48,all_specular,total_transfer_m_inv2,q10,,,0.00010627070601144592,,2.8929823996598604e-15,0.00010627070601144592,0.00010627070601144592
route_quantile,madrid_plazamayor,48,all_specular,total_transfer_m_inv2,q50,,,0.00011811003996117177,,0.0,0.00011811003996117177,0.00011811003996117177
route_quantile,madrid_plazamayor,48,all_specular,total_transfer_m_inv2,q90,,,0.00012742196471807638,,9.64327466553287e-16,0.00012742196471807638,0.00012742196471807638
route_quantile,madrid_plazamayor,48,all_specular,wbsar_m2_per_kg,q10,,,0.005980098858054446,,-4.821637332766436e-16,0.005980098858054446,0.005980098858054446
route_quantile,madrid_plazamayor,48,all_specular,wbsar_m2_per_kg,q50,,,0.006707108829277799,,2.8929823996598604e-15,0.006707108829277799,0.006707108829277799
route_quantile,madrid_plazamayor,48,all_specular,wbsar_m2_per_kg,q90,,,0.007184914524957292,,-3.85730986621315e-15,0.007184914524957292,0.007184914524957292
route_quantile,madrid_plazamayor,48,first_diffuse,total_transfer_m_inv2,q10,,,9.94396464909267e-07,,-0.07690558857665061,9.845905861134126e-07,1.009749117236795e-06
route_quantile,madrid_plazamayor,48,first_diffuse,total_transfer_m_inv2,q50,,,1.247964497102746e-06,,-0.005001008373292201,1.237478227389237e-06,1.2631308059417326e-06
route_quantile,madrid_plazamayor,48,first_diffuse,total_transfer_m_inv2,q90,,,1.4425647713312671e-06,,-0.05496562368581384,1.4247270928059918e-06,1.4613905196383904e-06
route_quantile,madrid_plazamayor,48,first_diffuse,wbsar_m2_per_kg,q10,,,5.162304936307253e-05,,-0.05650046261924661,5.099637266691373e-05,5.244042553161331e-05
route_quantile,madrid_plazamayor,48,first_diffuse,wbsar_m2_per_kg,q50,,,6.403222480152982e-05,,-0.006924696405756665,6.324468635106858e-05,6.492767713996611e-05
route_quantile,madrid_plazamayor,48,first_diffuse,wbsar_m2_per_kg,q90,,,7.678842484541961e-05,,-0.060992776715126,7.572238667433738e-05,7.790645192814066e-05
route_quantile,madrid_plazamayor,48,total,total_transfer_m_inv2,q10,,,0.00037756571250164596,,-0.00014905032365786848,0.000377547507971712,0.00037758709925186056
route_quantile,madrid_plazamayor,48,total,total_transfer_m_inv2,q50,,,0.0004045293851476395,,-0.00012056871020721235,0.000404512981732391,0.00040454819502826547
route_quantile,madrid_plazamayor,48,total,total_transfer_m_inv2,q90,,,0.0004219228945611722,,-6.72488043237131e-05,0.0004219084340580392,0.00042193832114702993
route_quantile,madrid_plazamayor,48,total,wbsar_m2_per_kg,q10,,,0.020913027330766467,,-5.539421079032514e-05,0.02091201137545922,0.020914147599377163
route_quantile,madrid_plazamayor,48,total,wbsar_m2_per_kg,q50,,,0.02238082966161574,,-4.3024658148352454e-05,0.022379979096807202,0.0223818249607583
route_quantile,madrid_plazamayor,48,total,wbsar_m2_per_kg,q90,,,0.02317046687468877,,-8.863488100888318e-05,0.02316948548555818,0.023171468731757596
pointwise,madrid_plazamayor,48,total,total_transfer_m_inv2,,0,nonshadowed,0.0004062613895827575,0.00040626608400040225,-5.018315675900366e-05,,
pointwise,madrid_plazamayor,48,total,total_transfer_m_inv2,,1,nonshadowed,0.00039313817997120706,0.0003931305598236524,8.417956525297485e-05,,
pointwise,madrid_plazamayor,48,total,total_transfer_m_inv2,,2,nonshadowed,0.0004202809850555641,0.0004202834349884981,-2.531614065232509e-05,,
pointwise,madrid_plazamayor,48,total,total_transfer_m_inv2,,3,nonshadowed,0.0004297077765034991,0.0004297489262432307,-0.0004158698129580103,,
pointwise,madrid_plazamayor,48,total,total_transfer_m_inv2,,4,nonshadowed,0.0004133798951659133,0.00041338665209738186,-7.098734367451401e-05,,
pointwise,madrid_plazamayor,48,total,total_transfer_m_inv2,,5,nonshadowed,0.00042262657006357567,0.00042263485346634314,-8.512008269334045e-05,,
pointwise,madrid_plazamayor,48,total,total_transfer_m_inv2,,6,nonshadowed,0.0004027973807125215,0.0004028151476731684,-0.00019155841545436588,,
pointwise,madrid_plazamayor,48,total,total_transfer_m_inv2,,7,nonshadowed,0.00041105052251480577,0.00041105913485727153,-9.09925525322911e-05,,
pointwise,madrid_plazamayor,48,total,total_transfer_m_inv2,,8,nonshadowed,0.00041207600716301756,0.0004120810096798794,-5.2722125137945634e-05,,
pointwise,madrid_plazamayor,48,total,total_transfer_m_inv2,,9,nonshadowed,0.000395866026197572,0.0003958351024943059,0.0003392692825254874,,
pointwise,madrid_plazamayor,48,total,total_transfer_m_inv2,,10,nonshadowed,0.0003904246070442852,0.0003904468994335784,-0.00024796555081888383,,
pointwise,madrid_plazamayor,48,total,total_transfer_m_inv2,,11,nonshadowed,0.00039219139732153875,0.0003921986009906501,-7.976934309075068e-05,,
pointwise,madrid_plazamayor,48,total,total_transfer_m_inv2,,12,nonshadowed,0.00037205475769765773,0.0003720637156985156,-0.00010456427251096114,,
pointwise,madrid_plazamayor,48,total,total_transfer_m_inv2,,13,nonshadowed,0.0003490379621899163,0.00034903187996847496,7.5679396249987e-05,,
pointwise,madrid_plazamayor,48,total,wbsar_m2_per_kg,,0,nonshadowed,0.022600665012143865,0.02260098444205501,-6.138123251836968e-05,,
pointwise,madrid_plazamayor,48,total,wbsar_m2_per_kg,,1,nonshadowed,0.02129761595986802,0.021297164869264338,9.198599274901225e-05,,
pointwise,madrid_plazamayor,48,total,wbsar_m2_per_kg,,2,nonshadowed,0.022303768887439915,0.022303891982781824,-2.3968810153566254e-05,,
pointwise,madrid_plazamayor,48,total,wbsar_m2_per_kg,,3,nonshadowed,0.02273905881214093,0.022741466386081686,-0.0004597994740227619,,
pointwise,madrid_plazamayor,48,total,wbsar_m2_per_kg,,4,nonshadowed,0.02245789043579156,0.022458210787168493,-6.194964900591479e-05,,
pointwise,madrid_plazamayor,48,total,wbsar_m2_per_kg,,5,nonshadowed,0.023517280441716443,0.023517750597343484,-8.682294449717397e-05,,
pointwise,madrid_plazamayor,48,total,wbsar_m2_per_kg,,6,nonshadowed,0.02277369682549035,0.0227747793271381,-0.00020642819785317792,,
pointwise,madrid_plazamayor,48,total,wbsar_m2_per_kg,,7,nonshadowed,0.023215107316867118,0.023215626975317687,-9.721353797489103e-05,,
pointwise,madrid_plazamayor,48,total,wbsar_m2_per_kg,,8,nonshadowed,0.023066305842939287,0.023066669604525334,-6.848881868965125e-05,,
pointwise,madrid_plazamayor,48,total,wbsar_m2_per_kg,,9,nonshadowed,0.02218743698008095,0.022185696265516988,0.00034073894484790677,,
pointwise,madrid_plazamayor,48,total,wbsar_m2_per_kg,,10,nonshadowed,0.02188997748618768,0.021891259750127744,-0.0002543921500744964,,
pointwise,madrid_plazamayor,48,total,wbsar_m2_per_kg,,11,nonshadowed,0.02196502332842867,0.021965470564783342,-8.842708730736438e-05,,
pointwise,madrid_plazamayor,48,total,wbsar_m2_per_kg,,12,nonshadowed,0.02074820363258009,0.020748778024441947,-0.00012022812556958999,,
pointwise,madrid_plazamayor,48,total,wbsar_m2_per_kg,,13,nonshadowed,0.019357383612296587,0.019357013578270448,8.302014099967868e-05,,
route_quantile,madrid_plazamayor,64,direct,total_transfer_m_inv2,q10,,,0.00025549315855577455,,-9.643274665532871e-16,0.00025549315855577455,0.00025549315855577455
route_quantile,madrid_plazamayor,64,direct,total_transfer_m_inv2,q50,,,0.00028316659535745155,,0.0,0.00028316659535745155,0.00028316659535745155
route_quantile,madrid_plazamayor,64,direct,total_transfer_m_inv2,q90,,,0.0003102068574176746,,-3.85730986621315e-15,0.0003102068574176746,0.0003102068574176746
route_quantile,madrid_plazamayor,64,direct,wbsar_m2_per_kg,q10,,,0.014272949471999535,,3.857309866213147e-15,0.014272949471999535,0.014272949471999535
route_quantile,madrid_plazamayor,64,direct,wbsar_m2_per_kg,q50,,,0.015583763953744598,,3.857309866213147e-15,0.015583763953744598,0.015583763953744598
route_quantile,madrid_plazamayor,64,direct,wbsar_m2_per_kg,q90,,,0.016459192173236697,,-9.643274665532871e-16,0.016459192173236697,0.016459192173236697
route_quantile,madrid_plazamayor,64,all_specular,total_transfer_m_inv2,q10,,,0.00010627070601144593,,3.857309866213147e-15,0.00010627070601144593,0.00010627070601144593
route_quantile,madrid_plazamayor,64,all_specular,total_transfer_m_inv2,q50,,,0.00011811003996117177,,0.0,0.00011811003996117177,0.00011811003996117177
route_quantile,madrid_plazamayor,64,all_specular,total_transfer_m_inv2,q90,,,0.0001274219647180764,,1.928654933106574e-15,0.0001274219647180764,0.0001274219647180764
route_quantile,madrid_plazamayor,64,all_specular,wbsar_m2_per_kg,q10,,,0.00598009885805445,,2.8929823996598604e-15,0.00598009885805445,0.00598009885805445
route_quantile,madrid_plazamayor,64,all_specular,wbsar_m2_per_kg,q50,,,0.0067071088292778,,2.8929823996598604e-15,0.0067071088292778,0.0067071088292778
route_quantile,madrid_plazamayor,64,all_specular,wbsar_m2_per_kg,q90,,,0.007184914524957292,,-3.85730986621315e-15,0.007184914524957292,0.007184914524957292
route_quantile,madrid_plazamayor,64,first_diffuse,total_transfer_m_inv2,q10,,,9.981945360077875e-07,,-0.06034942309318496,9.863606356762478e-07,1.008464115087819e-06
route_quantile,madrid_plazamayor,64,first_diffuse,total_transfer_m_inv2,q50,,,1.247593943255601e-06,,-0.0062907356715454325,1.237051713296698e-06,1.2619192944480286e-06
route_quantile,madrid_plazamayor,64,first_diffuse,total_transfer_m_inv2,q90,,,1.4374262467297633e-06,,-0.07046313901586393,1.4233610651737884e-06,1.4567826781162917e-06
route_quantile,madrid_plazamayor,64,first_diffuse,wbsar_m2_per_kg,q10,,,5.146251784370487e-05,,-0.07002670325198446,5.1040585645264684e-05,5.225251027988442e-05
route_quantile,madrid_plazamayor,64,first_diffuse,wbsar_m2_per_kg,q50,,,6.401428755005887e-05,,-0.008141449481219636,6.324482653643925e-05,6.488167346719266e-05
route_quantile,madrid_plazamayor,64,first_diffuse,wbsar_m2_per_kg,q90,,,7.649220543234493e-05,,-0.07777853972366322,7.56209158292714e-05,7.764554575095568e-05
route_quantile,madrid_plazamayor,64,total,total_transfer_m_inv2,q10,,,0.00037756768885713663,,-0.00012631737919157265,0.0003775524331296192,0.00037758468670336906
route_quantile,madrid_plazamayor,64,total,total_transfer_m_inv2,q50,,,0.0004045279389021355,,-0.0001360953341730175,0.0004045133265713397,0.0004045429881224704
route_quantile,madrid_plazamayor,64,total,total_transfer_m_inv2,q90,,,0.00042192063685409723,,-9.04879402038859e-05,0.000421909049135255,0.00042193215360785996
route_quantile,madrid_plazamayor,64,total,wbsar_m2_per_kg,q10,,,0.020912997730475873,,-6.154121751581767e-05,0.020912133446803,0.020913953922921395
route_quantile,madrid_plazamayor,64,total,wbsar_m2_per_kg,q50,,,0.02238111794268595,,1.2915212537289181e-05,0.022380286339798935,0.022382041023945396
route_quantile,madrid_plazamayor,64,total,wbsar_m2_per_kg,q90,,,0.023170345268216663,,-0.00011142818883337689,0.023169437424637857,0.023171386714994906
pointwise,madrid_plazamayor,64,total,total_transfer_m_inv2,,0,nonshadowed,0.00040626239575967417,0.00040626608400040225,-3.94271126745156e-05,,
pointwise,madrid_plazamayor,64,total,total_transfer_m_inv2,,1,nonshadowed,0.0003931382648442389,0.0003931305598236524,8.511714616706546e-05,,
pointwise,madrid_plazamayor,64,total,total_transfer_m_inv2,,2,nonshadowed,0.00042028699122218134,0.0004202834349884981,3.6747727896339475e-05,,
pointwise,madrid_plazamayor,64,total,total_transfer_m_inv2,,3,nonshadowed,0.0004296977375414325,0.0004297489262432307,-0.000517332178710275,,
pointwise,madrid_plazamayor,64,total,total_transfer_m_inv2,,4,nonshadowed,0.00041338341136648636,0.00041338665209738186,-3.4046504764892426e-05,,
pointwise,madrid_plazamayor,64,total,total_transfer_m_inv2,,5,nonshadowed,0.00042262077069634687,0.00042263485346634314,-0.00014471525831998496,,
pointwise,madrid_plazamayor,64,total,total_transfer_m_inv2,,6,nonshadowed,0.0004027934820445969,0.0004028151476731684,-0.00023359389635928176,,
pointwise,madrid_plazamayor,64,total,total_transfer_m_inv2,,7,nonshadowed,0.0004110474841776893,0.00041105913485727153,-0.0001230941519305226,,
pointwise,madrid_plazamayor,64,total,total_transfer_m_inv2,,8,nonshadowed,0.0004120748469585618,0.0004120810096798794,-6.494975046908797e-05,,
pointwise,madrid_plazamayor,64,total,total_transfer_m_inv2,,9,nonshadowed,0.00039586533116569536,0.0003958351024943059,0.00033164425906378407,,
pointwise,madrid_plazamayor,64,total,total_transfer_m_inv2,,10,nonshadowed,0.000390433506460933,0.0003904468994335784,-0.00014897272547357958,,
pointwise,madrid_plazamayor,64,total,total_transfer_m_inv2,,11,nonshadowed,0.0003921832922530222,0.0003921986009906501,-0.00016952202325997855,,
pointwise,madrid_plazamayor,64,total,total_transfer_m_inv2,,12,nonshadowed,0.0003720537670269382,0.0003720637156985156,-0.000116128253102533,,
pointwise,madrid_plazamayor,64,total,total_transfer_m_inv2,,13,nonshadowed,0.0003490382117529417,0.00034903187996847496,7.878461166560025e-05,,
pointwise,madrid_plazamayor,64,total,wbsar_m2_per_kg,,0,nonshadowed,0.02260070719718084,0.02260098444205501,-5.327496145580114e-05,,
pointwise,madrid_plazamayor,64,total,wbsar_m2_per_kg,,1,nonshadowed,0.02129762125541622,0.021297164869264338,9.306584463503618e-05,,
pointwise,madrid_plazamayor,64,total,wbsar_m2_per_kg,,2,nonshadowed,0.022304125362825222,0.022303891982781824,4.544280201947462e-05,,
pointwise,madrid_plazamayor,64,total,wbsar_m2_per_kg,,3,nonshadowed,0.022738434758380208,0.022741466386081686,-0.0005789894660081882,,
pointwise,madrid_plazamayor,64,total,wbsar_m2_per_kg,,4,nonshadowed,0.02245811052254668,0.022458210787168493,-1.938910877549335e-05,,
pointwise,madrid_plazamayor,64,total,wbsar_m2_per_kg,,5,nonshadowed,0.023516940404024467,0.023517750597343484,-0.00014961828398066853,,
pointwise,madrid_plazamayor,64,total,wbsar_m2_per_kg,,6,nonshadowed,0.022773468650293123,0.0227747793271381,-0.00024994143430964727,,
pointwise,madrid_plazamayor,64,total,wbsar_m2_per_kg,,7,nonshadowed,0.02321495159788875,0.023215626975317687,-0.00012634462012928808,,
pointwise,madrid_plazamayor,64,total,wbsar_m2_per_kg,,8,nonshadowed,0.023066263832315123,0.023066669604525334,-7.639862401100726e-05,,
pointwise,madrid_plazamayor,64,total,wbsar_m2_per_kg,,9,nonshadowed,0.02218739118167094,0.022185696265516988,0.00033177440455741704,,
pointwise,madrid_plazamayor,64,total,wbsar_m2_per_kg,,10,nonshadowed,0.021890452469133303,0.021891259750127744,-0.00016015713570788912,,
pointwise,madrid_plazamayor,64,total,wbsar_m2_per_kg,,11,nonshadowed,0.021964565819722594,0.021965470564783342,-0.000178887075816864,,
pointwise,madrid_plazamayor,64,total,wbsar_m2_per_kg,,12,nonshadowed,0.02074815907693001,0.020748778024441947,-0.0001295543757291992,,
pointwise,madrid_plazamayor,64,total,wbsar_m2_per_kg,,13,nonshadowed,0.019357392293443725,0.019357013578270448,8.496780785772803e-05,,
route_quantile,mexico_zocalo,16,direct,total_transfer_m_inv2,q10,,,0.0,,,0.0,0.0
route_quantile,mexico_zocalo,16,direct,total_transfer_m_inv2,q50,,,0.0018464870451024218,,0.0,0.0018464870451024218,0.0018464870451024218
route_quantile,mexico_zocalo,16,direct,total_transfer_m_inv2,q90,,,0.004981197497570895,,0.0,0.004981197497570895,0.004981197497570895
route_quantile,mexico_zocalo,16,direct,wbsar_m2_per_kg,q10,,,0.0,,,0.0,0.0
route_quantile,mexico_zocalo,16,direct,wbsar_m2_per_kg,q50,,,0.10610924193495365,,0.0,0.10610924193495365,0.10610924193495365
route_quantile,mexico_zocalo,16,direct,wbsar_m2_per_kg,q90,,,0.25694646632840945,,0.0,0.25694646632840945,0.25694646632840945
route_quantile,mexico_zocalo,16,all_specular,total_transfer_m_inv2,q10,,,0.0,,,0.0,0.0
route_quantile,mexico_zocalo,16,all_specular,total_transfer_m_inv2,q50,,,0.0003590376025095653,,0.0,0.0003590376025095653,0.0003590376025095653
route_quantile,mexico_zocalo,16,all_specular,total_transfer_m_inv2,q90,,,0.0004554632817906175,,0.0,0.0004554632817906175,0.0004554632817906175
route_quantile,mexico_zocalo,16,all_specular,wbsar_m2_per_kg,q10,,,0.0,,,0.0,0.0
route_quantile,mexico_zocalo,16,all_specular,wbsar_m2_per_kg,q50,,,0.02040715197300342,,0.0,0.02040715197300342,0.02040715197300342
route_quantile,mexico_zocalo,16,all_specular,wbsar_m2_per_kg,q90,,,0.02508157339705426,,0.0,0.02508157339705426,0.02508157339705426
route_quantile,mexico_zocalo,16,first_diffuse,total_transfer_m_inv2,q10,,,1.888058804167376e-08,,0.0,1.765292184762715e-08,2.01779560275484e-08
route_quantile,mexico_zocalo,16,first_diffuse,total_transfer_m_inv2,q50,,,2.919286311022231e-05,,0.0,2.8948982788966485e-05,2.945034861816274e-05
route_quantile,mexico_zocalo,16,first_diffuse,total_transfer_m_inv2,q90,,,0.00012453825463920162,,0.0,0.00012254409997629678,0.0001266506146778767
route_quantile,mexico_zocalo,16,first_diffuse,wbsar_m2_per_kg,q10,,,9.92187947769122e-07,,0.0,9.27936029624706e-07,1.058828840187407e-06
route_quantile,mexico_zocalo,16,first_diffuse,wbsar_m2_per_kg,q50,,,0.0011535044837145017,,0.0,0.0011443929129996925,0.0011635736274926848
route_quantile,mexico_zocalo,16,first_diffuse,wbsar_m2_per_kg,q90,,,0.006287622449342475,,0.0,0.006180320737225858,0.006395510740297016
route_quantile,mexico_zocalo,16,total,total_transfer_m_inv2,q10,,,1.888058804167376e-08,,0.0,1.765292184762715e-08,2.01779560275484e-08
route_quantile,mexico_zocalo,16,total,total_transfer_m_inv2,q50,,,0.002262230065020727,,0.0,0.0022621310848227865,0.0022623730655324404
route_quantile,mexico_zocalo,16,total,total_transfer_m_inv2,q90,,,0.005799301063269356,,0.0,0.0057982352572477245,0.005800426047607677
route_quantile,mexico_zocalo,16,total,wbsar_m2_per_kg,q10,,,9.92187947769122e-07,,0.0,9.27936029624706e-07,1.058828840187407e-06
route_quantile,mexico_zocalo,16,total,wbsar_m2_per_kg,q50,,,0.12906154022429828,,0.0,0.1290553589129773,0.12907056347740817
route_quantile,mexico_zocalo,16,total,wbsar_m2_per_kg,q90,,,0.2957983257792987,,0.0,0.2957540419663377,0.2958441998567081
pointwise,mexico_zocalo,16,total,total_transfer_m_inv2,,0,shadow,1.497331958219345e-08,1.497331958219345e-08,0.0,,
pointwise,mexico_zocalo,16,total,total_transfer_m_inv2,,1,shadow,1.888058804167376e-08,1.888058804167376e-08,0.0,,
pointwise,mexico_zocalo,16,total,total_transfer_m_inv2,,2,nonshadowed,0.001471765672604589,0.001471765672604589,0.0,,
pointwise,mexico_zocalo,16,total,total_transfer_m_inv2,,3,shadow,0.00010781609538746802,0.00010781609538746802,0.0,,
pointwise,mexico_zocalo,16,total,total_transfer_m_inv2,,4,nonshadowed,0.004284395292829854,0.004284395292829854,0.0,,
pointwise,mexico_zocalo,16,total,total_transfer_m_inv2,,5,nonshadowed,0.002749388257628641,0.002749388257628641,0.0,,
pointwise,mexico_zocalo,16,total,total_transfer_m_inv2,,6,nonshadowed,0.002262230065020727,0.002262230065020727,0.0,,
pointwise,mexico_zocalo,16,total,total_transfer_m_inv2,,7,nonshadowed,0.0017796375309440495,0.0017796375309440495,0.0,,
pointwise,mexico_zocalo,16,total,total_transfer_m_inv2,,8,nonshadowed,0.012653746683857627,0.012653746683857627,0.0,,
pointwise,mexico_zocalo,16,total,total_transfer_m_inv2,,9,nonshadowed,0.005799301063269356,0.005799301063269356,0.0,,
pointwise,mexico_zocalo,16,total,total_transfer_m_inv2,,10,nonshadowed,0.003744169158601193,0.003744169158601193,0.0,,
pointwise,mexico_zocalo,16,total,wbsar_m2_per_kg,,0,shadow,8.725273011860085e-07,8.725273011860085e-07,0.0,,
pointwise,mexico_zocalo,16,total,wbsar_m2_per_kg,,1,shadow,9.92187947769122e-07,9.92187947769122e-07,0.0,,
pointwise,mexico_zocalo,16,total,wbsar_m2_per_kg,,2,nonshadowed,0.07169663460596802,0.07169663460596802,0.0,,
pointwise,mexico_zocalo,16,total,wbsar_m2_per_kg,,3,shadow,0.004401596762875137,0.004401596762875137,0.0,,
pointwise,mexico_zocalo,16,total,wbsar_m2_per_kg,,4,nonshadowed,0.17114333991246344,0.17114333991246344,0.0,,
pointwise,mexico_zocalo,16,total,wbsar_m2_per_kg,,5,nonshadowed,0.14841399586940965,0.14841399586940965,0.0,,
pointwise,mexico_zocalo,16,total,wbsar_m2_per_kg,,6,nonshadowed,0.12906154022429828,0.12906154022429828,0.0,,
pointwise,mexico_zocalo,16,total,wbsar_m2_per_kg,,7,nonshadowed,0.10341770483547819,0.10341770483547819,0.0,,
pointwise,mexico_zocalo,16,total,wbsar_m2_per_kg,,8,nonshadowed,0.75462157448218,0.75462157448218,0.0,,
pointwise,mexico_zocalo,16,total,wbsar_m2_per_kg,,9,nonshadowed,0.2957983257792987,0.2957983257792987,0.0,,
pointwise,mexico_zocalo,16,total,wbsar_m2_per_kg,,10,nonshadowed,0.2037647521400224,0.2037647521400224,0.0,,
route_quantile,mexico_zocalo,24,direct,total_transfer_m_inv2,q10,,,0.0,,,0.0,0.0
route_quantile,mexico_zocalo,24,direct,total_transfer_m_inv2,q50,,,0.001846487045102422,,9.64327466553287e-16,0.001846487045102422,0.001846487045102422
route_quantile,mexico_zocalo,24,direct,total_transfer_m_inv2,q90,,,0.004981197497570895,,0.0,0.004981197497570895,0.004981197497570895
route_quantile,mexico_zocalo,24,direct,wbsar_m2_per_kg,q10,,,0.0,,,0.0,0.0
route_quantile,mexico_zocalo,24,direct,wbsar_m2_per_kg,q50,,,0.10610924193495369,,1.928654933106574e-15,0.10610924193495369,0.10610924193495369
route_quantile,mexico_zocalo,24,direct,wbsar_m2_per_kg,q90,,,0.25694646632840956,,1.928654933106574e-15,0.25694646632840956,0.25694646632840956
route_quantile,mexico_zocalo,24,all_specular,total_transfer_m_inv2,q10,,,0.0,,,0.0,0.0
route_quantile,mexico_zocalo,24,all_specular,total_transfer_m_inv2,q50,,,0.0003590376025095654,,9.64327466553287e-16,0.0003590376025095654,0.0003590376025095654
route_quantile,mexico_zocalo,24,all_specular,total_transfer_m_inv2,q90,,,0.0004554632817906177,,1.928654933106574e-15,0.0004554632817906177,0.0004554632817906177
route_quantile,mexico_zocalo,24,all_specular,wbsar_m2_per_kg,q10,,,0.0,,,0.0,0.0
route_quantile,mexico_zocalo,24,all_specular,wbsar_m2_per_kg,q50,,,0.020407151973003416,,-9.643274665532871e-16,0.020407151973003416,0.020407151973003416
route_quantile,mexico_zocalo,24,all_specular,wbsar_m2_per_kg,q90,,,0.025081573397054264,,9.64327466553287e-16,0.025081573397054264,0.025081573397054264
route_quantile,mexico_zocalo,24,first_diffuse,total_transfer_m_inv2,q10,,,1.9628592604468684e-08,,0.1687364483225365,1.838426734624717e-08,2.1086582856368605e-08
route_quantile,mexico_zocalo,24,first_diffuse,total_transfer_m_inv2,q50,,,2.9220033047117328e-05,,0.004040119663420516,2.9023800123483995e-05,2.943288884837073e-05
route_quantile,mexico_zocalo,24,first_diffuse,total_transfer_m_inv2,q90,,,0.0001248355399586855,,0.01035469145207923,0.0001231519572407326,0.0001265186622564857
route_quantile,mexico_zocalo,24,first_diffuse,wbsar_m2_per_kg,q10,,,1.0303765638540823e-06,,0.16402024699818368,9.622712613154462e-07,1.1084572379274194e-06
route_quantile,mexico_zocalo,24,first_diffuse,wbsar_m2_per_kg,q50,,,0.0011548769804078374,,0.0051643787636486685,0.001147672446432054,0.0011627198651031122
route_quantile,mexico_zocalo,24,first_diffuse,wbsar_m2_per_kg,q90,,,0.006299051007324061,,0.007886692299765598,0.006214040886437632,0.006382611698803064
route_quantile,mexico_zocalo,24,total,total_transfer_m_inv2,q10,,,1.9628592604468684e-08,,0.1687364483225365,1.838426734624717e-08,2.1086582856368605e-08
route_quantile,mexico_zocalo,24,total,total_transfer_m_inv2,q50,,,0.002262209706139222,,-3.908439648958911e-05,0.002262137245428339,0.0022623081496876453
route_quantile,mexico_zocalo,24,total,total_transfer_m_inv2,q90,,,0.005799510814709266,,0.00015707452434359103,0.005798304099835775,0.005800682163761952
route_quantile,mexico_zocalo,24,total,wbsar_m2_per_kg,q10,,,1.0303765638540823e-06,,0.16402024699818368,9.622712613154462e-07,1.1084572379274194e-06
route_quantile,mexico_zocalo,24,total,wbsar_m2_per_kg,q50,,,0.12906035917008235,,-3.974287575070811e-05,0.12905596127106164,0.12906646419659717
route_quantile,mexico_zocalo,24,total,wbsar_m2_per_kg,q90,,,0.29581136072866143,,0.00019137639934347378,0.295761214486434,0.29586175548166554
pointwise,mexico_zocalo,24,total,total_transfer_m_inv2,,0,shadow,1.5592619787393123e-08,1.497331958219345e-08,0.17600995098097802,,
pointwise,mexico_zocalo,24,total,total_transfer_m_inv2,,1,shadow,1.9628592604468684e-08,1.888058804167376e-08,0.1687364483225365,,
pointwise,mexico_zocalo,24,total,total_transfer_m_inv2,,2,nonshadowed,0.0014718168515325362,0.001471765672604589,0.0001510181951224878,,
pointwise,mexico_zocalo,24,total,total_transfer_m_inv2,,3,shadow,0.00010793158540129044,0.00010781609538746802,0.004649568451943157,,
pointwise,mexico_zocalo,24,total,total_transfer_m_inv2,,4,nonshadowed,0.004284422462766748,0.004284395292829854,2.7541147457095087e-05,,
pointwise,mexico_zocalo,24,total,total_transfer_m_inv2,,5,nonshadowed,0.0027493687646970486,0.002749388257628641,-3.0791222788135376e-05,,
pointwise,mexico_zocalo,24,total,total_transfer_m_inv2,,6,nonshadowed,0.002262209706139222,0.002262230065020727,-3.908439648958911e-05,,
pointwise,mexico_zocalo,24,total,total_transfer_m_inv2,,7,nonshadowed,0.0017796271099257512,0.0017796375309440495,-2.543104376579788e-05,,
pointwise,mexico_zocalo,24,total,total_transfer_m_inv2,,8,nonshadowed,0.012654043969177112,0.012653746683857627,0.0001020313274908874,,
pointwise,mexico_zocalo,24,total,total_transfer_m_inv2,,9,nonshadowed,0.005799510814709266,0.005799301063269356,0.00015707452434359103,,
pointwise,mexico_zocalo,24,total,total_transfer_m_inv2,,10,nonshadowed,0.0037441728448699015,0.003744169158601193,4.2757826983186965e-06,,
pointwise,mexico_zocalo,24,total,wbsar_m2_per_kg,,0,shadow,9.086353596487321e-07,8.725273011860085e-07,0.1761060860482198,,
pointwise,mexico_zocalo,24,total,wbsar_m2_per_kg,,1,shadow,1.0303765638540823e-06,9.92187947769122e-07,0.16402024699818368,,
pointwise,mexico_zocalo,24,total,wbsar_m2_per_kg,,2,nonshadowed,0.07170071723634037,0.07169663460596802,0.0002472938056470552,,
pointwise,mexico_zocalo,24,total,wbsar_m2_per_kg,,3,shadow,0.004410320097120641,0.004401596762875137,0.008598576732810378,,
pointwise,mexico_zocalo,24,total,wbsar_m2_per_kg,,4,nonshadowed,0.17114471240915677,0.17114333991246344,3.4828428062274537e-05,,
pointwise,mexico_zocalo,24,total,wbsar_m2_per_kg,,5,nonshadowed,0.14841281423630148,0.14841399586940965,-3.4577519350781366e-05,,
pointwise,mexico_zocalo,24,total,wbsar_m2_per_kg,,6,nonshadowed,0.12906035917008235,0.12906154022429828,-3.974287575070811e-05,,
pointwise,mexico_zocalo,24,total,wbsar_m2_per_kg,,7,nonshadowed,0.10341712564634371,0.10341770483547819,-2.43226582770006e-05,,
pointwise,mexico_zocalo,24,total,wbsar_m2_per_kg,,8,nonshadowed,0.7546330030401617,0.75462157448218,6.577233213721216e-05,,
pointwise,mexico_zocalo,24,total,wbsar_m2_per_kg,,9,nonshadowed,0.29581136072866143,0.2957983257792987,0.00019137639934347378,,
pointwise,mexico_zocalo,24,total,wbsar_m2_per_kg,,10,nonshadowed,0.20376287122744943,0.2037647521400224,-4.008905922188075e-05,,
route_quantile,mexico_zocalo,32,direct,total_transfer_m_inv2,q10,,,0.0,,,0.0,0.0
route_quantile,mexico_zocalo,32,direct,total_transfer_m_inv2,q50,,,0.0018464870451024222,,9.64327466553287e-16,0.0018464870451024222,0.0018464870451024222
route_quantile,mexico_zocalo,32,direct,total_transfer_m_inv2,q90,,,0.004981197497570895,,0.0,0.004981197497570895,0.004981197497570895
route_quantile,mexico_zocalo,32,direct,wbsar_m2_per_kg,q10,,,0.0,,,0.0,0.0
route_quantile,mexico_zocalo,32,direct,wbsar_m2_per_kg,q50,,,0.10610924193495373,,3.857309866213147e-15,0.10610924193495373,0.10610924193495373
route_quantile,mexico_zocalo,32,direct,wbsar_m2_per_kg,q90,,,0.2569464663284096,,2.8929823996598604e-15,0.2569464663284096,0.2569464663284096
route_quantile,mexico_zocalo,32,all_specular,total_transfer_m_inv2,q10,,,0.0,,,0.0,0.0
route_quantile,mexico_zocalo,32,all_specular,total_transfer_m_inv2,q50,,,0.00035903760250956555,,2.8929823996598604e-15,0.00035903760250956555,0.00035903760250956555
route_quantile,mexico_zocalo,32,all_specular,total_transfer_m_inv2,q90,,,0.0004554632817906179,,3.857309866213147e-15,0.0004554632817906179,0.0004554632817906179
route_quantile,mexico_zocalo,32,all_specular,wbsar_m2_per_kg,q10,,,0.0,,,0.0,0.0
route_quantile,mexico_zocalo,32,all_specular,wbsar_m2_per_kg,q50,,,0.02040715197300343,,1.928654933106574e-15,0.02040715197300343,0.02040715197300343
route_quantile,mexico_zocalo,32,all_specular,wbsar_m2_per_kg,q90,,,0.025081573397054274,,1.928654933106574e-15,0.025081573397054274,0.025081573397054274
route_quantile,mexico_zocalo,32,first_diffuse,total_transfer_m_inv2,q10,,,1.919795540930028e-08,,0.07239462206079633,1.8053100019303274e-08,2.034135909987258e-08
route_quantile,mexico_zocalo,32,first_diffuse,total_transfer_m_inv2,q50,,,2.923284272666648e-05,,0.00594359255797275,2.904395759075159e-05,2.9422039976393273e-05
route_quantile,mexico_zocalo,32,first_diffuse,total_transfer_m_inv2,q90,,,0.00012507469359972982,,0.018666727086524965,0.00012342982655841052,0.00012666256195474233
route_quantile,mexico_zocalo,32,first_diffuse,wbsar_m2_per_kg,q10,,,1.0070969898079918e-06,,0.0647735056950574,9.479767998244682e-07,1.0677688274412e-06
route_quantile,mexico_zocalo,32,first_diffuse,wbsar_m2_per_kg,q50,,,0.0011556980346717248,,0.00825087756875948,0.0011485784737314615,0.0011631041036703892
route_quantile,mexico_zocalo,32,first_diffuse,wbsar_m2_per_kg,q90,,,0.006312849906235628,,0.017390078166839545,0.006230742079774587,0.006393263305634014
route_quantile,mexico_zocalo,32,total,total_transfer_m_inv2,q10,,,1.919795540930028e-08,,0.07239462206079633,1.8053100019303274e-08,2.034135909987258e-08
route_quantile,mexico_zocalo,32,total,total_transfer_m_inv2,q50,,,0.0022622140048180407,,-3.0831886955853175e-05,0.002262158174450966,0.0022622906850517234
route_quantile,mexico_zocalo,32,total,total_transfer_m_inv2,q90,,,0.005799081700813491,,-0.00016427791023615208,0.005797881213960396,0.005800340518286372
route_quantile,mexico_zocalo,32,total,wbsar_m2_per_kg,q10,,,1.0070969898079918e-06,,0.0647735056950574,9.479767998244682e-07,1.0677688274412e-06
route_quantile,mexico_zocalo,32,total,wbsar_m2_per_kg,q50,,,0.12906056119154516,,-3.294475908498394e-05,0.12905719228984033,0.1290654137748879
route_quantile,mexico_zocalo,32,total,wbsar_m2_per_kg,q90,,,0.29579598834979154,,-3.431854270942448e-05,0.295746942403872,0.29584767257289313
pointwise,mexico_zocalo,32,total,total_transfer_m_inv2,,0,shadow,1.6042954705883038e-08,1.497331958219345e-08,0.2996626333324449,,
pointwise,mexico_zocalo,32,total,total_transfer_m_inv2,,1,shadow,1.919795540930028e-08,1.888058804167376e-08,0.07239462206079633,,
pointwise,mexico_zocalo,32,total,total_transfer_m_inv2,,2,nonshadowed,0.0014717391643142062,0.001471765672604589,-7.822242446427102e-05,,
pointwise,mexico_zocalo,32,total,total_transfer_m_inv2,,3,shadow,0.00010791248386723204,0.00010781609538746802,0.0038808940206998587,,
pointwise,mexico_zocalo,32,total,total_transfer_m_inv2,,4,nonshadowed,0.004284435272446298,0.004284395292829854,4.052577928333095e-05,,
pointwise,mexico_zocalo,32,total,total_transfer_m_inv2,,5,nonshadowed,0.00274935258009288,0.002749388257628641,-5.635674553962387e-05,,
pointwise,mexico_zocalo,32,total,total_transfer_m_inv2,,6,nonshadowed,0.0022622140048180407,0.002262230065020727,-3.0831886955853175e-05,,
pointwise,mexico_zocalo,32,total,total_transfer_m_inv2,,7,nonshadowed,0.001779601534280609,0.0017796375309440495,-8.784547490743457e-05,,
pointwise,mexico_zocalo,32,total,total_transfer_m_inv2,,8,nonshadowed,0.012654283122818157,0.012653746683857627,0.00018410953539307922,,
pointwise,mexico_zocalo,32,total,total_transfer_m_inv2,,9,nonshadowed,0.005799081700813491,0.005799301063269356,-0.00016427791023615208,,
pointwise,mexico_zocalo,32,total,total_transfer_m_inv2,,10,nonshadowed,0.003744354424374744,0.003744169158601193,0.00021488856184732923,,
pointwise,mexico_zocalo,32,total,wbsar_m2_per_kg,,0,shadow,9.350281984105903e-07,8.725273011860085e-07,0.3004568362215362,,
pointwise,mexico_zocalo,32,total,wbsar_m2_per_kg,,1,shadow,1.0070969898079918e-06,9.92187947769122e-07,0.0647735056950574,,
pointwise,mexico_zocalo,32,total,wbsar_m2_per_kg,,2,nonshadowed,0.07169681662916896,0.07169663460596802,1.1025841287167496e-05,,
pointwise,mexico_zocalo,32,total,wbsar_m2_per_kg,,3,shadow,0.00440711415599121,0.004401596762875137,0.00544046392310833,,
pointwise,mexico_zocalo,32,total,wbsar_m2_per_kg,,4,nonshadowed,0.17114553346342068,0.17114333991246344,5.566333881198166e-05,,
pointwise,mexico_zocalo,32,total,wbsar_m2_per_kg,,5,nonshadowed,0.14841217805264878,0.14841399586940965,-5.3193947011904466e-05,,
pointwise,mexico_zocalo,32,total,wbsar_m2_per_kg,,6,nonshadowed,0.12906056119154516,0.12906154022429828,-3.294475908498394e-05,,
pointwise,mexico_zocalo,32,total,wbsar_m2_per_kg,,7,nonshadowed,0.10341564936656288,0.10341770483547819,-8.63186511783801e-05,,
pointwise,mexico_zocalo,32,total,wbsar_m2_per_kg,,8,nonshadowed,0.7546468019390733,0.75462157448218,0.00014518485238798818,,
pointwise,mexico_zocalo,32,total,wbsar_m2_per_kg,,9,nonshadowed,0.29579598834979154,0.2957983257792987,-3.431854270942448e-05,,
pointwise,mexico_zocalo,32,total,wbsar_m2_per_kg,,10,nonshadowed,0.20377313330701874,0.2037647521400224,0.00017862852553871903,,
route_quantile,mexico_zocalo,48,direct,total_transfer_m_inv2,q10,,,0.0,,,0.0,0.0
route_quantile,mexico_zocalo,48,direct,total_transfer_m_inv2,q50,,,0.0018464870451024202,,-3.3751461329365063e-15,0.0018464870451024202,0.0018464870451024202
route_quantile,mexico_zocalo,48,direct,total_transfer_m_inv2,q90,,,0.004981197497570895,,0.0,0.004981197497570895,0.004981197497570895
route_quantile,mexico_zocalo,48,direct,wbsar_m2_per_kg,q10,,,0.0,,,0.0,0.0
route_quantile,mexico_zocalo,48,direct,wbsar_m2_per_kg,q50,,,0.10610924193495376,,4.821637332766433e-15,0.10610924193495376,0.10610924193495376
route_quantile,mexico_zocalo,48,direct,wbsar_m2_per_kg,q90,,,0.2569464663284097,,3.857309866213147e-15,0.2569464663284097,0.2569464663284097
route_quantile,mexico_zocalo,48,all_specular,total_transfer_m_inv2,q10,,,0.0,,,0.0,0.0
route_quantile,mexico_zocalo,48,all_specular,total_transfer_m_inv2,q50,,,0.0003590376025095657,,4.821637332766433e-15,0.0003590376025095657,0.0003590376025095657
route_quantile,mexico_zocalo,48,all_specular,total_transfer_m_inv2,q90,,,0.00045546328179061805,,4.821637332766433e-15,0.00045546328179061805,0.00045546328179061805
route_quantile,mexico_zocalo,48,all_specular,wbsar_m2_per_kg,q10,,,0.0,,,0.0,0.0
route_quantile,mexico_zocalo,48,all_specular,wbsar_m2_per_kg,q50,,,0.020407151973003444,,4.821637332766433e-15,0.020407151973003444,0.020407151973003444
route_quantile,mexico_zocalo,48,all_specular,wbsar_m2_per_kg,q90,,,0.025081573397054264,,9.64327466553287e-16,0.025081573397054264,0.025081573397054264
route_quantile,mexico_zocalo,48,first_diffuse,total_transfer_m_inv2,q10,,,1.915839453972571e-08,,0.06343596281885464,1.823484298852201e-08,2.013889680113946e-08
route_quantile,mexico_zocalo,48,first_diffuse,total_transfer_m_inv2,q50,,,2.917190617339077e-05,,-0.003118827514063215,2.901776275042531e-05,2.9336714998631775e-05
route_quantile,mexico_zocalo,48,first_diffuse,total_transfer_m_inv2,q90,,,0.0001252168061470256,,0.023598472814572252,0.00012391642863366663,0.00012645619593481286
route_quantile,mexico_zocalo,48,first_diffuse,wbsar_m2_per_kg,q10,,,1.004431037905093e-06,,0.05326177071149017,9.579833499849856e-07,1.0548045244285768e-06
route_quantile,mexico_zocalo,48,first_diffuse,wbsar_m2_per_kg,q50,,,0.001153550807812269,,0.00017440674366214212,0.0011474327599089228,0.0011599034107170991
route_quantile,mexico_zocalo,48,first_diffuse,wbsar_m2_per_kg,q90,,,0.0063189704303771846,,0.021598672016682474,0.006253786397971724,0.006381043855843456
route_quantile,mexico_zocalo,48,total,total_transfer_m_inv2,q10,,,1.915839453972571e-08,,0.06343596281885464,1.823484298852201e-08,2.013889680113946e-08
route_quantile,mexico_zocalo,48,total,total_transfer_m_inv2,q50,,,0.002262208255095255,,-4.1870082486003844e-05,0.002262164817446388,0.002262263546854048
route_quantile,mexico_zocalo,48,total,total_transfer_m_inv2,q90,,,0.0057982610161944614,,-0.0007789338891435959,0.005797225857395923,0.005799316838404443
route_quantile,mexico_zocalo,48,total,wbsar_m2_per_kg,q10,,,1.004431037905093e-06,,0.05326177071149017,9.579833499849856e-07,1.0548045244285768e-06
route_quantile,mexico_zocalo,48,total,wbsar_m2_per_kg,q50,,,0.12906048973631412,,-3.534925979748877e-05,0.12905787022283097,0.12906389542599167
route_quantile,mexico_zocalo,48,total,wbsar_m2_per_kg,q90,,,0.29576364183148823,,-0.0005092635425098164,0.2957195804635966,0.2958076595150291
pointwise,mexico_zocalo,48,total,total_transfer_m_inv2,,0,shadow,1.6152697395620316e-08,1.497331958219345e-08,0.3292696305864349,,
pointwise,mexico_zocalo,48,total,total_transfer_m_inv2,,1,shadow,1.915839453972571e-08,1.888058804167376e-08,0.06343596281885464,,
pointwise,mexico_zocalo,48,total,total_transfer_m_inv2,,2,nonshadowed,0.0014717761075285945,0.001471765672604589,3.0791680588619035e-05,,
pointwise,mexico_zocalo,48,total,total_transfer_m_inv2,,3,shadow,0.00010759738537808233,0.00010781609538746802,-0.008818815100489711,,
pointwise,mexico_zocalo,48,total,total_transfer_m_inv2,,4,nonshadowed,0.004284374335893021,0.004284395292829854,-2.124338129850445e-05,,
pointwise,mexico_zocalo,48,total,total_transfer_m_inv2,,5,nonshadowed,0.0027493581427431826,0.002749388257628641,-4.7569855474321466e-05,,
pointwise,mexico_zocalo,48,total,total_transfer_m_inv2,,6,nonshadowed,0.002262208255095255,0.002262230065020727,-4.1870082486003844e-05,,
pointwise,mexico_zocalo,48,total,total_transfer_m_inv2,,7,nonshadowed,0.0017795877847408426,0.0017796375309440495,-0.00012140002182257102,,
pointwise,mexico_zocalo,48,total,total_transfer_m_inv2,,8,nonshadowed,0.012654425235365451,0.012653746683857627,0.0002328822299344395,,
pointwise,mexico_zocalo,48,total,total_transfer_m_inv2,,9,nonshadowed,0.0057982610161944614,0.005799301063269356,-0.0007789338891435959,,
pointwise,mexico_zocalo,48,total,total_transfer_m_inv2,,10,nonshadowed,0.0037441838363230454,0.003744169158601193,1.7024981626025804e-05,,
pointwise,mexico_zocalo,48,total,wbsar_m2_per_kg,,0,shadow,9.396687506734095e-07,8.725273011860085e-07,0.32195759513676586,,
pointwise,mexico_zocalo,48,total,wbsar_m2_per_kg,,1,shadow,1.004431037905093e-06,9.92187947769122e-07,0.05326177071149017,,
pointwise,mexico_zocalo,48,total,wbsar_m2_per_kg,,2,nonshadowed,0.07169824372312046,0.07169663460596802,9.74694087004276e-05,,
pointwise,mexico_zocalo,48,total,wbsar_m2_per_kg,,3,shadow,0.004394632944429867,0.004401596762875137,-0.006876465613654868,,
pointwise,mexico_zocalo,48,total,wbsar_m2_per_kg,,4,nonshadowed,0.17114338623656122,0.17114333991246344,1.1755232387065348e-06,,
pointwise,mexico_zocalo,48,total,wbsar_m2_per_kg,,5,nonshadowed,0.14841273281470582,0.14841399586940965,-3.6960127590298995e-05,,
pointwise,mexico_zocalo,48,total,wbsar_m2_per_kg,,6,nonshadowed,0.12906048973631412,0.12906154022429828,-3.534925979748877e-05,,
pointwise,mexico_zocalo,48,total,wbsar_m2_per_kg,,7,nonshadowed,0.10341478693617188,0.10341770483547819,-0.000122536605028186,,
pointwise,mexico_zocalo,48,total,wbsar_m2_per_kg,,8,nonshadowed,0.7546529224632148,0.75462157448218,0.0001804079405266231,,
pointwise,mexico_zocalo,48,total,wbsar_m2_per_kg,,9,nonshadowed,0.29576364183148823,0.2957983257792987,-0.0005092635425098164,,
pointwise,mexico_zocalo,48,total,wbsar_m2_per_kg,,10,nonshadowed,0.20376621873077036,0.2037647521400224,3.1258103779897685e-05,,
route_quantile,mexico_zocalo,64,direct,total_transfer_m_inv2,q10,,,0.0,,,0.0,0.0
route_quantile,mexico_zocalo,64,direct,total_transfer_m_inv2,q50,,,0.0018464870451024192,,-6.268128532596371e-15,0.0018464870451024192,0.0018464870451024192
route_quantile,mexico_zocalo,64,direct,total_transfer_m_inv2,q90,,,0.0049811974975709,,4.821637332766433e-15,0.0049811974975709,0.0049811974975709
route_quantile,mexico_zocalo,64,direct,wbsar_m2_per_kg,q10,,,0.0,,,0.0,0.0
route_quantile,mexico_zocalo,64,direct,wbsar_m2_per_kg,q50,,,0.10610924193495379,,5.785964799319719e-15,0.10610924193495379,0.10610924193495379
route_quantile,mexico_zocalo,64,direct,wbsar_m2_per_kg,q90,,,0.2569464663284097,,3.857309866213147e-15,0.2569464663284097,0.2569464663284097
route_quantile,mexico_zocalo,64,all_specular,total_transfer_m_inv2,q10,,,0.0,,,0.0,0.0
route_quantile,mexico_zocalo,64,all_specular,total_transfer_m_inv2,q50,,,0.0003590376025095658,,6.750292265873005e-15,0.0003590376025095658,0.0003590376025095658
route_quantile,mexico_zocalo,64,all_specular,total_transfer_m_inv2,q90,,,0.0004554632817906181,,5.785964799319719e-15,0.0004554632817906181,0.0004554632817906181
route_quantile,mexico_zocalo,64,all_specular,wbsar_m2_per_kg,q10,,,0.0,,,0.0,0.0
route_quantile,mexico_zocalo,64,all_specular,wbsar_m2_per_kg,q50,,,0.020407151973003423,,9.64327466553287e-16,0.020407151973003423,0.020407151973003423
route_quantile,mexico_zocalo,64,all_specular,wbsar_m2_per_kg,q90,,,0.025081573397054246,,-2.410818666383218e-15,0.025081573397054246,0.025081573397054246
route_quantile,mexico_zocalo,64,first_diffuse,total_transfer_m_inv2,q10,,,1.9182209953188274e-08,,0.06883123715948546,1.8407358705852327e-08,2.001800977780176e-08
route_quantile,mexico_zocalo,64,first_diffuse,total_transfer_m_inv2,q50,,,2.9236088522006537e-05,,0.006425773770086583,2.9100910225085065e-05,2.937404831130158e-05
route_quantile,mexico_zocalo,64,first_diffuse,total_transfer_m_inv2,q90,,,0.0001249038860102261,,0.012731754158123441,0.00012385358788345141,0.00012595949437182164
route_quantile,mexico_zocalo,64,first_diffuse,wbsar_m2_per_kg,q10,,,1.0052271467418079e-06,,0.0567026115022958,9.646870311322063e-07,1.0489848936524108e-06
route_quantile,mexico_zocalo,64,first_diffuse,wbsar_m2_per_kg,q50,,,0.001156339645106685,,0.010661287061863953,0.001150941993138671,0.0011620958188939903
route_quantile,mexico_zocalo,64,first_diffuse,wbsar_m2_per_kg,q90,,,0.00630081859504936,,0.009105202688585876,0.00624728235738247,0.006355222219004227
route_quantile,mexico_zocalo,64,total,total_transfer_m_inv2,q10,,,1.9182209953188274e-08,,0.06883123715948546,1.8407358705852327e-08,2.001800977780176e-08
route_quantile,mexico_zocalo,64,total,total_transfer_m_inv2,q50,,,0.0022622089090062344,,-4.061471668006536e-05,0.002262173902187646,0.00226225398567815
route_quantile,mexico_zocalo,64,total,total_transfer_m_inv2,q90,,,0.005798339545047401,,-0.0007201155357437693,0.005797439288749394,0.005799209037717634
route_quantile,mexico_zocalo,64,total,wbsar_m2_per_kg,q10,,,1.0052271467418079e-06,,0.0567026115022958,9.646870311322063e-07,1.0489848936524108e-06
route_quantile,mexico_zocalo,64,total,wbsar_m2_per_kg,q50,,,0.12906056842948704,,-3.2701199154370096e-05,0.12905848383490218,0.12906336603240226
route_quantile,mexico_zocalo,64,total,wbsar_m2_per_kg,q90,,,0.2957659607223248,,-0.000475213463185843,0.29572729329104214,0.29580252967461707
pointwise,mexico_zocalo,64,total,total_transfer_m_inv2,,0,shadow,1.620440791783904e-08,1.497331958219345e-08,0.3431507323458125,,
pointwise,mexico_zocalo,64,total,total_transfer_m_inv2,,1,shadow,1.9182209953188274e-08,1.888058804167376e-08,0.06883123715948546,,
pointwise,mexico_zocalo,64,total,total_transfer_m_inv2,,2,nonshadowed,0.0014717228623994658,0.001471765672604589,-0.00012632789721708432,,
pointwise,mexico_zocalo,64,total,total_transfer_m_inv2,,3,shadow,0.0001076878178297835,0.00010781609538746802,-0.005170230201614425,,
pointwise,mexico_zocalo,64,total,total_transfer_m_inv2,,4,nonshadowed,0.004284438518241637,0.004284395292829854,4.38158989415644e-05,,
pointwise,mexico_zocalo,64,total,total_transfer_m_inv2,,5,nonshadowed,0.0027493675922152954,0.002749388257628641,-3.264329323674637e-05,,
pointwise,mexico_zocalo,64,total,total_transfer_m_inv2,,6,nonshadowed,0.0022622089090062344,0.002262230065020727,-4.061471668006536e-05,,
pointwise,mexico_zocalo,64,total,total_transfer_m_inv2,,7,nonshadowed,0.0017796139120108184,0.0017796375309440495,-5.7638930742915986e-05,,
pointwise,mexico_zocalo,64,total,total_transfer_m_inv2,,8,nonshadowed,0.01265411231522865,0.012653746683857627,0.0001254880445341419,,
pointwise,mexico_zocalo,64,total,total_transfer_m_inv2,,9,nonshadowed,0.005798339545047401,0.005799301063269356,-0.0007201155357437693,,
pointwise,mexico_zocalo,64,total,total_transfer_m_inv2,,10,nonshadowed,0.0037441369296745187,0.003744169158601193,-3.7383207489944115e-05,,
pointwise,mexico_zocalo,64,total,wbsar_m2_per_kg,,0,shadow,9.423739650827873e-07,8.725273011860085e-07,0.33444254555405667,,
pointwise,mexico_zocalo,64,total,wbsar_m2_per_kg,,1,shadow,1.0052271467418079e-06,9.92187947769122e-07,0.0567026115022958,,
pointwise,mexico_zocalo,64,total,wbsar_m2_per_kg,,2,nonshadowed,0.07169511888173705,0.07169663460596802,-9.181429944364204e-05,,
pointwise,mexico_zocalo,64,total,wbsar_m2_per_kg,,3,shadow,0.004395642780388974,0.004401596762875137,-0.00587862163167668,,
pointwise,mexico_zocalo,64,total,wbsar_m2_per_kg,,4,nonshadowed,0.17114617507385566,0.17114333991246344,7.194464884624556e-05,,
pointwise,mexico_zocalo,64,total,wbsar_m2_per_kg,,5,nonshadowed,0.14841342318645928,0.14841399586940965,-1.6758091015810016e-05,,
pointwise,mexico_zocalo,64,total,wbsar_m2_per_kg,,6,nonshadowed,0.12906056842948704,0.12906154022429828,-3.2701199154370096e-05,,
pointwise,mexico_zocalo,64,total,wbsar_m2_per_kg,,7,nonshadowed,0.103416290960467,0.10341770483547819,-5.937497006737361e-05,,
pointwise,mexico_zocalo,64,total,wbsar_m2_per_kg,,8,nonshadowed,0.7546347706278869,0.75462157448218,7.594486227014144e-05,,
pointwise,mexico_zocalo,64,total,wbsar_m2_per_kg,,9,nonshadowed,0.2957659607223248,0.2957983257792987,-0.000475213463185843,,
pointwise,mexico_zocalo,64,total,wbsar_m2_per_kg,,10,nonshadowed,0.2037648626459309,0.2037647521400224,2.3552696315894237e-06,,
route_quantile,tokyo_hachiko,16,direct,total_transfer_m_inv2,q10,,,0.0,,,0.0,0.0
route_quantile,tokyo_hachiko,16,direct,total_transfer_m_inv2,q50,,,0.00015593378598433786,,0.0,0.00015593378598433786,0.00015593378598433786
route_quantile,tokyo_hachiko,16,direct,total_transfer_m_inv2,q90,,,0.0003433640737016862,,0.0,0.0003433640737016862,0.0003433640737016862
route_quantile,tokyo_hachiko,16,direct,wbsar_m2_per_kg,q10,,,0.0,,,0.0,0.0
route_quantile,tokyo_hachiko,16,direct,wbsar_m2_per_kg,q50,,,0.0078933193570878,,0.0,0.0078933193570878,0.0078933193570878
route_quantile,tokyo_hachiko,16,direct,wbsar_m2_per_kg,q90,,,0.019372526280443142,,0.0,0.019372526280443142,0.019372526280443142
route_quantile,tokyo_hachiko,16,all_specular,total_transfer_m_inv2,q10,,,0.0,,,0.0,0.0
route_quantile,tokyo_hachiko,16,all_specular,total_transfer_m_inv2,q50,,,3.120253514590218e-05,,0.0,3.120253514590218e-05,3.120253514590218e-05
route_quantile,tokyo_hachiko,16,all_specular,total_transfer_m_inv2,q90,,,4.184944211006722e-05,,0.0,4.184944211006722e-05,4.184944211006722e-05
route_quantile,tokyo_hachiko,16,all_specular,wbsar_m2_per_kg,q10,,,0.0,,,0.0,0.0
route_quantile,tokyo_hachiko,16,all_specular,wbsar_m2_per_kg,q50,,,0.00161728297165855,,0.0,0.00161728297165855,0.00161728297165855
route_quantile,tokyo_hachiko,16,all_specular,wbsar_m2_per_kg,q90,,,0.0021314079385639714,,0.0,0.0021314079385639714,0.0021314079385639714
route_quantile,tokyo_hachiko,16,first_diffuse,total_transfer_m_inv2,q10,,,6.52402763919932e-07,,0.0,6.458459065541295e-07,6.603668569005335e-07
route_quantile,tokyo_hachiko,16,first_diffuse,total_transfer_m_inv2,q50,,,9.995315025678556e-07,,0.0,9.916991739627373e-07,1.0072586756463842e-06
route_quantile,tokyo_hachiko,16,first_diffuse,total_transfer_m_inv2,q90,,,9.405859043871787e-06,,0.0,9.271622309019659e-06,9.56090729191178e-06
route_quantile,tokyo_hachiko,16,first_diffuse,wbsar_m2_per_kg,q10,,,3.255272258062005e-05,,0.0,3.2153328416092595e-05,3.303314355619265e-05
route_quantile,tokyo_hachiko,16,first_diffuse,wbsar_m2_per_kg,q50,,,4.498319116719736e-05,,0.0,4.447279960976209e-05,4.559401581559309e-05
route_quantile,tokyo_hachiko,16,first_diffuse,wbsar_m2_per_kg,q90,,,0.0004668857146812125,,0.0,0.0004592311341739647,0.00047520809827628963
route_quantile,tokyo_hachiko,16,total,total_transfer_m_inv2,q10,,,8.202020410115899e-07,,0.0,8.108399497435624e-07,8.300524418676091e-07
route_quantile,tokyo_hachiko,16,total,total_transfer_m_inv2,q50,,,0.00018984048126478766,,0.0,0.00018983219878582552,0.00018984834074194605
route_quantile,tokyo_hachiko,16,total,total_transfer_m_inv2,q90,,,0.00044319823289689687,,0.0,0.0004430639961620448,0.0004433532811449369
route_quantile,tokyo_hachiko,16,total,wbsar_m2_per_kg,q10,,,3.656217959315326e-05,,0.0,3.61486062582254e-05,3.702323679859347e-05
route_quantile,tokyo_hachiko,16,total,wbsar_m2_per_kg,q50,,,0.009673886624732418,,0.0,0.00967338824278105,0.009674378759691784
route_quantile,tokyo_hachiko,16,total,wbsar_m2_per_kg,q90,,,0.025200369144298053,,0.0,0.025192714563790804,0.02520869152789313
pointwise,tokyo_hachiko,16,total,total_transfer_m_inv2,,0,nonshadowed,0.00020415823387562462,0.00020415823387562462,0.0,,
pointwise,tokyo_hachiko,16,total,total_transfer_m_inv2,,1,nonshadowed,0.00018904699216054847,0.00018904699216054847,0.0,,
pointwise,tokyo_hachiko,16,total,total_transfer_m_inv2,,2,nonshadowed,0.00019063397036902683,0.00019063397036902683,0.0,,
pointwise,tokyo_hachiko,16,total,total_transfer_m_inv2,,3,nonshadowed,0.00018260738556180383,0.00018260738556180383,0.0,,
pointwise,tokyo_hachiko,16,total,total_transfer_m_inv2,,4,nonshadowed,0.00018510623530054973,0.00018510623530054973,0.0,,
pointwise,tokyo_hachiko,16,total,total_transfer_m_inv2,,5,nonshadowed,0.0001855643625560477,0.0001855643625560477,0.0,,
pointwise,tokyo_hachiko,16,total,total_transfer_m_inv2,,6,nonshadowed,0.00017459112528334293,0.00017459112528334293,0.0,,
pointwise,tokyo_hachiko,16,total,total_transfer_m_inv2,,7,nonshadowed,0.0001957946414118541,0.0001957946414118541,0.0,,
pointwise,tokyo_hachiko,16,total,total_transfer_m_inv2,,8,nonshadowed,0.00022601245662651307,0.00022601245662651307,0.0,,
pointwise,tokyo_hachiko,16,total,total_transfer_m_inv2,,9,nonshadowed,0.00020446645873330418,0.00020446645873330418,0.0,,
pointwise,tokyo_hachiko,16,total,total_transfer_m_inv2,,10,nonshadowed,0.0005158590709481843,0.0005158590709481843,0.0,,
pointwise,tokyo_hachiko,16,total,total_transfer_m_inv2,,11,nonshadowed,0.002906614054742131,0.002906614054742131,0.0,,
pointwise,tokyo_hachiko,16,total,total_transfer_m_inv2,,12,nonshadowed,0.0003705373948456095,0.0003705373948456095,0.0,,
pointwise,tokyo_hachiko,16,total,total_transfer_m_inv2,,13,shadow,1.1340011768075346e-06,1.1340011768075346e-06,0.0,,
pointwise,tokyo_hachiko,16,total,total_transfer_m_inv2,,14,shadow,5.064029052156453e-07,5.064029052156453e-07,0.0,,
pointwise,tokyo_hachiko,16,total,total_transfer_m_inv2,,15,shadow,3.3958566777785793e-07,3.3958566777785793e-07,0.0,,
pointwise,tokyo_hachiko,16,total,wbsar_m2_per_kg,,0,nonshadowed,0.010137399534406361,0.010137399534406361,0.0,,
pointwise,tokyo_hachiko,16,total,wbsar_m2_per_kg,,1,nonshadowed,0.009621390857411833,0.009621390857411833,0.0,,
pointwise,tokyo_hachiko,16,total,wbsar_m2_per_kg,,2,nonshadowed,0.009726382392053003,0.009726382392053003,0.0,,
pointwise,tokyo_hachiko,16,total,wbsar_m2_per_kg,,3,nonshadowed,0.009355687812446814,0.009355687812446814,0.0,,
pointwise,tokyo_hachiko,16,total,wbsar_m2_per_kg,,4,nonshadowed,0.00936341119545065,0.00936341119545065,0.0,,
pointwise,tokyo_hachiko,16,total,wbsar_m2_per_kg,,5,nonshadowed,0.009379864895041072,0.009379864895041072,0.0,,
pointwise,tokyo_hachiko,16,total,wbsar_m2_per_kg,,6,nonshadowed,0.008887612910276113,0.008887612910276113,0.0,,
pointwise,tokyo_hachiko,16,total,wbsar_m2_per_kg,,7,nonshadowed,0.010057778242386243,0.010057778242386243,0.0,,
pointwise,tokyo_hachiko,16,total,wbsar_m2_per_kg,,8,nonshadowed,0.01137200234349175,0.01137200234349175,0.0,,
pointwise,tokyo_hachiko,16,total,wbsar_m2_per_kg,,9,nonshadowed,0.010213558336596767,0.010213558336596767,0.0,,
pointwise,tokyo_hachiko,16,total,wbsar_m2_per_kg,,10,nonshadowed,0.029969040614394496,0.029969040614394496,0.0,,
pointwise,tokyo_hachiko,16,total,wbsar_m2_per_kg,,11,nonshadowed,0.10659119052474007,0.10659119052474007,0.0,,
pointwise,tokyo_hachiko,16,total,wbsar_m2_per_kg,,12,nonshadowed,0.02043169767420161,0.02043169767420161,0.0,,
pointwise,tokyo_hachiko,16,total,wbsar_m2_per_kg,,13,shadow,4.594019992960739e-05,4.594019992960739e-05,0.0,,
pointwise,tokyo_hachiko,16,total,wbsar_m2_per_kg,,14,shadow,2.7184159256699136e-05,2.7184159256699136e-05,0.0,,
pointwise,tokyo_hachiko,16,total,wbsar_m2_per_kg,,15,shadow,1.774031648407619e-05,1.774031648407619e-05,0.0,,
route_quantile,tokyo_hachiko,24,direct,total_transfer_m_inv2,q10,,,0.0,,,0.0,0.0
route_quantile,tokyo_hachiko,24,direct,total_transfer_m_inv2,q50,,,0.00015593378598433792,,1.928654933106574e-15,0.00015593378598433792,0.00015593378598433792
route_quantile,tokyo_hachiko,24,direct,total_transfer_m_inv2,q90,,,0.0003433640737016861,,-1.446491199829931e-15,0.0003433640737016861,0.0003433640737016861
route_quantile,tokyo_hachiko,24,direct,wbsar_m2_per_kg,q10,,,0.0,,,0.0,0.0
route_quantile,tokyo_hachiko,24,direct,wbsar_m2_per_kg,q50,,,0.007893319357087805,,2.8929823996598604e-15,0.007893319357087805,0.007893319357087805
route_quantile,tokyo_hachiko,24,direct,wbsar_m2_per_kg,q90,,,0.019372526280443142,,0.0,0.019372526280443142,0.019372526280443142
route_quantile,tokyo_hachiko,24,all_specular,total_transfer_m_inv2,q10,,,0.0,,,0.0,0.0
route_quantile,tokyo_hachiko,24,all_specular,total_transfer_m_inv2,q50,,,3.120253514590218e-05,,0.0,3.120253514590218e-05,3.120253514590218e-05
route_quantile,tokyo_hachiko,24,all_specular,total_transfer_m_inv2,q90,,,4.184944211006722e-05,,0.0,4.184944211006722e-05,4.184944211006722e-05
route_quantile,tokyo_hachiko,24,all_specular,wbsar_m2_per_kg,q10,,,0.0,,,0.0,0.0
route_quantile,tokyo_hachiko,24,all_specular,wbsar_m2_per_kg,q50,,,0.00161728297165855,,0.0,0.00161728297165855,0.00161728297165855
route_quantile,tokyo_hachiko,24,all_specular,wbsar_m2_per_kg,q90,,,0.0021314079385639714,,0.0,0.0021314079385639714,0.0021314079385639714
route_quantile,tokyo_hachiko,24,first_diffuse,total_transfer_m_inv2,q10,,,6.484626434267341e-07,,-0.02630829924920281,6.434207946160155e-07,6.544407241276405e-07
route_quantile,tokyo_hachiko,24,first_diffuse,total_transfer_m_inv2,q50,,,1.004807114898601e-06,,0.022862151085455196,9.965577323452552e-07,1.0132917118065342e-06
route_quantile,tokyo_hachiko,24,first_diffuse,total_transfer_m_inv2,q90,,,9.397516628061525e-06,,-0.003853632935992598,9.284665814011934e-06,9.512396131818611e-06
route_quantile,tokyo_hachiko,24,first_diffuse,wbsar_m2_per_kg,q10,,,3.2331066077068295e-05,,-0.02967291918293239,3.202317059900584e-05,3.270407799873888e-05
route_quantile,tokyo_hachiko,24,first_diffuse,wbsar_m2_per_kg,q50,,,4.5089392317608834e-05,,0.010241206188180307,4.464450179339091e-05,4.55654055150016e-05
route_quantile,tokyo_hachiko,24,first_diffuse,wbsar_m2_per_kg,q90,,,0.0004660782785785337,,-0.0075172275450423156,0.0004598573044601766,0.00047231376073220626
route_quantile,tokyo_hachiko,24,total,total_transfer_m_inv2,q10,,,8.18671548531775e-07,,-0.008111481398506499,8.111034008042079e-07,8.261708225190029e-07
route_quantile,tokyo_hachiko,24,total,total_transfer_m_inv2,q50,,,0.00018984206879890886,,3.63175662694084e-05,0.00018983523909290817,0.00018984860200016156
route_quantile,tokyo_hachiko,24,total,total_transfer_m_inv2,q90,,,0.00044318989048108663,,-8.174895526438568e-05,0.0004430770396670371,0.0004433047699848438
route_quantile,tokyo_hachiko,24,total,wbsar_m2_per_kg,q10,,,3.6459860608004346e-05,,-0.01217073628830586,3.610749900009663e-05,3.682228245318525e-05
route_quantile,tokyo_hachiko,24,total,wbsar_m2_per_kg,q50,,,0.009673976920347143,,4.053665886602884e-05,0.009673565602867418,0.009674372816423419
route_quantile,tokyo_hachiko,24,total,wbsar_m2_per_kg,q90,,,0.025199561708195373,,-0.0001391529861179311,0.025193340734077013,0.025205797190349048
pointwise,tokyo_hachiko,24,total,total_transfer_m_inv2,,0,nonshadowed,0.00020415776567460258,0.00020415823387562462,-9.959791950843055e-06,,
pointwise,tokyo_hachiko,24,total,total_transfer_m_inv2,,1,nonshadowed,0.0001890445109522496,0.00018904699216054847,-5.7000755838314066e-05,,
pointwise,tokyo_hachiko,24,total,total_transfer_m_inv2,,2,nonshadowed,0.00019063962664556813,0.00019063397036902683,0.0001288570574737775,,
pointwise,tokyo_hachiko,24,total,total_transfer_m_inv2,,3,nonshadowed,0.00018260867628742307,0.00018260738556180383,3.069717203861173e-05,,
pointwise,tokyo_hachiko,24,total,total_transfer_m_inv2,,4,nonshadowed,0.00018510143399889394,0.00018510623530054973,-0.00011264914198716234,,
pointwise,tokyo_hachiko,24,total,total_transfer_m_inv2,,5,nonshadowed,0.00018555803135265818,0.0001855643625560477,-0.00014817789178286222,,
pointwise,tokyo_hachiko,24,total,total_transfer_m_inv2,,6,nonshadowed,0.00017459525493277272,0.00017459112528334293,0.0001027235918261645,,
pointwise,tokyo_hachiko,24,total,total_transfer_m_inv2,,7,nonshadowed,0.00019580106298708582,0.0001957946414118541,0.00014243540759961614,,
pointwise,tokyo_hachiko,24,total,total_transfer_m_inv2,,8,nonshadowed,0.00022601373080632342,0.00022601245662651307,2.4483946991453065e-05,,
pointwise,tokyo_hachiko,24,total,total_transfer_m_inv2,,9,nonshadowed,0.00020447068165828372,0.00020446645873330418,8.969559548531054e-05,,
pointwise,tokyo_hachiko,24,total,total_transfer_m_inv2,,10,nonshadowed,0.0005159136852471226,0.0005158590709481843,0.0004597657486432154,,
pointwise,tokyo_hachiko,24,total,total_transfer_m_inv2,,11,nonshadowed,0.0029067188969736078,0.002906614054742131,0.0001566481843853509,,
pointwise,tokyo_hachiko,24,total,total_transfer_m_inv2,,12,nonshadowed,0.0003704660957150506,0.0003705373948456095,-0.0008357536626004418,,
pointwise,tokyo_hachiko,24,total,total_transfer_m_inv2,,13,shadow,1.134019131178524e-06,1.1340011768075346e-06,6.876026832207639e-05,,
pointwise,tokyo_hachiko,24,total,total_transfer_m_inv2,,14,shadow,5.033239658850261e-07,5.064029052156453e-07,-0.02648578628672654,,
pointwise,tokyo_hachiko,24,total,total_transfer_m_inv2,,15,shadow,3.405185871546264e-07,3.3958566777785793e-07,0.011914702446756931,,
pointwise,tokyo_hachiko,24,total,wbsar_m2_per_kg,,0,nonshadowed,0.010137365770708994,0.010137399534406361,-1.4464668009609877e-05,,
pointwise,tokyo_hachiko,24,total,wbsar_m2_per_kg,,1,nonshadowed,0.009621272237232727,0.009621390857411833,-5.354361709238245e-05,,
pointwise,tokyo_hachiko,24,total,wbsar_m2_per_kg,,2,nonshadowed,0.009726681603461561,0.009726382392053003,0.00013359937920219558,,
pointwise,tokyo_hachiko,24,total,wbsar_m2_per_kg,,3,nonshadowed,0.009355827728151512,0.009355687812446814,6.49489009598976e-05,,
pointwise,tokyo_hachiko,24,total,wbsar_m2_per_kg,,4,nonshadowed,0.009363138658832398,0.00936341119545065,-0.0001264099904712439,,
pointwise,tokyo_hachiko,24,total,wbsar_m2_per_kg,,5,nonshadowed,0.009379488979674338,0.009379864895041072,-0.00017405500269099315,,
pointwise,tokyo_hachiko,24,total,wbsar_m2_per_kg,,6,nonshadowed,0.008887859174158385,0.008887612910276113,0.0001203355327630301,,
pointwise,tokyo_hachiko,24,total,wbsar_m2_per_kg,,7,nonshadowed,0.010058107719383412,0.010057778242386243,0.00014226571185484258,,
pointwise,tokyo_hachiko,24,total,wbsar_m2_per_kg,,8,nonshadowed,0.011372093545455578,0.01137200234349175,3.482970685920859e-05,,
pointwise,tokyo_hachiko,24,total,wbsar_m2_per_kg,,9,nonshadowed,0.010213750813734978,0.010213558336596767,8.184314282863821e-05,,
pointwise,tokyo_hachiko,24,total,wbsar_m2_per_kg,,10,nonshadowed,0.029972174111220804,0.029969040614394496,0.00045406499958220976,,
pointwise,tokyo_hachiko,24,total,wbsar_m2_per_kg,,11,nonshadowed,0.10659627607433736,0.10659119052474007,0.00020720037281752248,,
pointwise,tokyo_hachiko,24,total,wbsar_m2_per_kg,,12,nonshadowed,0.020426949305169945,0.02043169767420161,-0.0010094267090230728,,
pointwise,tokyo_hachiko,24,total,wbsar_m2_per_kg,,13,shadow,4.590633834815857e-05,4.594019992960739e-05,-0.0032022760822080568,,
pointwise,tokyo_hachiko,24,total,wbsar_m2_per_kg,,14,shadow,2.701338286785013e-05,2.7184159256699136e-05,-0.027369318192050702,,
pointwise,tokyo_hachiko,24,total,wbsar_m2_per_kg,,15,shadow,1.7794345762076417e-05,1.774031648407619e-05,0.013206617930507196,,
route_quantile,tokyo_hachiko,32,direct,total_transfer_m_inv2,q10,,,0.0,,,0.0,0.0
route_quantile,tokyo_hachiko,32,direct,total_transfer_m_inv2,q50,,,0.00015593378598433792,,1.928654933106574e-15,0.00015593378598433792,0.00015593378598433792
route_quantile,tokyo_hachiko,32,direct,total_transfer_m_inv2,q90,,,0.00034336407370168606,,-1.9286549331065747e-15,0.00034336407370168606,0.00034336407370168606
route_quantile,tokyo_hachiko,32,direct,wbsar_m2_per_kg,q10,,,0.0,,,0.0,0.0
route_quantile,tokyo_hachiko,32,direct,wbsar_m2_per_kg,q50,,,0.007893319357087807,,3.857309866213147e-15,0.007893319357087807,0.007893319357087807
route_quantile,tokyo_hachiko,32,direct,wbsar_m2_per_kg,q90,,,0.019372526280443135,,-1.446491199829931e-15,0.019372526280443135,0.019372526280443135
route_quantile,tokyo_hachiko,32,all_specular,total_transfer_m_inv2,q10,,,0.0,,,0.0,0.0
route_quantile,tokyo_hachiko,32,all_specular,total_transfer_m_inv2,q50,,,3.120253514590218e-05,,0.0,3.120253514590218e-05,3.120253514590218e-05
route_quantile,tokyo_hachiko,32,all_specular,total_transfer_m_inv2,q90,,,4.184944211006722e-05,,0.0,4.184944211006722e-05,4.184944211006722e-05
route_quantile,tokyo_hachiko,32,all_specular,wbsar_m2_per_kg,q10,,,0.0,,,0.0,0.0
route_quantile,tokyo_hachiko,32,all_specular,wbsar_m2_per_kg,q50,,,0.00161728297165855,,0.0,0.00161728297165855,0.00161728297165855
route_quantile,tokyo_hachiko,32,all_specular,wbsar_m2_per_kg,q90,,,0.0021314079385639714,,0.0,0.0021314079385639714,0.0021314079385639714
route_quantile,tokyo_hachiko,32,first_diffuse,total_transfer_m_inv2,q10,,,6.507761484391235e-07,,-0.010841650178069533,6.462081667942178e-07,6.560035464908726e-07
route_quantile,tokyo_hachiko,32,first_diffuse,total_transfer_m_inv2,q50,,,1.0046707919558086e-06,,0.022272900497525183,9.973830687140517e-07,1.012631590225348e-06
route_quantile,tokyo_hachiko,32,first_diffuse,total_transfer_m_inv2,q90,,,9.382428432320197e-06,,-0.010832057570527317,9.28544570858234e-06,9.47306685481775e-06
route_quantile,tokyo_hachiko,32,first_diffuse,wbsar_m2_per_kg,q10,,,3.247533049697784e-05,,-0.010337375685466676,3.219426600830139e-05,3.279894198953216e-05
route_quantile,tokyo_hachiko,32,first_diffuse,wbsar_m2_per_kg,q50,,,4.519146693301937e-05,,0.020061773132904366,4.483756994483808e-05,4.5555735395560115e-05
route_quantile,tokyo_hachiko,32,first_diffuse,wbsar_m2_per_kg,q90,,,0.000465139040563028,,-0.01627793285548342,0.00045982455764564115,0.0004699901033814799
route_quantile,tokyo_hachiko,32,total,total_transfer_m_inv2,q10,,,8.198949913790745e-07,,-0.0016261228451277324,8.131486583388339e-07,8.262400181243223e-07
route_quantile,tokyo_hachiko,32,total,total_transfer_m_inv2,q50,,,0.00018984071516890845,,5.350977078119842e-06,0.00018983511046122877,0.00018984631688736324
route_quantile,tokyo_hachiko,32,total,total_transfer_m_inv2,q90,,,0.0004431748022853453,,-0.0002296050286490028,0.00044307781956160754,0.00044326544070784286
route_quantile,tokyo_hachiko,32,total,wbsar_m2_per_kg,q10,,,3.652499982348236e-05,,-0.00441855064820572,3.621007983183417e-05,3.683284328342716e-05
route_quantile,tokyo_hachiko,32,total,wbsar_m2_per_kg,q50,,,0.00967389320707935,,2.9550439121749823e-06,0.009673557632926363,0.009674231387968016
route_quantile,tokyo_hachiko,32,total,wbsar_m2_per_kg,q90,,,0.02519862247017987,,-0.0003010262337453389,0.02519330798726248,0.02520347353299832
pointwise,tokyo_hachiko,32,total,total_transfer_m_inv2,,0,nonshadowed,0.000204160132018417,0.00020415823387562462,4.037795061163518e-05,,
pointwise,tokyo_hachiko,32,total,total_transfer_m_inv2,,1,nonshadowed,0.0001890425482489035,0.00018904699216054847,-0.00010209043622202593,,
pointwise,tokyo_hachiko,32,total,total_transfer_m_inv2,,2,nonshadowed,0.00019063888208891344,0.00019063397036902683,0.00011189534370286989,,
pointwise,tokyo_hachiko,32,total,total_transfer_m_inv2,,3,nonshadowed,0.00018260763903518644,0.00018260738556180383,6.028344069549065e-06,,
pointwise,tokyo_hachiko,32,total,total_transfer_m_inv2,,4,nonshadowed,0.00018510383349618382,0.00018510623530054973,-5.6351270300734875e-05,,
pointwise,tokyo_hachiko,32,total,total_transfer_m_inv2,,5,nonshadowed,0.00018555505749197256,0.0001855643625560477,-0.00021778100331770162,,
pointwise,tokyo_hachiko,32,total,total_transfer_m_inv2,,6,nonshadowed,0.00017459891527050987,0.00017459112528334293,0.0001937711875115294,,
pointwise,tokyo_hachiko,32,total,total_transfer_m_inv2,,7,nonshadowed,0.00019579713000346307,0.0001957946414118541,5.519940317406031e-05,,
pointwise,tokyo_hachiko,32,total,total_transfer_m_inv2,,8,nonshadowed,0.00022602820690520564,0.00022601245662651307,0.0003026391065776722,,
pointwise,tokyo_hachiko,32,total,total_transfer_m_inv2,,9,nonshadowed,0.0002044695645309823,0.00020446645873330418,6.596781485613854e-05,,
pointwise,tokyo_hachiko,32,total,total_transfer_m_inv2,,10,nonshadowed,0.0005158601670364818,0.0005158590709481843,9.227803103167227e-06,,
pointwise,tokyo_hachiko,32,total,total_transfer_m_inv2,,11,nonshadowed,0.0029066813710099688,0.002906614054742131,0.0001005800721434571,,
pointwise,tokyo_hachiko,32,total,total_transfer_m_inv2,,12,nonshadowed,0.00037048943753420884,0.0003705373948456095,-0.0005621279777525753,,
pointwise,tokyo_hachiko,32,total,total_transfer_m_inv2,,13,shadow,1.1342385041382015e-06,1.1340011768075346e-06,0.0009088100464461801,,
pointwise,tokyo_hachiko,32,total,total_transfer_m_inv2,,14,shadow,5.055514786199475e-07,5.064029052156453e-07,-0.007308036121336231,,
pointwise,tokyo_hachiko,32,total,total_transfer_m_inv2,,15,shadow,3.4096225297692833e-07,3.3958566777785793e-07,0.017569495195437934,,
pointwise,tokyo_hachiko,32,total,wbsar_m2_per_kg,,0,nonshadowed,0.010137430292160104,0.010137399534406361,1.3176853113306856e-05,,
pointwise,tokyo_hachiko,32,total,wbsar_m2_per_kg,,1,nonshadowed,0.009621146362308099,0.009621390857411833,-0.00011036265456793234,,
pointwise,tokyo_hachiko,32,total,wbsar_m2_per_kg,,2,nonshadowed,0.009726640051850602,0.009726382392053003,0.00011504662438373345,,
pointwise,tokyo_hachiko,32,total,wbsar_m2_per_kg,,3,nonshadowed,0.00935576800632843,0.009355687812446814,3.722613633679091e-05,,
pointwise,tokyo_hachiko,32,total,wbsar_m2_per_kg,,4,nonshadowed,0.009363284883033106,0.00936341119545065,-5.858672101745187e-05,,
pointwise,tokyo_hachiko,32,total,wbsar_m2_per_kg,,5,nonshadowed,0.009379321618340326,0.009379864895041072,-0.0002515482994727375,,
pointwise,tokyo_hachiko,32,total,wbsar_m2_per_kg,,6,nonshadowed,0.008888075349597362,0.008887612910276113,0.0002259657601357443,,
pointwise,tokyo_hachiko,32,total,wbsar_m2_per_kg,,7,nonshadowed,0.010057864456458825,0.010057778242386243,3.722704419220938e-05,,
pointwise,tokyo_hachiko,32,total,wbsar_m2_per_kg,,8,nonshadowed,0.011372964965852278,0.01137200234349175,0.0003676079845686358,,
pointwise,tokyo_hachiko,32,total,wbsar_m2_per_kg,,9,nonshadowed,0.010213778625148402,0.010213558336596767,9.366869757365269e-05,,
pointwise,tokyo_hachiko,32,total,wbsar_m2_per_kg,,10,nonshadowed,0.02996925168962078,0.029969040614394496,3.0587726982851654e-05,,
pointwise,tokyo_hachiko,32,total,wbsar_m2_per_kg,,11,nonshadowed,0.10658835218640511,0.10659119052474007,-0.00011564661984417803,,
pointwise,tokyo_hachiko,32,total,wbsar_m2_per_kg,,12,nonshadowed,0.02042799325073896,0.02043169767420161,-0.0007874805885463639,,
pointwise,tokyo_hachiko,32,total,wbsar_m2_per_kg,,13,shadow,4.5894312140003153e-05,4.594019992960739e-05,-0.0043401581870129696,,
pointwise,tokyo_hachiko,32,total,wbsar_m2_per_kg,,14,shadow,2.7155687506961568e-05,2.7184159256699136e-05,-0.004551034156011886,,
pointwise,tokyo_hachiko,32,total,wbsar_m2_per_kg,,15,shadow,1.779757643862435e-05,1.774031648407619e-05,0.013995035590854321,,
route_quantile,tokyo_hachiko,48,direct,total_transfer_m_inv2,q10,,,0.0,,,0.0,0.0
route_quantile,tokyo_hachiko,48,direct,total_transfer_m_inv2,q50,,,0.00015593378598433792,,1.928654933106574e-15,0.00015593378598433792,0.00015593378598433792
route_quantile,tokyo_hachiko,48,direct,total_transfer_m_inv2,q90,,,0.00034336407370168606,,-1.9286549331065747e-15,0.00034336407370168606,0.00034336407370168606
route_quantile,tokyo_hachiko,48,direct,wbsar_m2_per_kg,q10,,,0.0,,,0.0,0.0
route_quantile,tokyo_hachiko,48,direct,wbsar_m2_per_kg,q50,,,0.007893319357087808,,4.821637332766433e-15,0.007893319357087808,0.007893319357087808
route_quantile,tokyo_hachiko,48,direct,wbsar_m2_per_kg,q90,,,0.019372526280443128,,-2.8929823996598624e-15,0.019372526280443128,0.019372526280443128
route_quantile,tokyo_hachiko,48,all_specular,total_transfer_m_inv2,q10,,,0.0,,,0.0,0.0
route_quantile,tokyo_hachiko,48,all_specular,total_transfer_m_inv2,q50,,,3.120253514590219e-05,,1.928654933106574e-15,3.120253514590219e-05,3.120253514590219e-05
route_quantile,tokyo_hachiko,48,all_specular,total_transfer_m_inv2,q90,,,4.184944211006724e-05,,9.64327466553287e-16,4.184944211006724e-05,4.184944211006724e-05
route_quantile,tokyo_hachiko,48,all_specular,wbsar_m2_per_kg,q10,,,0.0,,,0.0,0.0
route_quantile,tokyo_hachiko,48,all_specular,wbsar_m2_per_kg,q50,,,0.00161728297165855,,0.0,0.00161728297165855,0.00161728297165855
route_quantile,tokyo_hachiko,48,all_specular,wbsar_m2_per_kg,q90,,,0.0021314079385639714,,0.0,0.0021314079385639714,0.0021314079385639714
route_quantile,tokyo_hachiko,48,first_diffuse,total_transfer_m_inv2,q10,,,6.49846469049028e-07,,-0.017050287370636498,6.461950011302048e-07,6.537785277676317e-07
route_quantile,tokyo_hachiko,48,first_diffuse,total_transfer_m_inv2,q50,,,1.005233801474444e-06,,0.02470597054867929,9.994469677240388e-07,1.0108926606493304e-06
route_quantile,tokyo_hachiko,48,first_diffuse,total_transfer_m_inv2,q90,,,9.39538540350609e-06,,-0.004838663418815528,9.303744606172475e-06,9.483125433388765e-06
route_quantile,tokyo_hachiko,48,first_diffuse,wbsar_m2_per_kg,q10,,,3.2452238479751883e-05,,-0.013426583009306072,3.2231863641279196e-05,3.269508790094644e-05
route_quantile,tokyo_hachiko,48,first_diffuse,wbsar_m2_per_kg,q50,,,4.5119041074130106e-05,,0.013095992893146313,4.4834137202633055e-05,4.539954323030858e-05
route_quantile,tokyo_hachiko,48,first_diffuse,wbsar_m2_per_kg,q90,,,0.00046621894413064884,,-0.006206695408873635,0.0004613042894203315,0.0004710545443575705
route_quantile,tokyo_hachiko,48,total,total_transfer_m_inv2,q10,,,8.171450011499418e-07,,-0.01621717389655736,8.117517203136851e-07,8.22888283609164e-07
route_quantile,tokyo_hachiko,48,total,total_transfer_m_inv2,q50,,,0.00018983746141937205,,-6.90849824437953e-05,0.00018983232282314492,0.0001898427473178542
route_quantile,tokyo_hachiko,48,total,total_transfer_m_inv2,q90,,,0.0004431877592565312,,-0.00010263348601472356,0.00044309611845919767,0.00044327549928641384
route_quantile,tokyo_hachiko,48,total,wbsar_m2_per_kg,q10,,,3.638697599798735e-05,,-0.02086113273732005,3.61218987356698e-05,3.6660055315651166e-05
route_quantile,tokyo_hachiko,48,total,wbsar_m2_per_kg,q50,,,0.009673701575057533,,-8.307604219512393e-05,0.009673395234847209,0.00967401954616921
route_quantile,tokyo_hachiko,48,total,wbsar_m2_per_kg,q90,,,0.025199702373747492,,-0.00011491046028269786,0.02519478771903717,0.025204537973974414
pointwise,tokyo_hachiko,48,total,total_transfer_m_inv2,,0,nonshadowed,0.00020415863211614281,0.00020415823387562462,8.471541292485737e-06,,
pointwise,tokyo_hachiko,48,total,total_transfer_m_inv2,,1,nonshadowed,0.00018904048440579447,0.00018904699216054847,-0.0001495041309057905,,
pointwise,tokyo_hachiko,48,total,total_transfer_m_inv2,,2,nonshadowed,0.00019063443843294966,0.00019063397036902683,1.0663226963742628e-05,,
pointwise,tokyo_hachiko,48,total,total_transfer_m_inv2,,3,nonshadowed,0.0001826049505661108,0.00018260738556180383,-5.791180025157122e-05,,
pointwise,tokyo_hachiko,48,total,total_transfer_m_inv2,,4,nonshadowed,0.0001851053345197463,0.00018510623530054973,-2.113408462791111e-05,,
pointwise,tokyo_hachiko,48,total,total_transfer_m_inv2,,5,nonshadowed,0.0001855538092793136,0.0001855643625560477,-0.00024699571191509704,,
pointwise,tokyo_hachiko,48,total,total_transfer_m_inv2,,6,nonshadowed,0.00017459788406418302,0.00017459112528334293,0.00016812105450313275,,
pointwise,tokyo_hachiko,48,total,total_transfer_m_inv2,,7,nonshadowed,0.0001957992872288272,0.0001957946414118541,0.00010304821029547638,,
pointwise,tokyo_hachiko,48,total,total_transfer_m_inv2,,8,nonshadowed,0.0002260230785121796,0.00022601245662651307,0.00020410016357701042,,
pointwise,tokyo_hachiko,48,total,total_transfer_m_inv2,,9,nonshadowed,0.0002044608605433609,0.00020446645873330418,-0.00011890929691179213,,
pointwise,tokyo_hachiko,48,total,total_transfer_m_inv2,,10,nonshadowed,0.0005158563739968414,0.0005158590709481843,-2.2705312631001206e-05,,
pointwise,tokyo_hachiko,48,total,total_transfer_m_inv2,,11,nonshadowed,0.0029064057339241345,0.002906614054742131,-0.00031127567099149063,,
pointwise,tokyo_hachiko,48,total,total_transfer_m_inv2,,12,nonshadowed,0.00037051914451622097,0.0003705373948456095,-0.00021391127200062488,,
pointwise,tokyo_hachiko,48,total,total_transfer_m_inv2,,13,shadow,1.132098906022618e-06,1.1340011768075346e-06,-0.007291345208345766,,
pointwise,tokyo_hachiko,48,total,total_transfer_m_inv2,,14,shadow,5.021910962772657e-07,5.064029052156453e-07,-0.03627180036158328,,
pointwise,tokyo_hachiko,48,total,total_transfer_m_inv2,,15,shadow,3.4236762866946476e-07,3.3958566777785793e-07,0.03543342256703124,,
pointwise,tokyo_hachiko,48,total,wbsar_m2_per_kg,,0,nonshadowed,0.010137334299585351,0.010137399534406361,-2.7947220441662464e-05,,
pointwise,tokyo_hachiko,48,total,wbsar_m2_per_kg,,1,nonshadowed,0.009621039973183278,0.009621390857411833,-0.00015838652154374612,,
pointwise,tokyo_hachiko,48,total,wbsar_m2_per_kg,,2,nonshadowed,0.009726363176931785,0.009726382392053003,-8.579787448987637e-06,,
pointwise,tokyo_hachiko,48,total,wbsar_m2_per_kg,,3,nonshadowed,0.009355571640911851,0.009355687812446814,-5.392759019262345e-05,,
pointwise,tokyo_hachiko,48,total,wbsar_m2_per_kg,,4,nonshadowed,0.009363409783348172,0.00936341119545065,-6.549625428108982e-07,,
pointwise,tokyo_hachiko,48,total,wbsar_m2_per_kg,,5,nonshadowed,0.009379262603064464,0.009379864895041072,-0.0002788744647661304,,
pointwise,tokyo_hachiko,48,total,wbsar_m2_per_kg,,6,nonshadowed,0.008888035461181056,0.008887612910276113,0.00020647519858555232,,
pointwise,tokyo_hachiko,48,total,wbsar_m2_per_kg,,7,nonshadowed,0.010058015422916223,0.010057778242386243,0.00010241325508097668,,
pointwise,tokyo_hachiko,48,total,wbsar_m2_per_kg,,8,nonshadowed,0.011372670138476452,0.01137200234349175,0.0002550220735978075,,
pointwise,tokyo_hachiko,48,total,wbsar_m2_per_kg,,9,nonshadowed,0.010213335355434741,0.010213558336596767,-9.481567750824828e-05,,
pointwise,tokyo_hachiko,48,total,wbsar_m2_per_kg,,10,nonshadowed,0.029969509020065916,0.029969040614394496,6.78781851190313e-05,,
pointwise,tokyo_hachiko,48,total,wbsar_m2_per_kg,,11,nonshadowed,0.10657577720117935,0.10659119052474007,-0.0006280449033253064,,
pointwise,tokyo_hachiko,48,total,wbsar_m2_per_kg,,12,nonshadowed,0.02042989572742907,0.02043169767420161,-0.00038303721189415513,,
pointwise,tokyo_hachiko,48,total,wbsar_m2_per_kg,,13,shadow,4.5789348838530515e-05,4.594019992960739e-05,-0.014284133386284422,,
pointwise,tokyo_hachiko,48,total,wbsar_m2_per_kg,,14,shadow,2.698460315744419e-05,2.7184159256699136e-05,-0.03199870218341462,,
pointwise,tokyo_hachiko,48,total,wbsar_m2_per_kg,,15,shadow,1.7900248224672165e-05,1.774031648407619e-05,0.03897690129283354,,
route_quantile,tokyo_hachiko,64,direct,total_transfer_m_inv2,q10,,,0.0,,,0.0,0.0
route_quantile,tokyo_hachiko,64,direct,total_transfer_m_inv2,q50,,,0.00015593378598433775,,-2.8929823996598624e-15,0.00015593378598433775,0.00015593378598433775
route_quantile,tokyo_hachiko,64,direct,total_transfer_m_inv2,q90,,,0.000343364073701686,,-2.8929823996598624e-15,0.000343364073701686,0.000343364073701686
route_quantile,tokyo_hachiko,64,direct,wbsar_m2_per_kg,q10,,,0.0,,,0.0,0.0
route_quantile,tokyo_hachiko,64,direct,wbsar_m2_per_kg,q50,,,0.00789331935708781,,5.785964799319719e-15,0.00789331935708781,0.00789331935708781
route_quantile,tokyo_hachiko,64,direct,wbsar_m2_per_kg,q90,,,0.019372526280443135,,-1.446491199829931e-15,0.019372526280443135,0.019372526280443135
route_quantile,tokyo_hachiko,64,all_specular,total_transfer_m_inv2,q10,,,0.0,,,0.0,0.0
route_quantile,tokyo_hachiko,64,all_specular,total_transfer_m_inv2,q50,,,3.1202535145902205e-05,,3.857309866213147e-15,3.1202535145902205e-05,3.1202535145902205e-05
route_quantile,tokyo_hachiko,64,all_specular,total_transfer_m_inv2,q90,,,4.184944211006725e-05,,2.8929823996598604e-15,4.184944211006725e-05,4.184944211006725e-05
route_quantile,tokyo_hachiko,64,all_specular,wbsar_m2_per_kg,q10,,,0.0,,,0.0,0.0
route_quantile,tokyo_hachiko,64,all_specular,wbsar_m2_per_kg,q50,,,0.00161728297165855,,0.0,0.00161728297165855,0.00161728297165855
route_quantile,tokyo_hachiko,64,all_specular,wbsar_m2_per_kg,q90,,,0.00213140793856397,,-2.410818666383218e-15,0.00213140793856397,0.00213140793856397
route_quantile,tokyo_hachiko,64,first_diffuse,total_transfer_m_inv2,q10,,,6.482776987398047e-07,,-0.027547104813023894,6.448610130238908e-07,6.516361525035192e-07
route_quantile,tokyo_hachiko,64,first_diffuse,total_transfer_m_inv2,q50,,,1.0047740183379014e-06,,0.022719099845121,9.99255485557504e-07,1.0102895678205228e-06
route_quantile,tokyo_hachiko,64,first_diffuse,total_transfer_m_inv2,q90,,,9.391128125660039e-06,,-0.006807003425329284,9.316660603970415e-06,9.47053008781304e-06
route_quantile,tokyo_hachiko,64,first_diffuse,wbsar_m2_per_kg,q10,,,3.2354995127071846e-05,,-0.026459783414786924,3.215030292187575e-05,3.256015731366168e-05
route_quantile,tokyo_hachiko,64,first_diffuse,wbsar_m2_per_kg,q50,,,4.508563077679199e-05,,0.0098788849233554,4.481744590876819e-05,4.5341490682336754e-05
route_quantile,tokyo_hachiko,64,first_diffuse,wbsar_m2_per_kg,q90,,,0.00046610219383015026,,-0.007294389540597845,0.0004620294380755986,0.00047032689810836326
route_quantile,tokyo_hachiko,64,total,total_transfer_m_inv2,q10,,,8.165734791272104e-07,,-0.019255749684004664,8.117513182042878e-07,8.212309926380265e-07
route_quantile,tokyo_hachiko,64,total,total_transfer_m_inv2,q50,,,0.00018983661212636628,,-8.851445059132925e-05,0.0001898318627789958,0.00018984110871985801
route_quantile,tokyo_hachiko,64,total,total_transfer_m_inv2,q90,,,0.0004431835019786851,,-0.0001443521733717212,0.00044310903445699543,0.00044326290394083813
route_quantile,tokyo_hachiko,64,total,wbsar_m2_per_kg,q10,,,3.634582286181274e-05,,-0.02577571931754099,3.611547322753879e-05,3.6565597863681244e-05
route_quantile,tokyo_hachiko,64,total,wbsar_m2_per_kg,q50,,,0.009673651662657361,,-0.00010548394440994964,0.009673368567638186,0.00967392264965537
route_quantile,tokyo_hachiko,64,total,wbsar_m2_per_kg,q90,,,0.025199585623447,,-0.0001350313839227937,0.025195512867692445,0.025203810327725205
pointwise,tokyo_hachiko,64,total,total_transfer_m_inv2,,0,nonshadowed,0.00020416156045641659,0.00020415823387562462,7.076393070597016e-05,,
pointwise,tokyo_hachiko,64,total,total_transfer_m_inv2,,1,nonshadowed,0.0001890390720452803,0.00018904699216054847,-0.00018195129009743397,,
pointwise,tokyo_hachiko,64,total,total_transfer_m_inv2,,2,nonshadowed,0.00019063415220745223,0.00019063397036902683,4.142566349588189e-06,,
pointwise,tokyo_hachiko,64,total,total_transfer_m_inv2,,3,nonshadowed,0.00018260853678133277,0.00018260738556180383,2.7379325943680232e-05,,
pointwise,tokyo_hachiko,64,total,total_transfer_m_inv2,,4,nonshadowed,0.00018510284237506464,0.00018510623530054973,-7.960522334988798e-05,,
pointwise,tokyo_hachiko,64,total,total_transfer_m_inv2,,5,nonshadowed,0.00018555521781849553,0.0001855643625560477,-0.00021402853787205636,,
pointwise,tokyo_hachiko,64,total,total_transfer_m_inv2,,6,nonshadowed,0.00017459734663965637,0.00017459112528334293,0.00015475314533135994,,
pointwise,tokyo_hachiko,64,total,total_transfer_m_inv2,,7,nonshadowed,0.00019579890508708076,0.0001957946414118541,9.457207046386173e-05,,
pointwise,tokyo_hachiko,64,total,total_transfer_m_inv2,,8,nonshadowed,0.00022602241606764349,0.00022601245662651307,0.0001913715329395315,,
pointwise,tokyo_hachiko,64,total,total_transfer_m_inv2,,9,nonshadowed,0.0002044602682432721,0.00020446645873330418,-0.00013149033721970903,,
pointwise,tokyo_hachiko,64,total,total_transfer_m_inv2,,10,nonshadowed,0.0005158534835339264,0.0005158590709481843,-4.703990796321106e-05,,
pointwise,tokyo_hachiko,64,total,total_transfer_m_inv2,,11,nonshadowed,0.0029063273351736993,0.002906614054742131,-0.00042842588002206853,,
pointwise,tokyo_hachiko,64,total,total_transfer_m_inv2,,12,nonshadowed,0.00037051352042344386,0.0003705373948456095,-0.0002798331287396519,,
pointwise,tokyo_hachiko,64,total,total_transfer_m_inv2,,13,shadow,1.1316012579139614e-06,1.1340011768075346e-06,-0.009200836884355513,,
pointwise,tokyo_hachiko,64,total,total_transfer_m_inv2,,14,shadow,5.015457003404594e-07,5.064029052156453e-07,-0.04185676912172474,,
pointwise,tokyo_hachiko,64,total,total_transfer_m_inv2,,15,shadow,3.420261423294064e-07,3.3958566777785793e-07,0.031099495178306694,,
pointwise,tokyo_hachiko,64,total,wbsar_m2_per_kg,,0,nonshadowed,0.010137500269956535,0.010137399534406361,4.315571864139794e-05,,
pointwise,tokyo_hachiko,64,total,wbsar_m2_per_kg,,1,nonshadowed,0.009620943558403676,0.009621390857411833,-0.0002019084450363837,,
pointwise,tokyo_hachiko,64,total,wbsar_m2_per_kg,,2,nonshadowed,0.009726359766911049,0.009726382392053003,-1.0102405329338879e-05,,
pointwise,tokyo_hachiko,64,total,wbsar_m2_per_kg,,3,nonshadowed,0.009355779733187656,0.009355687812446814,4.2669737606899e-05,,
pointwise,tokyo_hachiko,64,total,wbsar_m2_per_kg,,4,nonshadowed,0.009363262990970414,0.00936341119545065,-6.874086377623116e-05,,
pointwise,tokyo_hachiko,64,total,wbsar_m2_per_kg,,5,nonshadowed,0.009379343663946464,0.009379864895041072,-0.00024134044624672348,,
pointwise,tokyo_hachiko,64,total,wbsar_m2_per_kg,,6,nonshadowed,0.00888800325253113,0.008887612910276113,0.0001907371152506775,,
pointwise,tokyo_hachiko,64,total,wbsar_m2_per_kg,,7,nonshadowed,0.010057985215365628,0.010057778242386243,8.936993422337881e-05,,
pointwise,tokyo_hachiko,64,total,wbsar_m2_per_kg,,8,nonshadowed,0.01137263728444572,0.01137200234349175,0.00024247590397194713,,
pointwise,tokyo_hachiko,64,total,wbsar_m2_per_kg,,9,nonshadowed,0.010213356488282192,0.010213558336596767,-8.582951459439536e-05,,
pointwise,tokyo_hachiko,64,total,wbsar_m2_per_kg,,10,nonshadowed,0.029968909537149452,0.029969040614394496,-1.899501870913537e-05,,
pointwise,tokyo_hachiko,64,total,wbsar_m2_per_kg,,11,nonshadowed,0.10657199437481625,0.10659119052474007,-0.0007821971708829642,,
pointwise,tokyo_hachiko,64,total,wbsar_m2_per_kg,,12,nonshadowed,0.020430261709744543,0.02043169767420161,-0.0003052381479363623,,
pointwise,tokyo_hachiko,64,total,wbsar_m2_per_kg,,13,shadow,4.575473689378277e-05,4.594019992960739e-05,-0.017568185481602924,,
pointwise,tokyo_hachiko,64,total,wbsar_m2_per_kg,,14,shadow,2.6936908829842696e-05,2.7184159256699136e-05,-0.03968149442488931,,
pointwise,tokyo_hachiko,64,total,wbsar_m2_per_kg,,15,shadow,1.785725596845204e-05,1.774031648407619e-05,0.02853360606888789,,
