scope,site,standpoint,component,category,event_count,transport_contribution,transport_fraction,mean_sab_w_m2,absorbed_power_w,sar_wb_w_kg,body_fraction_sar_wb_w_kg,status
standpoint,korenmarkt,0,direct,N/A,N/A,N/A,N/A,N/A,N/A,N/A,N/A,N/A
standpoint,korenmarkt,0,specular,atlas_interface,12304,0.0032139212297592227,0.9425453777280479,6.617301884053656,12.39088414400766,0.17114480861889042,0.9369825367610837,pass
standpoint,korenmarkt,0,specular,nonblocking_woody_atlas,0,0.0,0.0,0.0,0.0,0.0,0.0,pass
standpoint,korenmarkt,0,specular,geometric_no_panorama_evidence,112,2.4315741502909167e-05,0.0071310676650634935,0.055911731131315846,0.10469460134628852,0.0014460580296448689,0.007916869532032248,pass
standpoint,korenmarkt,0,specular,geometric_evidence_refused_host_compatibility,1376,0.0001715948582739667,0.050323554606888594,0.3891398700016653,0.7286636048182054,0.010064414431190685,0.05510059370688404,pass
standpoint,korenmarkt,0,specular,geometric_evidence_refused_atlas_state,0,0.0,0.0,0.0,0.0,0.0,0.0,pass
standpoint,korenmarkt,0,specular,geometric_evidence_refused_insufficient_structural_mass,0,0.0,0.0,0.0,0.0,0.0,0.0,pass
standpoint,korenmarkt,0,specular,geometric_fallback_other,0,0.0,0.0,0.0,0.0,0.0,0.0,pass
standpoint,korenmarkt,0,first_diffuse,atlas_interface,1246379,3.2507997259565535e-05,0.37749788742320445,0.056483023312374245,0.10576434477826502,0.0014608334914125,0.3169160310353455,pass
standpoint,korenmarkt,0,first_diffuse,nonblocking_woody_atlas,0,0.0,0.0,0.0,0.0,0.0,0.0,pass
standpoint,korenmarkt,0,first_diffuse,geometric_no_panorama_evidence,23644,3.424754467163943e-06,0.039769831588660876,0.007992235569551259,0.014965444637272927,0.00020670503642642162,0.04484298869403476,pass
standpoint,korenmarkt,0,first_diffuse,geometric_evidence_refused_host_compatibility,82132,5.0181630214490626e-05,0.5827322809881347,0.11375183530402537,0.2130000772394852,0.0029419900171199606,0.6382409802706198,pass
standpoint,korenmarkt,0,first_diffuse,geometric_evidence_refused_atlas_state,0,0.0,0.0,0.0,0.0,0.0,0.0,pass
standpoint,korenmarkt,0,first_diffuse,geometric_evidence_refused_insufficient_structural_mass,0,0.0,0.0,0.0,0.0,0.0,0.0,pass
standpoint,korenmarkt,0,first_diffuse,geometric_fallback_other,0,0.0,0.0,0.0,0.0,0.0,0.0,pass
standpoint,korenmarkt,0,non_direct,atlas_interface,1258683,0.003246429227018788,0.928626766727887,6.673784907366031,12.496648488785926,0.1726056421103029,0.9217195823189537,pass
standpoint,korenmarkt,0,non_direct,nonblocking_woody_atlas,0,0.0,0.0,0.0,0.0,0.0,0.0,pass
standpoint,korenmarkt,0,non_direct,geometric_no_panorama_evidence,23756,2.7740495970073112e-05,0.007935046563073554,0.06390396670086711,0.11966004598356145,0.0016527630660712906,0.008825806991627255,pass
standpoint,korenmarkt,0,non_direct,geometric_evidence_refused_host_compatibility,83508,0.0002217764884884573,0.06343818670903947,0.5028917053056906,0.9416636820576906,0.013006404448310645,0.06945461068941897,pass
standpoint,korenmarkt,0,non_direct,geometric_evidence_refused_atlas_state,0,0.0,0.0,0.0,0.0,0.0,0.0,pass
standpoint,korenmarkt,0,non_direct,geometric_evidence_refused_insufficient_structural_mass,0,0.0,0.0,0.0,0.0,0.0,0.0,pass
standpoint,korenmarkt,0,non_direct,geometric_fallback_other,0,0.0,0.0,0.0,0.0,0.0,0.0,pass
standpoint,korenmarkt,1,direct,N/A,N/A,N/A,N/A,N/A,N/A,N/A,N/A,N/A
standpoint,korenmarkt,1,specular,atlas_interface,12240,0.003338973029410103,0.8929862755592692,7.033126675017043,13.169515208346722,0.18189938133075587,0.899821557959928,pass
standpoint,korenmarkt,1,specular,nonblocking_woody_atlas,0,0.0,0.0,0.0,0.0,0.0,0.0,pass
standpoint,korenmarkt,1,specular,geometric_no_panorama_evidence,352,1.8416195128339579e-06,0.000492528970817537,0.004430609509452358,0.008296307177893548,0.00011458987814770089,0.0005668542791457446,pass
standpoint,korenmarkt,1,specular,geometric_evidence_refused_host_compatibility,1472,0.00039829436181626395,0.10652119546991312,0.7785776066651768,1.4578849643470118,0.02013653265672668,0.0996115877609262,pass
standpoint,korenmarkt,1,specular,geometric_evidence_refused_atlas_state,0,0.0,0.0,0.0,0.0,0.0,0.0,pass
standpoint,korenmarkt,1,specular,geometric_evidence_refused_insufficient_structural_mass,0,0.0,0.0,0.0,0.0,0.0,0.0,pass
standpoint,korenmarkt,1,specular,geometric_fallback_other,0,0.0,0.0,0.0,0.0,0.0,0.0,pass
standpoint,korenmarkt,1,first_diffuse,atlas_interface,1274077,2.8670782046477214e-05,0.33265678520125963,0.050667412793656635,0.09487462606409337,0.0013104230119349914,0.2767753391744437,pass
standpoint,korenmarkt,1,first_diffuse,nonblocking_woody_atlas,0,0.0,0.0,0.0,0.0,0.0,0.0,pass
standpoint,korenmarkt,1,first_diffuse,geometric_no_panorama_evidence,16834,1.9384235165194312e-06,0.022490831757521076,0.004556474838609189,0.008531989747414509,0.00011784516225710647,0.024890157191009454,pass
standpoint,korenmarkt,1,first_diffuse,geometric_evidence_refused_host_compatibility,95811,5.55780700975049e-05,0.6448523830412193,0.12783943348870438,0.2393790758150737,0.003306340826175051,0.6983345036345469,pass
standpoint,korenmarkt,1,first_diffuse,geometric_evidence_refused_atlas_state,0,0.0,0.0,0.0,0.0,0.0,0.0,pass
standpoint,korenmarkt,1,first_diffuse,geometric_evidence_refused_insufficient_structural_mass,0,0.0,0.0,0.0,0.0,0.0,0.0,pass
standpoint,korenmarkt,1,first_diffuse,geometric_fallback_other,0,0.0,0.0,0.0,0.0,0.0,0.0,pass
standpoint,korenmarkt,1,non_direct,atlas_interface,1286317,0.0033676438114565803,0.880361561385391,7.0837940878107,13.264389834410816,0.18320980434269085,0.88556301516658,pass
standpoint,korenmarkt,1,non_direct,nonblocking_woody_atlas,0,0.0,0.0,0.0,0.0,0.0,0.0,pass
standpoint,korenmarkt,1,non_direct,geometric_no_panorama_evidence,17186,3.7800430293533893e-06,0.0009881699994828623,0.008987084348061548,0.01682829692530806,0.00023243504040480734,0.00112349814438006,pass
standpoint,korenmarkt,1,non_direct,geometric_evidence_refused_host_compatibility,97283,0.0004538724319137689,0.11865026861512605,0.9064170401538812,1.6972640401620855,0.02344287348290173,0.11331348668903997,pass
standpoint,korenmarkt,1,non_direct,geometric_evidence_refused_atlas_state,0,0.0,0.0,0.0,0.0,0.0,0.0,pass
standpoint,korenmarkt,1,non_direct,geometric_evidence_refused_insufficient_structural_mass,0,0.0,0.0,0.0,0.0,0.0,0.0,pass
standpoint,korenmarkt,1,non_direct,geometric_fallback_other,0,0.0,0.0,0.0,0.0,0.0,0.0,pass
standpoint,korenmarkt,2,direct,N/A,N/A,N/A,N/A,N/A,N/A,N/A,N/A,N/A
standpoint,korenmarkt,2,specular,atlas_interface,11760,0.003400398104897604,0.9331957353177814,7.0370767021591725,13.176911626031968,0.18200154179602177,0.9350992659964324,pass
standpoint,korenmarkt,2,specular,nonblocking_woody_atlas,0,0.0,0.0,0.0,0.0,0.0,0.0,pass
standpoint,korenmarkt,2,specular,geometric_no_panorama_evidence,96,9.334698680457835e-06,0.0025617885701480505,0.022117724265465218,0.041415393117081575,0.000572035816534276,0.002939042531652683,pass
standpoint,korenmarkt,2,specular,geometric_evidence_refused_host_compatibility,928,0.00023408807580011645,0.06424247611207053,0.46629185941960766,0.8731305460440774,0.01205981417187952,0.06196169147191483,pass
standpoint,korenmarkt,2,specular,geometric_evidence_refused_atlas_state,0,0.0,0.0,0.0,0.0,0.0,0.0,pass
standpoint,korenmarkt,2,specular,geometric_evidence_refused_insufficient_structural_mass,0,0.0,0.0,0.0,0.0,0.0,0.0,pass
standpoint,korenmarkt,2,specular,geometric_fallback_other,0,0.0,0.0,0.0,0.0,0.0,0.0,pass
standpoint,korenmarkt,2,first_diffuse,atlas_interface,1308052,3.0115424575492076e-05,0.36578524969978393,0.053857109274702414,0.10084732615299666,0.0013929188695165286,0.31022654069850986,pass
standpoint,korenmarkt,2,first_diffuse,nonblocking_woody_atlas,0,0.0,0.0,0.0,0.0,0.0,0.0,pass
standpoint,korenmarkt,2,first_diffuse,geometric_no_panorama_evidence,10729,6.541292277651278e-07,0.007945125339813825,0.0015489548237801183,0.002900414716156789,4.0060976742497077e-05,0.008922255634416081,pass
standpoint,korenmarkt,2,first_diffuse,geometric_evidence_refused_host_compatibility,92901,5.156133460793251e-05,0.6262696249604023,0.11819967947663866,0.2213286562886384,0.0030570256393458346,0.6808512036670741,pass
standpoint,korenmarkt,2,first_diffuse,geometric_evidence_refused_atlas_state,0,0.0,0.0,0.0,0.0,0.0,0.0,pass
standpoint,korenmarkt,2,first_diffuse,geometric_evidence_refused_insufficient_structural_mass,0,0.0,0.0,0.0,0.0,0.0,0.0,pass
standpoint,korenmarkt,2,first_diffuse,geometric_fallback_other,0,0.0,0.0,0.0,0.0,0.0,0.0,pass
standpoint,korenmarkt,2,non_direct,atlas_interface,1319812,0.003430513529473096,0.9206585623076575,7.0909338114338745,13.277758952184964,0.1833944606655383,0.921009098779229,pass
standpoint,korenmarkt,2,non_direct,nonblocking_woody_atlas,0,0.0,0.0,0.0,0.0,0.0,0.0,pass
standpoint,korenmarkt,2,non_direct,geometric_no_panorama_evidence,10825,9.988827908222962e-06,0.002680735657245942,0.023666679089245336,0.044315807833238366,0.0006120967932767731,0.0030739571625863753,pass
standpoint,korenmarkt,2,non_direct,geometric_evidence_refused_host_compatibility,93829,0.000285649410408049,0.07666070203509653,0.5844915388962463,1.0944592023327158,0.015116839811225354,0.07591694405818473,pass
standpoint,korenmarkt,2,non_direct,geometric_evidence_refused_atlas_state,0,0.0,0.0,0.0,0.0,0.0,0.0,pass
standpoint,korenmarkt,2,non_direct,geometric_evidence_refused_insufficient_structural_mass,0,0.0,0.0,0.0,0.0,0.0,0.0,pass
standpoint,korenmarkt,2,non_direct,geometric_fallback_other,0,0.0,0.0,0.0,0.0,0.0,0.0,pass
standpoint,korenmarkt,3,direct,N/A,N/A,N/A,N/A,N/A,N/A,N/A,N/A,N/A
standpoint,korenmarkt,3,specular,atlas_interface,11680,0.004306560665090277,0.938062713947257,8.673471506145278,16.24105752496849,0.2243239989636532,0.9349770278975194,pass
standpoint,korenmarkt,3,specular,nonblocking_woody_atlas,0,0.0,0.0,0.0,0.0,0.0,0.0,pass
standpoint,korenmarkt,3,specular,geometric_no_panorama_evidence,48,2.4050743465107947e-06,0.0005238775775344959,0.005795300875724717,0.010851688949512172,0.00014988520648497475,0.000624717932689111,pass
standpoint,korenmarkt,3,specular,geometric_evidence_refused_host_compatibility,1392,0.0002819433768298406,0.061413408475208424,0.5974012258282021,1.118632564514476,0.015450726029205468,0.06439825416979143,pass
standpoint,korenmarkt,3,specular,geometric_evidence_refused_atlas_state,0,0.0,0.0,0.0,0.0,0.0,0.0,pass
standpoint,korenmarkt,3,specular,geometric_evidence_refused_insufficient_structural_mass,0,0.0,0.0,0.0,0.0,0.0,0.0,pass
standpoint,korenmarkt,3,specular,geometric_fallback_other,0,0.0,0.0,0.0,0.0,0.0,0.0,pass
standpoint,korenmarkt,3,first_diffuse,atlas_interface,1293970,4.219659473436496e-05,0.39807063535391646,0.0747858397928425,0.1400363309279417,0.0019342034658555484,0.33804922573013824,pass
standpoint,korenmarkt,3,first_diffuse,nonblocking_woody_atlas,0,0.0,0.0,0.0,0.0,0.0,0.0,pass
standpoint,korenmarkt,3,first_diffuse,geometric_no_panorama_evidence,9117,1.118623439204674e-06,0.01055277436412048,0.002526970015567649,0.004731746147736443,6.535560977536524e-05,0.011422486657529993,pass
standpoint,korenmarkt,3,first_diffuse,geometric_evidence_refused_host_compatibility,83738,6.268756371173277e-05,0.591376590281963,0.14391485202490936,0.2694802639033114,0.0037221030925871745,0.6505282876123318,pass
standpoint,korenmarkt,3,first_diffuse,geometric_evidence_refused_atlas_state,0,0.0,0.0,0.0,0.0,0.0,0.0,pass
standpoint,korenmarkt,3,first_diffuse,geometric_evidence_refused_insufficient_structural_mass,0,0.0,0.0,0.0,0.0,0.0,0.0,pass
standpoint,korenmarkt,3,first_diffuse,geometric_fallback_other,0,0.0,0.0,0.0,0.0,0.0,0.0,pass
standpoint,korenmarkt,3,non_direct,atlas_interface,1305650,0.004348757259824642,0.9258758422817606,8.74825734593812,16.38109385589643,0.22625820242950875,0.9210732173902377,pass
standpoint,korenmarkt,3,non_direct,nonblocking_woody_atlas,0,0.0,0.0,0.0,0.0,0.0,0.0,pass
standpoint,korenmarkt,3,non_direct,geometric_no_panorama_evidence,9165,3.523697785715469e-06,0.0007502158571681788,0.008322270891292366,0.015583435097248615,0.00021524081626033998,0.0008762226032816572,pass
standpoint,korenmarkt,3,non_direct,geometric_evidence_refused_host_compatibility,85130,0.0003446309405415734,0.07337394186107121,0.7413160778531115,1.3881128284177873,0.01917282912179264,0.07805056000648054,pass
standpoint,korenmarkt,3,non_direct,geometric_evidence_refused_atlas_state,0,0.0,0.0,0.0,0.0,0.0,0.0,pass
standpoint,korenmarkt,3,non_direct,geometric_evidence_refused_insufficient_structural_mass,0,0.0,0.0,0.0,0.0,0.0,0.0,pass
standpoint,korenmarkt,3,non_direct,geometric_fallback_other,0,0.0,0.0,0.0,0.0,0.0,0.0,pass
standpoint,korenmarkt,4,direct,N/A,N/A,N/A,N/A,N/A,N/A,N/A,N/A,N/A
standpoint,korenmarkt,4,specular,atlas_interface,10864,0.0036104801768589347,0.9489492480463491,7.032985852362163,13.16925151821561,0.181895739201873,0.9435890539906217,pass
standpoint,korenmarkt,4,specular,nonblocking_woody_atlas,0,0.0,0.0,0.0,0.0,0.0,0.0,pass
standpoint,korenmarkt,4,specular,geometric_no_panorama_evidence,48,5.702546664899283e-06,0.0014988109903744864,0.013719682805483031,0.02569007778607429,0.0003548353285369377,0.001840717838943051,pass
standpoint,korenmarkt,4,specular,geometric_evidence_refused_host_compatibility,1136,0.0001885309471935588,0.04955194096327637,0.406736005530922,0.7616123323427411,0.010519507352800283,0.05457022817043533,pass
standpoint,korenmarkt,4,specular,geometric_evidence_refused_atlas_state,0,0.0,0.0,0.0,0.0,0.0,0.0,pass
standpoint,korenmarkt,4,specular,geometric_evidence_refused_insufficient_structural_mass,0,0.0,0.0,0.0,0.0,0.0,0.0,pass
standpoint,korenmarkt,4,specular,geometric_fallback_other,0,0.0,0.0,0.0,0.0,0.0,0.0,pass
standpoint,korenmarkt,4,first_diffuse,atlas_interface,1267264,5.209474266856968e-05,0.3629721650551729,0.09150657518073466,0.17134587349139246,0.002366655711207078,0.3016307301410355,pass
standpoint,korenmarkt,4,first_diffuse,nonblocking_woody_atlas,0,0.0,0.0,0.0,0.0,0.0,0.0,pass
standpoint,korenmarkt,4,first_diffuse,geometric_no_panorama_evidence,7568,1.26318788891774e-06,0.008801311215393974,0.0029227712172919776,0.005472883082480735,7.559230776907093e-05,0.009634254309766686,pass
standpoint,korenmarkt,4,first_diffuse,geometric_evidence_refused_host_compatibility,90453,9.016476259627305e-05,0.6282265237294331,0.2089435066861015,0.39124628577534337,0.005403954223416345,0.6887350155491977,pass
standpoint,korenmarkt,4,first_diffuse,geometric_evidence_refused_atlas_state,0,0.0,0.0,0.0,0.0,0.0,0.0,pass
standpoint,korenmarkt,4,first_diffuse,geometric_evidence_refused_insufficient_structural_mass,0,0.0,0.0,0.0,0.0,0.0,0.0,pass
standpoint,korenmarkt,4,first_diffuse,geometric_fallback_other,0,0.0,0.0,0.0,0.0,0.0,0.0,pass
standpoint,korenmarkt,4,non_direct,atlas_interface,1278128,0.0036625749195275045,0.9276483426986208,7.124492427542898,13.340597391707002,0.18426239491308008,0.9184817459669241,pass
standpoint,korenmarkt,4,non_direct,nonblocking_woody_atlas,0,0.0,0.0,0.0,0.0,0.0,0.0,pass
standpoint,korenmarkt,4,non_direct,geometric_no_panorama_evidence,7616,6.965734553817023e-06,0.0017642648291165837,0.01664245402277501,0.031162960868555026,0.00043042763630600863,0.0021455269106496096,pass
standpoint,korenmarkt,4,non_direct,geometric_evidence_refused_host_compatibility,91589,0.00027869570978983186,0.07058739247226253,0.6156795122170236,1.1528586181180844,0.01592346157621663,0.07937272712242642,pass
standpoint,korenmarkt,4,non_direct,geometric_evidence_refused_atlas_state,0,0.0,0.0,0.0,0.0,0.0,0.0,pass
standpoint,korenmarkt,4,non_direct,geometric_evidence_refused_insufficient_structural_mass,0,0.0,0.0,0.0,0.0,0.0,0.0,pass
standpoint,korenmarkt,4,non_direct,geometric_fallback_other,0,0.0,0.0,0.0,0.0,0.0,0.0,pass
standpoint,korenmarkt,5,direct,N/A,N/A,N/A,N/A,N/A,N/A,N/A,N/A,N/A
standpoint,korenmarkt,5,specular,atlas_interface,10784,0.004236014704965325,0.9634192894154021,7.978600909659776,14.939913764718142,0.20635240006516764,0.9561464422682646,pass
standpoint,korenmarkt,5,specular,nonblocking_woody_atlas,0,0.0,0.0,0.0,0.0,0.0,0.0,pass
standpoint,korenmarkt,5,specular,geometric_no_panorama_evidence,80,1.0511668683686135e-05,0.002390724555780297,0.024576838382986244,0.04602007923553185,0.0006356364535294452,0.002945260309190785,pass
standpoint,korenmarkt,5,specular,geometric_evidence_refused_host_compatibility,720,0.00015032840339797627,0.034189986028817565,0.3413608675401746,0.639197521149989,0.008828695043508137,0.040908297422544496,pass
standpoint,korenmarkt,5,specular,geometric_evidence_refused_atlas_state,0,0.0,0.0,0.0,0.0,0.0,0.0,pass
standpoint,korenmarkt,5,specular,geometric_evidence_refused_insufficient_structural_mass,0,0.0,0.0,0.0,0.0,0.0,0.0,pass
standpoint,korenmarkt,5,specular,geometric_fallback_other,0,0.0,0.0,0.0,0.0,0.0,0.0,pass
standpoint,korenmarkt,5,first_diffuse,atlas_interface,1212792,5.451865739881476e-05,0.22069323950634123,0.09590169639443621,0.17957572890861057,0.0024803277473564997,0.18191894885941376,pass
standpoint,korenmarkt,5,first_diffuse,nonblocking_woody_atlas,0,0.0,0.0,0.0,0.0,0.0,0.0,pass
standpoint,korenmarkt,5,first_diffuse,geometric_no_panorama_evidence,5414,8.748368274305686e-07,0.0035413669869518755,0.0020824067380995517,0.0038993023266283323,5.385776694238027e-05,0.003950182938732759,pass
standpoint,korenmarkt,5,first_diffuse,geometric_evidence_refused_host_compatibility,119683,0.00019164015991180206,0.7757653935067068,0.4291830611222921,0.8036443976890454,0.0111000607415614,0.8141308682018534,pass
standpoint,korenmarkt,5,first_diffuse,geometric_evidence_refused_atlas_state,0,0.0,0.0,0.0,0.0,0.0,0.0,pass
standpoint,korenmarkt,5,first_diffuse,geometric_evidence_refused_insufficient_structural_mass,0,0.0,0.0,0.0,0.0,0.0,0.0,pass
standpoint,korenmarkt,5,first_diffuse,geometric_fallback_other,0,0.0,0.0,0.0,0.0,0.0,0.0,pass
standpoint,korenmarkt,5,non_direct,atlas_interface,1223576,0.00429053336236414,0.9239096558720027,8.074502606054212,15.119489493626752,0.20883272781252413,0.9101409364143576,pass
standpoint,korenmarkt,5,non_direct,nonblocking_woody_atlas,0,0.0,0.0,0.0,0.0,0.0,0.0,pass
standpoint,korenmarkt,5,non_direct,geometric_no_panorama_evidence,5494,1.1386505511116705e-05,0.0024519334776979297,0.026659245121085796,0.04991938156216018,0.0006894942204718255,0.0030049739906470737,pass
standpoint,korenmarkt,5,non_direct,geometric_evidence_refused_host_compatibility,120403,0.00034196856330977833,0.07363841065029943,0.7705439286624667,1.4428419188390342,0.019928755785069537,0.08685408959499528,pass
standpoint,korenmarkt,5,non_direct,geometric_evidence_refused_atlas_state,0,0.0,0.0,0.0,0.0,0.0,0.0,pass
standpoint,korenmarkt,5,non_direct,geometric_evidence_refused_insufficient_structural_mass,0,0.0,0.0,0.0,0.0,0.0,0.0,pass
standpoint,korenmarkt,5,non_direct,geometric_fallback_other,0,0.0,0.0,0.0,0.0,0.0,0.0,pass
standpoint,korenmarkt,6,direct,N/A,N/A,N/A,N/A,N/A,N/A,N/A,N/A,N/A
standpoint,korenmarkt,6,specular,atlas_interface,10800,0.0043590820824907905,0.9554933830020018,7.940144852926107,14.867904877716846,0.2053578021784093,0.9445201711816328,pass
standpoint,korenmarkt,6,specular,nonblocking_woody_atlas,0,0.0,0.0,0.0,0.0,0.0,0.0,pass
standpoint,korenmarkt,6,specular,geometric_no_panorama_evidence,0,0.0,0.0,0.0,0.0,0.0,0.0,pass
standpoint,korenmarkt,6,specular,geometric_evidence_refused_host_compatibility,1008,0.00020304483543225911,0.04450661699799819,0.4663932975431051,0.8733204887213296,0.012062437689521125,0.055479828818367244,pass
standpoint,korenmarkt,6,specular,geometric_evidence_refused_atlas_state,0,0.0,0.0,0.0,0.0,0.0,0.0,pass
standpoint,korenmarkt,6,specular,geometric_evidence_refused_insufficient_structural_mass,0,0.0,0.0,0.0,0.0,0.0,0.0,pass
standpoint,korenmarkt,6,specular,geometric_fallback_other,0,0.0,0.0,0.0,0.0,0.0,0.0,pass
standpoint,korenmarkt,6,first_diffuse,atlas_interface,1213064,4.856204131563521e-05,0.18141072234472397,0.08659325798130846,0.16214569715856414,0.002239581452466356,0.14922689762068855,pass
standpoint,korenmarkt,6,first_diffuse,nonblocking_woody_atlas,0,0.0,0.0,0.0,0.0,0.0,0.0,pass
standpoint,korenmarkt,6,first_diffuse,geometric_no_panorama_evidence,5231,2.365384891088344e-06,0.008836246790504584,0.005384246082667272,0.010081989696424187,0.00013925400133182577,0.009278717046495886,pass
standpoint,korenmarkt,6,first_diffuse,geometric_evidence_refused_host_compatibility,136132,0.00021676370410781025,0.8097530308647715,0.4883016504448512,0.9143438343912226,0.012629058486066613,0.8414943853328155,pass
standpoint,korenmarkt,6,first_diffuse,geometric_evidence_refused_atlas_state,0,0.0,0.0,0.0,0.0,0.0,0.0,pass
standpoint,korenmarkt,6,first_diffuse,geometric_evidence_refused_insufficient_structural_mass,0,0.0,0.0,0.0,0.0,0.0,0.0,pass
standpoint,korenmarkt,6,first_diffuse,geometric_fallback_other,0,0.0,0.0,0.0,0.0,0.0,0.0,pass
standpoint,korenmarkt,6,non_direct,atlas_interface,1223864,0.004407644123806426,0.9125900975534242,8.026738110907415,15.03005057487541,0.20759738363087565,0.8931680525497263,pass
standpoint,korenmarkt,6,non_direct,nonblocking_woody_atlas,0,0.0,0.0,0.0,0.0,0.0,0.0,pass
standpoint,korenmarkt,6,non_direct,geometric_no_panorama_evidence,5231,2.365384891088344e-06,0.0004897461700346001,0.005384246082667272,0.010081989696424187,0.00013925400133182577,0.000599127132548338,pass
standpoint,korenmarkt,6,non_direct,geometric_evidence_refused_host_compatibility,137140,0.00041980853954006934,0.08692015627654107,0.9546949479879563,1.7876643231125522,0.02469149617558774,0.10623282031772538,pass
standpoint,korenmarkt,6,non_direct,geometric_evidence_refused_atlas_state,0,0.0,0.0,0.0,0.0,0.0,0.0,pass
standpoint,korenmarkt,6,non_direct,geometric_evidence_refused_insufficient_structural_mass,0,0.0,0.0,0.0,0.0,0.0,0.0,pass
standpoint,korenmarkt,6,non_direct,geometric_fallback_other,0,0.0,0.0,0.0,0.0,0.0,0.0,pass
standpoint,korenmarkt,7,direct,N/A,N/A,N/A,N/A,N/A,N/A,N/A,N/A,N/A
standpoint,korenmarkt,7,specular,atlas_interface,12688,0.005055102552348918,0.9684155842729044,9.597717805011067,17.971706815334322,0.2482279946869381,0.966571670900011,pass
standpoint,korenmarkt,7,specular,nonblocking_woody_atlas,0,0.0,0.0,0.0,0.0,0.0,0.0,pass
standpoint,korenmarkt,7,specular,geometric_no_panorama_evidence,112,5.552688079784748e-06,0.001063738987564417,0.013428937784914193,0.025145658334092328,0.00034731572284657936,0.0013524080512556642,pass
standpoint,korenmarkt,7,specular,geometric_evidence_refused_host_compatibility,848,0.00015931708802606598,0.0305206767395312,0.31850264996376454,0.5963955558338307,0.008237507677262858,0.03207592104873336,pass
standpoint,korenmarkt,7,specular,geometric_evidence_refused_atlas_state,0,0.0,0.0,0.0,0.0,0.0,0.0,pass
standpoint,korenmarkt,7,specular,geometric_evidence_refused_insufficient_structural_mass,0,0.0,0.0,0.0,0.0,0.0,0.0,pass
standpoint,korenmarkt,7,specular,geometric_fallback_other,0,0.0,0.0,0.0,0.0,0.0,0.0,pass
standpoint,korenmarkt,7,first_diffuse,atlas_interface,1206767,5.2130024986628296e-05,0.17782138795785796,0.09112287167752485,0.17062738947219125,0.002356731898787172,0.14282219402144727,pass
standpoint,korenmarkt,7,first_diffuse,nonblocking_woody_atlas,0,0.0,0.0,0.0,0.0,0.0,0.0,pass
standpoint,korenmarkt,7,first_diffuse,geometric_no_panorama_evidence,6213,3.34958750006942e-06,0.011425820311834084,0.007951308860373443,0.014888809458660342,0.00020564653948425886,0.012462550355080681,pass
standpoint,korenmarkt,7,first_diffuse,geometric_evidence_refused_host_compatibility,150833,0.00023767986391432238,0.810752791730308,0.5389420066650592,1.0091677970772794,0.013938781727586733,0.8447152556234719,pass
standpoint,korenmarkt,7,first_diffuse,geometric_evidence_refused_atlas_state,0,0.0,0.0,0.0,0.0,0.0,0.0,pass
standpoint,korenmarkt,7,first_diffuse,geometric_evidence_refused_insufficient_structural_mass,0,0.0,0.0,0.0,0.0,0.0,0.0,pass
standpoint,korenmarkt,7,first_diffuse,geometric_fallback_other,0,0.0,0.0,0.0,0.0,0.0,0.0,pass
standpoint,korenmarkt,7,non_direct,atlas_interface,1219455,0.005107232577335546,0.9263759253564844,9.688840676688592,18.142334204806513,0.2505847265857253,0.9168383124329325,pass
standpoint,korenmarkt,7,non_direct,nonblocking_woody_atlas,0,0.0,0.0,0.0,0.0,0.0,0.0,pass
standpoint,korenmarkt,7,non_direct,geometric_no_panorama_evidence,6325,8.902275579854167e-06,0.0016147402048348146,0.021380246645287634,0.04003446779275267,0.0005529622623308382,0.002023175930720841,pass
standpoint,korenmarkt,7,non_direct,geometric_evidence_refused_host_compatibility,151681,0.0003969969519403883,0.07200933443868078,0.8574446566288237,1.6055633529111102,0.022176289404849593,0.08113851163634668,pass
standpoint,korenmarkt,7,non_direct,geometric_evidence_refused_atlas_state,0,0.0,0.0,0.0,0.0,0.0,0.0,pass
standpoint,korenmarkt,7,non_direct,geometric_evidence_refused_insufficient_structural_mass,0,0.0,0.0,0.0,0.0,0.0,0.0,pass
standpoint,korenmarkt,7,non_direct,geometric_fallback_other,0,0.0,0.0,0.0,0.0,0.0,0.0,pass
standpoint,korenmarkt,8,direct,N/A,N/A,N/A,N/A,N/A,N/A,N/A,N/A,N/A
standpoint,korenmarkt,8,specular,atlas_interface,11840,0.005451811321693538,0.959432058358051,9.984147148757696,18.69529496532457,0.25822230615089176,0.9552194784245266,pass
standpoint,korenmarkt,8,specular,nonblocking_woody_atlas,0,0.0,0.0,0.0,0.0,0.0,0.0,pass
standpoint,korenmarkt,8,specular,geometric_no_panorama_evidence,32,1.7189211321315812e-06,0.00030250277249944414,0.0037591426528897614,0.0070389868724291945,9.722357558603855e-05,0.00035965077744908275,pass
standpoint,korenmarkt,8,specular,geometric_evidence_refused_host_compatibility,848,0.0002288015848429174,0.04026543886944962,0.464295924173273,0.8693931614076184,0.012008192837121791,0.04442087079802421,pass
standpoint,korenmarkt,8,specular,geometric_evidence_refused_atlas_state,0,0.0,0.0,0.0,0.0,0.0,0.0,pass
standpoint,korenmarkt,8,specular,geometric_evidence_refused_insufficient_structural_mass,0,0.0,0.0,0.0,0.0,0.0,0.0,pass
standpoint,korenmarkt,8,specular,geometric_fallback_other,0,0.0,0.0,0.0,0.0,0.0,0.0,pass
standpoint,korenmarkt,8,first_diffuse,atlas_interface,1152561,5.242988662617071e-05,0.14541002227035354,0.08946027925172527,0.16751418858038492,0.002313731886469405,0.11480566258229497,pass
standpoint,korenmarkt,8,first_diffuse,nonblocking_woody_atlas,0,0.0,0.0,0.0,0.0,0.0,0.0,pass
standpoint,korenmarkt,8,first_diffuse,geometric_no_panorama_evidence,9651,8.434294909507038e-06,0.023391830300353293,0.018376830725333904,0.0344105776706932,0.0004752842219709005,0.023583251083401324,pass
standpoint,korenmarkt,8,first_diffuse,geometric_evidence_refused_host_compatibility,183780,0.0002997016571015687,0.8311981474292931,0.6713951790888079,1.2571860895423588,0.017364448750585064,0.8616110863343038,pass
standpoint,korenmarkt,8,first_diffuse,geometric_evidence_refused_atlas_state,0,0.0,0.0,0.0,0.0,0.0,0.0,pass
standpoint,korenmarkt,8,first_diffuse,geometric_evidence_refused_insufficient_structural_mass,0,0.0,0.0,0.0,0.0,0.0,0.0,pass
standpoint,korenmarkt,8,first_diffuse,geometric_fallback_other,0,0.0,0.0,0.0,0.0,0.0,0.0,pass
standpoint,korenmarkt,8,non_direct,atlas_interface,1164401,0.005504241208319709,0.9108612311954939,10.07360742800942,18.862809153904955,0.26053603803736114,0.8969119148439164,pass
standpoint,korenmarkt,8,non_direct,nonblocking_woody_atlas,0,0.0,0.0,0.0,0.0,0.0,0.0,pass
standpoint,korenmarkt,8,non_direct,geometric_no_panorama_evidence,9683,1.0153216041638618e-05,0.001680189968837503,0.022135973378223664,0.041449564543122396,0.0005725077975569391,0.001970894578876772,pass
standpoint,korenmarkt,8,non_direct,geometric_evidence_refused_host_compatibility,184628,0.0005285032419444861,0.08745857883566852,1.135691103262081,2.1265792509499772,0.029372641587706853,0.10111719057720665,pass
standpoint,korenmarkt,8,non_direct,geometric_evidence_refused_atlas_state,0,0.0,0.0,0.0,0.0,0.0,0.0,pass
standpoint,korenmarkt,8,non_direct,geometric_evidence_refused_insufficient_structural_mass,0,0.0,0.0,0.0,0.0,0.0,0.0,pass
standpoint,korenmarkt,8,non_direct,geometric_fallback_other,0,0.0,0.0,0.0,0.0,0.0,0.0,pass
standpoint,korenmarkt,9,direct,N/A,N/A,N/A,N/A,N/A,N/A,N/A,N/A,N/A
standpoint,korenmarkt,9,specular,atlas_interface,12176,0.005676356751254787,0.9530733650311076,10.194267560992483,19.088745004315005,0.2636566989546272,0.9448095147762002,pass
standpoint,korenmarkt,9,specular,nonblocking_woody_atlas,0,0.0,0.0,0.0,0.0,0.0,0.0,pass
standpoint,korenmarkt,9,specular,geometric_no_panorama_evidence,32,1.7012363119828572e-06,0.0002856414928847088,0.0037183575843550754,0.006962616915629049,9.616874192857801e-05,0.0003446191307045597,pass
standpoint,korenmarkt,9,specular,geometric_evidence_refused_host_compatibility,960,0.0002777865040789643,0.046640993476007565,0.5917737118680667,1.1080950562187069,0.015305180334512529,0.05484586609309531,pass
standpoint,korenmarkt,9,specular,geometric_evidence_refused_atlas_state,0,0.0,0.0,0.0,0.0,0.0,0.0,pass
standpoint,korenmarkt,9,specular,geometric_evidence_refused_insufficient_structural_mass,0,0.0,0.0,0.0,0.0,0.0,0.0,pass
standpoint,korenmarkt,9,specular,geometric_fallback_other,0,0.0,0.0,0.0,0.0,0.0,0.0,pass
standpoint,korenmarkt,9,first_diffuse,atlas_interface,1137056,5.0169285770929734e-05,0.13864649713671642,0.08589783031630074,0.16084351028865373,0.00222159544597588,0.10949821997160307,pass
standpoint,korenmarkt,9,first_diffuse,nonblocking_woody_atlas,0,0.0,0.0,0.0,0.0,0.0,0.0,pass
standpoint,korenmarkt,9,first_diffuse,geometric_no_panorama_evidence,9826,8.151407073891067e-06,0.0225270107031365,0.017960812819375324,0.03363158499892354,0.0004645246546812644,0.022895537939932507,pass
standpoint,korenmarkt,9,first_diffuse,geometric_evidence_refused_host_compatibility,186560,0.0003035296734248647,0.8388264921601472,0.6806091805291946,1.2744392882555196,0.017602752600214357,0.8676062420884644,pass
standpoint,korenmarkt,9,first_diffuse,geometric_evidence_refused_atlas_state,0,0.0,0.0,0.0,0.0,0.0,0.0,pass
standpoint,korenmarkt,9,first_diffuse,geometric_evidence_refused_insufficient_structural_mass,0,0.0,0.0,0.0,0.0,0.0,0.0,pass
standpoint,korenmarkt,9,first_diffuse,geometric_fallback_other,0,0.0,0.0,0.0,0.0,0.0,0.0,pass
standpoint,korenmarkt,9,non_direct,atlas_interface,1149232,0.005726526037025717,0.9064264998254815,10.280165391308783,19.24958851460366,0.26587829440060307,0.8881945194241457,pass
standpoint,korenmarkt,9,non_direct,nonblocking_woody_atlas,0,0.0,0.0,0.0,0.0,0.0,0.0,pass
standpoint,korenmarkt,9,non_direct,geometric_no_panorama_evidence,9858,9.852643385873925e-06,0.0015595313809006746,0.0216791704037304,0.04059420191455259,0.0005606933966098424,0.001873055501085091,pass
standpoint,korenmarkt,9,non_direct,geometric_evidence_refused_host_compatibility,187520,0.000581316177503829,0.0920139687936178,1.2723828923972613,2.3825343444742266,0.03290793293472689,0.10993242507476936,pass
standpoint,korenmarkt,9,non_direct,geometric_evidence_refused_atlas_state,0,0.0,0.0,0.0,0.0,0.0,0.0,pass
standpoint,korenmarkt,9,non_direct,geometric_evidence_refused_insufficient_structural_mass,0,0.0,0.0,0.0,0.0,0.0,0.0,pass
standpoint,korenmarkt,9,non_direct,geometric_fallback_other,0,0.0,0.0,0.0,0.0,0.0,0.0,pass
standpoint,madrid_plazamayor,0,direct,N/A,N/A,N/A,N/A,N/A,N/A,N/A,N/A,N/A
standpoint,madrid_plazamayor,0,specular,atlas_interface,7792,0.0017453113234748433,0.8710992133840735,3.8774469379975387,7.260511402546615,0.10028330666500854,0.8680364174437553,pass
standpoint,madrid_plazamayor,0,specular,nonblocking_woody_atlas,0,0.0,0.0,0.0,0.0,0.0,0.0,pass
standpoint,madrid_plazamayor,0,specular,geometric_no_panorama_evidence,80,2.6932136534213655e-05,0.013442050500765081,0.0633136755822036,0.1185547270800637,0.00163749623038762,0.014173907988011025,pass
standpoint,madrid_plazamayor,0,specular,geometric_evidence_refused_host_compatibility,672,0.0002274987945163056,0.11354651647731388,0.51738964088568,0.9688110365605632,0.013381367908295081,0.11582700098247016,pass
standpoint,madrid_plazamayor,0,specular,geometric_evidence_refused_atlas_state,0,0.0,0.0,0.0,0.0,0.0,0.0,pass
standpoint,madrid_plazamayor,0,specular,geometric_evidence_refused_insufficient_structural_mass,80,3.831272644525424e-06,0.0019122196378473914,0.008767100702777366,0.016416378002754226,0.0002267455525242296,0.001962673585763541,pass
standpoint,madrid_plazamayor,0,specular,geometric_fallback_other,0,0.0,0.0,0.0,0.0,0.0,0.0,pass
standpoint,madrid_plazamayor,0,first_diffuse,atlas_interface,1603264,1.2954807613943665e-05,0.36386015325337046,0.02208993073352826,0.041363349785793695,0.0005713169859916257,0.30311454738259774,pass
standpoint,madrid_plazamayor,0,first_diffuse,nonblocking_woody_atlas,0,0.0,0.0,0.0,0.0,0.0,0.0,pass
standpoint,madrid_plazamayor,0,first_diffuse,geometric_no_panorama_evidence,5359,3.335573506101441e-07,0.009368585958865404,0.0007831326938525603,0.0014664143557203654,2.0254341929839304e-05,0.010746023376041549,pass
standpoint,madrid_plazamayor,0,first_diffuse,geometric_evidence_refused_host_compatibility,104459,2.2299821314379792e-05,0.6263324506833771,0.04996635386475093,0.09356189466413628,0.0012922913627643133,0.6856304312935076,pass
standpoint,madrid_plazamayor,0,first_diffuse,geometric_evidence_refused_atlas_state,0,0.0,0.0,0.0,0.0,0.0,0.0,pass
standpoint,madrid_plazamayor,0,first_diffuse,geometric_evidence_refused_insufficient_structural_mass,24120,1.562331140291409e-08,0.0004388101043871026,3.709399469168468e-05,6.945842863398877e-05,9.59370561242939e-07,0.0005089979478530763,pass
standpoint,madrid_plazamayor,0,first_diffuse,geometric_fallback_other,0,0.0,0.0,0.0,0.0,0.0,0.0,pass
standpoint,madrid_plazamayor,0,non_direct,atlas_interface,1611056,0.001758266131088787,0.8622428757874782,3.899536868731067,7.301874752332409,0.10085462365100016,0.8589678261705058,pass
standpoint,madrid_plazamayor,0,non_direct,nonblocking_woody_atlas,0,0.0,0.0,0.0,0.0,0.0,0.0,pass
standpoint,madrid_plazamayor,0,non_direct,geometric_no_panorama_evidence,5439,2.72656938848238e-05,0.013370928262738837,0.06409680827605617,0.12002114143578407,0.0016577505723174594,0.014118880760131803,pass
standpoint,madrid_plazamayor,0,non_direct,geometric_evidence_refused_host_compatibility,105131,0.0002497986158306854,0.12249970187858056,0.5673559947504309,1.0623729312246994,0.014673659271059394,0.1249739550825599,pass
standpoint,madrid_plazamayor,0,non_direct,geometric_evidence_refused_atlas_state,0,0.0,0.0,0.0,0.0,0.0,0.0,pass
standpoint,madrid_plazamayor,0,non_direct,geometric_evidence_refused_insufficient_structural_mass,24200,3.846895955928338e-06,0.0018864940712023384,0.00880419469746905,0.016485836431388214,0.00022770492308547252,0.0019393379868024615,pass
standpoint,madrid_plazamayor,0,non_direct,geometric_fallback_other,0,0.0,0.0,0.0,0.0,0.0,0.0,pass
standpoint,madrid_plazamayor,1,direct,N/A,N/A,N/A,N/A,N/A,N/A,N/A,N/A,N/A
standpoint,madrid_plazamayor,1,specular,atlas_interface,7040,0.0016145418310779163,0.9232399497347583,3.5435608410482753,6.635310373927552,0.09164793334154074,0.9203590151894235,pass
standpoint,madrid_plazamayor,1,specular,nonblocking_woody_atlas,0,0.0,0.0,0.0,0.0,0.0,0.0,pass
standpoint,madrid_plazamayor,1,specular,geometric_no_panorama_evidence,80,1.043282557611294e-05,0.005965779997196728,0.024325546598163435,0.04554953588619727,0.0006291372359972,0.006318005282056091,pass
standpoint,madrid_plazamayor,1,specular,geometric_evidence_refused_host_compatibility,544,0.00012329026340896426,0.07050080363447958,0.2810644315215595,0.5262925689362099,0.007269234377571959,0.07300006829385594,pass
standpoint,madrid_plazamayor,1,specular,geometric_evidence_refused_atlas_state,0,0.0,0.0,0.0,0.0,0.0,0.0,pass
standpoint,madrid_plazamayor,1,specular,geometric_evidence_refused_insufficient_structural_mass,16,5.132080301041837e-07,0.0002934666335653431,0.001243270927330516,0.0023280222498672535,3.2155003451205155e-05,0.000322911234664467,pass
standpoint,madrid_plazamayor,1,specular,geometric_fallback_other,0,0.0,0.0,0.0,0.0,0.0,0.0,pass
standpoint,madrid_plazamayor,1,first_diffuse,atlas_interface,1650277,1.3045928674186777e-05,0.5975100289978795,0.022343720360922963,0.04183857034019771,0.0005778808058038357,0.5196596568738645,pass
standpoint,madrid_plazamayor,1,first_diffuse,nonblocking_woody_atlas,0,0.0,0.0,0.0,0.0,0.0,0.0,pass
standpoint,madrid_plazamayor,1,first_diffuse,geometric_no_panorama_evidence,5883,2.8963573603758273e-07,0.01326546092353414,0.0006846213654150751,0.0012819520961878713,1.770652066557833e-05,0.015922599195357028,pass
standpoint,madrid_plazamayor,1,first_diffuse,geometric_evidence_refused_host_compatibility,56445,8.482830975480887e-06,0.38851788237755697,0.019931525782355575,0.03732174096176799,0.0005154936596929278,0.4635579787843188,pass
standpoint,madrid_plazamayor,1,first_diffuse,geometric_evidence_refused_atlas_state,0,0.0,0.0,0.0,0.0,0.0,0.0,pass
standpoint,madrid_plazamayor,1,first_diffuse,geometric_evidence_refused_insufficient_structural_mass,24370,1.542838469555806e-08,0.0007066277010293391,3.6967179873317155e-05,6.922096814787707e-05,9.56090720274545e-07,0.0008597651464596512,pass
standpoint,madrid_plazamayor,1,first_diffuse,geometric_fallback_other,0,0.0,0.0,0.0,0.0,0.0,0.0,pass
standpoint,madrid_plazamayor,1,non_direct,atlas_interface,1657317,0.001627587759752103,0.9192232990628646,3.5659045614091984,6.677148944267749,0.09222581414734457,0.9159336467956899,pass
standpoint,madrid_plazamayor,1,non_direct,nonblocking_woody_atlas,0,0.0,0.0,0.0,0.0,0.0,0.0,pass
standpoint,madrid_plazamayor,1,non_direct,geometric_no_panorama_evidence,5963,1.0722461312150523e-05,0.006055794043898529,0.025010167963578512,0.046831487982385143,0.0006468437566627783,0.006424079488207164,pass
standpoint,madrid_plazamayor,1,non_direct,geometric_evidence_refused_host_compatibility,56989,0.00013177309438444515,0.07442234547539298,0.3009959573039151,0.5636143098979779,0.007784728037264887,0.07731343340697396,pass
standpoint,madrid_plazamayor,1,non_direct,geometric_evidence_refused_atlas_state,0,0.0,0.0,0.0,0.0,0.0,0.0,pass
standpoint,madrid_plazamayor,1,non_direct,geometric_evidence_refused_insufficient_structural_mass,24386,5.286364147997418e-07,0.0002985614178439116,0.0012802381072038332,0.0023972432180151305,3.31110941714797e-05,0.00032884030912891783,pass
standpoint,madrid_plazamayor,1,non_direct,geometric_fallback_other,0,0.0,0.0,0.0,0.0,0.0,0.0,pass
standpoint,madrid_plazamayor,2,direct,N/A,N/A,N/A,N/A,N/A,N/A,N/A,N/A,N/A
standpoint,madrid_plazamayor,2,specular,atlas_interface,6544,0.0014874261837375818,0.885600260090886,3.2149076923206916,6.0199080300719325,0.08314790096784438,0.8798833983934805,pass
standpoint,madrid_plazamayor,2,specular,nonblocking_woody_atlas,0,0.0,0.0,0.0,0.0,0.0,0.0,pass
standpoint,madrid_plazamayor,2,specular,geometric_no_panorama_evidence,80,1.2573143604369739e-05,0.007485937364777724,0.02946471438083847,0.055172616970830306,0.0007620527205915786,0.00806415471400082,pass
standpoint,madrid_plazamayor,2,specular,geometric_evidence_refused_host_compatibility,608,0.00017697703454831273,0.10537054513338501,0.4037719964612761,0.7560622314666912,0.010442848500921144,0.1105077689387758,pass
standpoint,madrid_plazamayor,2,specular,geometric_evidence_refused_atlas_state,0,0.0,0.0,0.0,0.0,0.0,0.0,pass
standpoint,madrid_plazamayor,2,specular,geometric_evidence_refused_insufficient_structural_mass,80,2.592006331457325e-06,0.0015432574109511636,0.005643926280133895,0.010568240331151288,0.00014597017031976915,0.001544677953742978,pass
standpoint,madrid_plazamayor,2,specular,geometric_fallback_other,0,0.0,0.0,0.0,0.0,0.0,0.0,pass
standpoint,madrid_plazamayor,2,first_diffuse,atlas_interface,1703091,1.4213616916228804e-05,0.6413442924107341,0.02462719380122486,0.04611436965243443,0.0006369388073540666,0.5703310793966258,pass
standpoint,madrid_plazamayor,2,first_diffuse,nonblocking_woody_atlas,0,0.0,0.0,0.0,0.0,0.0,0.0,pass
standpoint,madrid_plazamayor,2,first_diffuse,geometric_no_panorama_evidence,7153,4.1603443106101637e-07,0.018772231542463973,0.0009814353057624621,0.0018377355879511214,2.538308823136908e-05,0.02272865767051474,pass
standpoint,madrid_plazamayor,2,first_diffuse,geometric_evidence_refused_host_compatibility,44349,7.516589512681074e-06,0.3391622140067804,0.017533631424937163,0.032831688717976405,0.0004534763635079615,0.40605417803751764,pass
standpoint,madrid_plazamayor,2,first_diffuse,geometric_evidence_refused_atlas_state,0,0.0,0.0,0.0,0.0,0.0,0.0,pass
standpoint,madrid_plazamayor,2,first_diffuse,geometric_evidence_refused_insufficient_structural_mass,25197,1.5984772070781915e-08,0.0007212620400214439,3.826160844155004e-05,7.164478297493194e-05,9.895688256206065e-07,0.0008860848953417889,pass
standpoint,madrid_plazamayor,2,first_diffuse,geometric_fallback_other,0,0.0,0.0,0.0,0.0,0.0,0.0,pass
standpoint,madrid_plazamayor,2,non_direct,atlas_interface,1709635,0.0015016398006538105,0.8824192302103329,3.2395348861219166,6.066022399724367,0.08378483977519845,0.8762678335075819,pass
standpoint,madrid_plazamayor,2,non_direct,nonblocking_woody_atlas,0,0.0,0.0,0.0,0.0,0.0,0.0,pass
standpoint,madrid_plazamayor,2,non_direct,geometric_no_panorama_evidence,7233,1.2989178035430755e-05,0.007632922674331944,0.030446149686600935,0.057010352558781424,0.0007874358088229477,0.008235435814819406,pass
standpoint,madrid_plazamayor,2,non_direct,geometric_evidence_refused_host_compatibility,44957,0.0001844936240609938,0.10841529483417636,0.4213056278862133,0.7888939201846675,0.010896324864429105,0.11395974507758702,pass
standpoint,madrid_plazamayor,2,non_direct,geometric_evidence_refused_atlas_state,0,0.0,0.0,0.0,0.0,0.0,0.0,pass
standpoint,madrid_plazamayor,2,non_direct,geometric_evidence_refused_insufficient_structural_mass,25277,2.607991103528107e-06,0.001532552281158684,0.005682187888575445,0.01063988511412622,0.00014695973914538975,0.00153698560001173,pass
standpoint,madrid_plazamayor,2,non_direct,geometric_fallback_other,0,0.0,0.0,0.0,0.0,0.0,0.0,pass
standpoint,madrid_plazamayor,3,direct,N/A,N/A,N/A,N/A,N/A,N/A,N/A,N/A,N/A
standpoint,madrid_plazamayor,3,specular,atlas_interface,7232,0.0015964400473652172,0.9068506445496186,3.4395192591553734,6.440492726193981,0.08895708185350808,0.9036545433675144,pass
standpoint,madrid_plazamayor,3,specular,nonblocking_woody_atlas,0,0.0,0.0,0.0,0.0,0.0,0.0,pass
standpoint,madrid_plazamayor,3,specular,geometric_no_panorama_evidence,64,1.1488665361445772e-05,0.006526085088655094,0.026620121805879467,0.04984612323504357,0.0006884823651249113,0.00699382448603785,pass
standpoint,madrid_plazamayor,3,specular,geometric_evidence_refused_host_compatibility,624,0.0001508606818433288,0.08569573708239611,0.3364852609670993,0.6300679578873065,0.008702596103415838,0.08840375992655185,pass
standpoint,madrid_plazamayor,3,specular,geometric_evidence_refused_atlas_state,0,0.0,0.0,0.0,0.0,0.0,0.0,pass
standpoint,madrid_plazamayor,3,specular,geometric_evidence_refused_insufficient_structural_mass,16,1.6328502177137237e-06,0.0009275332793301723,0.0036078220150382156,0.006755639289823936,9.330993494231951e-05,0.0009478722198959925,pass
standpoint,madrid_plazamayor,3,specular,geometric_fallback_other,0,0.0,0.0,0.0,0.0,0.0,0.0,pass
standpoint,madrid_plazamayor,3,first_diffuse,atlas_interface,1699037,1.3891568137233166e-05,0.6024364269855751,0.024009924086211686,0.0449585333828569,0.000620974217995261,0.5285960005065733,pass
standpoint,madrid_plazamayor,3,first_diffuse,nonblocking_woody_atlas,0,0.0,0.0,0.0,0.0,0.0,0.0,pass
standpoint,madrid_plazamayor,3,first_diffuse,geometric_no_panorama_evidence,8831,7.847969895248147e-07,0.0340343357645246,0.0017842134236189496,0.0033409359596426142,4.614552430445599e-05,0.03928076058835741,pass
standpoint,madrid_plazamayor,3,first_diffuse,geometric_evidence_refused_host_compatibility,45312,8.369192881058302e-06,0.36294726457153526,0.019595909809077074,0.036693300743286555,0.000506813546177991,0.4314182549754168,pass
standpoint,madrid_plazamayor,3,first_diffuse,geometric_evidence_refused_atlas_state,0,0.0,0.0,0.0,0.0,0.0,0.0,pass
standpoint,madrid_plazamayor,3,first_diffuse,geometric_evidence_refused_insufficient_structural_mass,25742,1.3419695014073236e-08,0.0005819726783649235,3.202182880069647e-05,5.996080845349277e-05,8.28187962064817e-07,0.0007049839296524431,pass
standpoint,madrid_plazamayor,3,first_diffuse,geometric_fallback_other,0,0.0,0.0,0.0,0.0,0.0,0.0,pass
standpoint,madrid_plazamayor,3,non_direct,atlas_interface,1706269,0.0016103316155024504,0.9029148135654093,3.463529183241585,6.4854512595768385,0.08957805607150333,0.8992315259546322,pass
standpoint,madrid_plazamayor,3,non_direct,nonblocking_woody_atlas,0,0.0,0.0,0.0,0.0,0.0,0.0,pass
standpoint,madrid_plazamayor,3,non_direct,geometric_no_panorama_evidence,8895,1.2273462350970587e-05,0.006881744644236486,0.028404335229498416,0.05318705919468618,0.0007346278894293674,0.007374580192866585,pass
standpoint,madrid_plazamayor,3,non_direct,geometric_evidence_refused_host_compatibility,45936,0.0001592298747243871,0.08928037633165048,0.35608117077617635,0.6667612586305931,0.00920940964959383,0.09244888598313822,pass
standpoint,madrid_plazamayor,3,non_direct,geometric_evidence_refused_atlas_state,0,0.0,0.0,0.0,0.0,0.0,0.0,pass
standpoint,madrid_plazamayor,3,non_direct,geometric_evidence_refused_insufficient_structural_mass,25758,1.646269912727797e-06,0.0009230654587037755,0.003639843843838912,0.0068156000982774285,9.413812290438433e-05,0.0009450078693630392,pass
standpoint,madrid_plazamayor,3,non_direct,geometric_fallback_other,0,0.0,0.0,0.0,0.0,0.0,0.0,pass
standpoint,madrid_plazamayor,4,direct,N/A,N/A,N/A,N/A,N/A,N/A,N/A,N/A,N/A
standpoint,madrid_plazamayor,4,specular,atlas_interface,7440,0.0016369326941725612,0.9248417612002755,3.531842964205639,6.613368673682515,0.09134487118346012,0.9218666441879292,pass
standpoint,madrid_plazamayor,4,specular,nonblocking_woody_atlas,0,0.0,0.0,0.0,0.0,0.0,0.0,pass
standpoint,madrid_plazamayor,4,specular,geometric_no_panorama_evidence,48,5.180554319201869e-06,0.0029269334027115933,0.012002982006192181,0.02247555907638717,0.00031043589884512666,0.0031329673641889077,pass
standpoint,madrid_plazamayor,4,specular,geometric_evidence_refused_host_compatibility,688,0.00012518831170040722,0.07072946803913521,0.2812539735084867,0.5266474859162107,0.007274136545804013,0.07341171715461722,pass
standpoint,madrid_plazamayor,4,specular,geometric_evidence_refused_atlas_state,0,0.0,0.0,0.0,0.0,0.0,0.0,pass
standpoint,madrid_plazamayor,4,specular,geometric_evidence_refused_insufficient_structural_mass,48,2.658191677297527e-06,0.001501837357877709,0.006086495877606429,0.011396950990575362,0.00015741645014606854,0.0015886712932647838,pass
standpoint,madrid_plazamayor,4,specular,geometric_fallback_other,0,0.0,0.0,0.0,0.0,0.0,0.0,pass
standpoint,madrid_plazamayor,4,first_diffuse,atlas_interface,1688286,1.2805885221959249e-05,0.6487998106363709,0.022280404079585377,0.041720010733846055,0.000576243242180194,0.5810793922121867,pass
standpoint,madrid_plazamayor,4,first_diffuse,nonblocking_woody_atlas,0,0.0,0.0,0.0,0.0,0.0,0.0,pass
standpoint,madrid_plazamayor,4,first_diffuse,geometric_no_panorama_evidence,7500,5.152434981800476e-07,0.026104394835399846,0.001194700865749402,0.002237074909627392,3.089882471861039e-05,0.031158144639805603,pass
standpoint,madrid_plazamayor,4,first_diffuse,geometric_evidence_refused_host_compatibility,43662,6.385902097923823e-06,0.32353656151554133,0.01479853351417212,0.0277102235152968,0.0003827378938576905,0.3859500406424781,pass
standpoint,madrid_plazamayor,4,first_diffuse,geometric_evidence_refused_atlas_state,0,0.0,0.0,0.0,0.0,0.0,0.0,pass
standpoint,madrid_plazamayor,4,first_diffuse,geometric_evidence_refused_insufficient_structural_mass,20199,3.077583973889427e-08,0.0015592330126878162,6.949395612259232e-05,0.00013012728965847064,1.7973382549512523e-06,0.0018124225055297018,pass
standpoint,madrid_plazamayor,4,first_diffuse,geometric_fallback_other,0,0.0,0.0,0.0,0.0,0.0,0.0,pass
standpoint,madrid_plazamayor,4,non_direct,atlas_interface,1695726,0.0016497385793945204,0.9217974129394685,3.5541233682852242,6.655088684416361,0.09192111442564031,0.9184897864676483,pass
standpoint,madrid_plazamayor,4,non_direct,nonblocking_woody_atlas,0,0.0,0.0,0.0,0.0,0.0,0.0,pass
standpoint,madrid_plazamayor,4,non_direct,geometric_no_panorama_evidence,7548,5.695797817381917e-06,0.003182547682564282,0.013197682871941584,0.024712633986014563,0.000341334723563737,0.0034106685859826777,pass
standpoint,madrid_plazamayor,4,non_direct,geometric_evidence_refused_host_compatibility,44350,0.00013157421379833103,0.07351756902803318,0.2960525070226588,0.5543577094315075,0.007656874439661703,0.07650865650441642,pass
standpoint,madrid_plazamayor,4,non_direct,geometric_evidence_refused_atlas_state,0,0.0,0.0,0.0,0.0,0.0,0.0,pass
standpoint,madrid_plazamayor,4,non_direct,geometric_evidence_refused_insufficient_structural_mass,20247,2.6889675170364214e-06,0.00150247034993396,0.006155989833729021,0.011527078280233832,0.0001592137884010198,0.0015908884419526482,pass
standpoint,madrid_plazamayor,4,non_direct,geometric_fallback_other,0,0.0,0.0,0.0,0.0,0.0,0.0,pass
standpoint,madrid_plazamayor,5,direct,N/A,N/A,N/A,N/A,N/A,N/A,N/A,N/A,N/A
standpoint,madrid_plazamayor,5,specular,atlas_interface,6720,0.0017695443853998768,0.9083759209474564,3.8466271634277547,7.202801438163873,0.09948620770944575,0.9053528342372641,pass
standpoint,madrid_plazamayor,5,specular,nonblocking_woody_atlas,0,0.0,0.0,0.0,0.0,0.0,0.0,pass
standpoint,madrid_plazamayor,5,specular,geometric_no_panorama_evidence,80,1.9719910843826268e-05,0.010122996812942032,0.044951016464224065,0.0841706857149432,0.001162578531974354,0.010579795864974408,pass
standpoint,madrid_plazamayor,5,specular,geometric_evidence_refused_host_compatibility,704,0.00015512070104848483,0.07962948589226287,0.3490085413898995,0.6535177746768012,0.009026488600508305,0.08214361795303052,pass
standpoint,madrid_plazamayor,5,specular,geometric_evidence_refused_atlas_state,0,0.0,0.0,0.0,0.0,0.0,0.0,pass
standpoint,madrid_plazamayor,5,specular,geometric_evidence_refused_insufficient_structural_mass,96,3.6459275634626323e-06,0.001871596347338683,0.008173560855457087,0.015304975861540086,0.00021139469422016687,0.0019237519447308936,pass
standpoint,madrid_plazamayor,5,specular,geometric_fallback_other,0,0.0,0.0,0.0,0.0,0.0,0.0,pass
standpoint,madrid_plazamayor,5,first_diffuse,atlas_interface,1766991,1.2571340316483285e-05,0.6594421338892109,0.021916763805249366,0.041039095069373976,0.0005668383296874858,0.5928221285018684,pass
standpoint,madrid_plazamayor,5,first_diffuse,nonblocking_woody_atlas,0,0.0,0.0,0.0,0.0,0.0,0.0,pass
standpoint,madrid_plazamayor,5,first_diffuse,geometric_no_panorama_evidence,6399,2.750394594499541e-07,0.014427467833767953,0.0006335175717521119,0.0011862603478450938,1.63848114343245e-05,0.017135889160765135,pass
standpoint,madrid_plazamayor,5,first_diffuse,geometric_evidence_refused_host_compatibility,41858,6.185442520423976e-06,0.32446352672270123,0.014348812444070496,0.026868121738109207,0.0003711066538412873,0.38811813688162283,pass
standpoint,madrid_plazamayor,5,first_diffuse,geometric_evidence_refused_atlas_state,0,0.0,0.0,0.0,0.0,0.0,0.0,pass
standpoint,madrid_plazamayor,5,first_diffuse,geometric_evidence_refused_insufficient_structural_mass,16047,3.1776570674421545e-08,0.0016668715543199754,7.112498745262736e-05,0.0001331813924634844,1.839521995351995e-06,0.0019238454557436206,pass
standpoint,madrid_plazamayor,5,first_diffuse,geometric_fallback_other,0,0.0,0.0,0.0,0.0,0.0,0.0,pass
standpoint,madrid_plazamayor,5,non_direct,atlas_interface,1773711,0.0017821157257163602,0.9059634421348225,3.868543927233004,7.243840533233247,0.10005304603913323,0.9026568344367937,pass
standpoint,madrid_plazamayor,5,non_direct,nonblocking_woody_atlas,0,0.0,0.0,0.0,0.0,0.0,0.0,pass
standpoint,madrid_plazamayor,5,non_direct,geometric_no_panorama_evidence,6479,1.9994950303276224e-05,0.01016471250473324,0.045584534035976176,0.08535694606278829,0.0011789633434086783,0.010636351031852256,pass
standpoint,madrid_plazamayor,5,non_direct,geometric_evidence_refused_host_compatibility,42562,0.0001613061435689088,0.0820022330516383,0.36335735383397,0.6803858964149103,0.009397595254349593,0.08478306177996424,pass
standpoint,madrid_plazamayor,5,non_direct,geometric_evidence_refused_atlas_state,0,0.0,0.0,0.0,0.0,0.0,0.0,pass
standpoint,madrid_plazamayor,5,non_direct,geometric_evidence_refused_insufficient_structural_mass,16143,3.6777041341370537e-06,0.0018696123088061277,0.008244685842909714,0.015438157254003571,0.00021323421621551888,0.001923752751389782,pass
standpoint,madrid_plazamayor,5,non_direct,geometric_fallback_other,0,0.0,0.0,0.0,0.0,0.0,0.0,pass
standpoint,madrid_plazamayor,6,direct,N/A,N/A,N/A,N/A,N/A,N/A,N/A,N/A,N/A
standpoint,madrid_plazamayor,6,specular,atlas_interface,6800,0.0016800601570019743,0.9248716887469167,3.735228089395946,6.994206901559125,0.09660506770109292,0.9223249747012137,pass
standpoint,madrid_plazamayor,6,specular,nonblocking_woody_atlas,0,0.0,0.0,0.0,0.0,0.0,0.0,pass
standpoint,madrid_plazamayor,6,specular,geometric_no_panorama_evidence,48,1.3297344532285959e-05,0.007320176865196882,0.031018133337267093,0.058081390766173795,0.0008022291542289195,0.007659183953663264,pass
standpoint,madrid_plazamayor,6,specular,geometric_evidence_refused_host_compatibility,640,0.00011836460559283602,0.06515961479490068,0.27227408549219767,0.5098326641073196,0.007041887625791708,0.06723155400504571,pass
standpoint,madrid_plazamayor,6,specular,geometric_evidence_refused_atlas_state,0,0.0,0.0,0.0,0.0,0.0,0.0,pass
standpoint,madrid_plazamayor,6,specular,geometric_evidence_refused_insufficient_structural_mass,80,4.811123853561883e-06,0.0026485195929856955,0.011275796022953014,0.021113904821021216,0.0002916285196273649,0.0027842873400772813,pass
standpoint,madrid_plazamayor,6,specular,geometric_fallback_other,0,0.0,0.0,0.0,0.0,0.0,0.0,pass
standpoint,madrid_plazamayor,6,first_diffuse,atlas_interface,1757227,1.065039636377954e-05,0.5879186521933847,0.018679574336244537,0.03497746445836901,0.0004831141499774724,0.5164145772670291,pass
standpoint,madrid_plazamayor,6,first_diffuse,nonblocking_woody_atlas,0,0.0,0.0,0.0,0.0,0.0,0.0,pass
standpoint,madrid_plazamayor,6,first_diffuse,geometric_no_panorama_evidence,6643,3.136313909593115e-07,0.017312946707356152,0.0007147948065809267,0.0013384518026034213,1.8486903350875984e-05,0.019761181450314004,pass
standpoint,madrid_plazamayor,6,first_diffuse,geometric_evidence_refused_host_compatibility,44506,7.115337848649639e-06,0.3927778549261573,0.01669245575486958,0.03125658900888162,0.0004317208426641106,0.46147879641312156,pass
standpoint,madrid_plazamayor,6,first_diffuse,geometric_evidence_refused_atlas_state,0,0.0,0.0,0.0,0.0,0.0,0.0,pass
standpoint,madrid_plazamayor,6,first_diffuse,geometric_evidence_refused_insufficient_structural_mass,14928,3.605959029339459e-08,0.0019905461731017544,8.483864267331314e-05,0.00015886018360944469,2.194201431069678e-06,0.0023454448695352753,pass
standpoint,madrid_plazamayor,6,first_diffuse,geometric_fallback_other,0,0.0,0.0,0.0,0.0,0.0,0.0,pass
standpoint,madrid_plazamayor,6,non_direct,atlas_interface,1764027,0.0016907105533657538,0.9215445952966658,3.7539076637321904,7.029184366017494,0.09708818185107039,0.9187315899370767,pass
standpoint,madrid_plazamayor,6,non_direct,nonblocking_woody_atlas,0,0.0,0.0,0.0,0.0,0.0,0.0,pass
standpoint,madrid_plazamayor,6,non_direct,geometric_no_panorama_evidence,6691,1.3610975923245271e-05,0.007418846043049601,0.03173292814384802,0.05941984256877721,0.0008207160575797954,0.007766318763943995,pass
standpoint,madrid_plazamayor,6,non_direct,geometric_evidence_refused_host_compatibility,45146,0.00012547994344148564,0.06839453593427522,0.2889665412470672,0.5410892531162013,0.007473608468455818,0.07072168887995213,pass
standpoint,madrid_plazamayor,6,non_direct,geometric_evidence_refused_atlas_state,0,0.0,0.0,0.0,0.0,0.0,0.0,pass
standpoint,madrid_plazamayor,6,non_direct,geometric_evidence_refused_insufficient_structural_mass,15008,4.847183443855278e-06,0.0026420227260094357,0.011360634665626326,0.02127276500463066,0.0002938227210584346,0.0027804024190270457,pass
standpoint,madrid_plazamayor,6,non_direct,geometric_fallback_other,0,0.0,0.0,0.0,0.0,0.0,0.0,pass
standpoint,madrid_plazamayor,7,direct,N/A,N/A,N/A,N/A,N/A,N/A,N/A,N/A,N/A
standpoint,madrid_plazamayor,7,specular,atlas_interface,7120,0.0017088441286545338,0.8909916814829262,3.780861958001195,7.079656226501229,0.09778530699587334,0.8880592366449164,pass
standpoint,madrid_plazamayor,7,specular,nonblocking_woody_atlas,0,0.0,0.0,0.0,0.0,0.0,0.0,pass
standpoint,madrid_plazamayor,7,specular,geometric_no_panorama_evidence,48,1.0119312540109889e-05,0.005276211647613955,0.02406137317143014,0.045054871688925933,0.0006223048575818498,0.0056516013884159826,pass
standpoint,madrid_plazamayor,7,specular,geometric_evidence_refused_host_compatibility,1024,0.00019711817694742143,0.10277745815676916,0.44863897386938584,0.8400755542222094,0.011603253511356482,0.10537755387246,pass
standpoint,madrid_plazamayor,7,specular,geometric_evidence_refused_atlas_state,0,0.0,0.0,0.0,0.0,0.0,0.0,pass
standpoint,madrid_plazamayor,7,specular,geometric_evidence_refused_insufficient_structural_mass,48,1.8309327477602942e-06,0.0009546487126906926,0.0038811198867966528,0.007267388991605447,0.00010037830098902546,0.0009116080942077473,pass
standpoint,madrid_plazamayor,7,specular,geometric_fallback_other,0,0.0,0.0,0.0,0.0,0.0,0.0,pass
standpoint,madrid_plazamayor,7,first_diffuse,atlas_interface,1732456,1.003885293502773e-05,0.42699522445664684,0.017705862834682087,0.033154191677868775,0.0004579308242799553,0.3587342118607492,pass
standpoint,madrid_plazamayor,7,first_diffuse,nonblocking_woody_atlas,0,0.0,0.0,0.0,0.0,0.0,0.0,pass
standpoint,madrid_plazamayor,7,first_diffuse,geometric_no_panorama_evidence,7553,3.150733113081444e-07,0.013401411511159712,0.0007272995873267979,0.0013618669787859822,1.8810317386546713e-05,0.01473564133430787,pass
standpoint,madrid_plazamayor,7,first_diffuse,geometric_evidence_refused_host_compatibility,69035,1.3118300160390013e-05,0.5579772467759462,0.03083564618051805,0.05773968394114656,0.0007975094467009194,0.6247535820800162,pass
standpoint,madrid_plazamayor,7,first_diffuse,geometric_evidence_refused_atlas_state,0,0.0,0.0,0.0,0.0,0.0,0.0,pass
standpoint,madrid_plazamayor,7,first_diffuse,geometric_evidence_refused_insufficient_structural_mass,14126,3.823076010123859e-08,0.0016261172562472147,8.768500549007257e-05,0.00016418999211935542,2.267817570709329e-06,0.0017765647249266875,pass
standpoint,madrid_plazamayor,7,first_diffuse,geometric_fallback_other,0,0.0,0.0,0.0,0.0,0.0,0.0,pass
standpoint,madrid_plazamayor,7,non_direct,atlas_interface,1739576,0.0017188829815895615,0.8853727263231254,3.7985678208358773,7.112810418179098,0.0982432378201533,0.8819931022303883,pass
standpoint,madrid_plazamayor,7,non_direct,nonblocking_woody_atlas,0,0.0,0.0,0.0,0.0,0.0,0.0,pass
standpoint,madrid_plazamayor,7,non_direct,geometric_no_panorama_evidence,7601,1.0434385851418034e-05,0.00537460708362716,0.02478867275875694,0.04641673866771191,0.0006411151749683965,0.00575570568116351,pass
standpoint,madrid_plazamayor,7,non_direct,geometric_evidence_refused_host_compatibility,70059,0.00021023647710781144,0.10828988645717984,0.4794746200499039,0.897815238163356,0.012400762958057402,0.11132967147747112,pass
standpoint,madrid_plazamayor,7,non_direct,geometric_evidence_refused_atlas_state,0,0.0,0.0,0.0,0.0,0.0,0.0,pass
standpoint,madrid_plazamayor,7,non_direct,geometric_evidence_refused_insufficient_structural_mass,14174,1.8691635078615328e-06,0.0009627801360675894,0.003968804892286726,0.0074315789837248025,0.00010264611855973479,0.0009215206109772274,pass
standpoint,madrid_plazamayor,7,non_direct,geometric_fallback_other,0,0.0,0.0,0.0,0.0,0.0,0.0,pass
standpoint,madrid_plazamayor,8,direct,N/A,N/A,N/A,N/A,N/A,N/A,N/A,N/A,N/A
standpoint,madrid_plazamayor,8,specular,atlas_interface,7216,0.0018010919074837658,0.8869383995950771,3.887095553161087,7.278578414560943,0.10053285102984733,0.8857174294153032,pass
standpoint,madrid_plazamayor,8,specular,nonblocking_woody_atlas,0,0.0,0.0,0.0,0.0,0.0,0.0,pass
standpoint,madrid_plazamayor,8,specular,geometric_no_panorama_evidence,32,2.5347116223918442e-05,0.012482056359578239,0.05306923463801294,0.09937203251908419,0.0013725418856227096,0.012092408185436354,pass
standpoint,madrid_plazamayor,8,specular,geometric_evidence_refused_host_compatibility,976,0.00020280852153898074,0.0998720080694431,0.44503587269666317,0.8333287546998946,0.011510065672650475,0.10140631321551394,pass
standpoint,madrid_plazamayor,8,specular,geometric_evidence_refused_atlas_state,0,0.0,0.0,0.0,0.0,0.0,0.0,pass
standpoint,madrid_plazamayor,8,specular,geometric_evidence_refused_insufficient_structural_mass,48,1.4367822173799914e-06,0.0007075359759014198,0.0034400324249026777,0.006441453627998514,8.897035397788004e-05,0.0007838491837465319,pass
standpoint,madrid_plazamayor,8,specular,geometric_fallback_other,0,0.0,0.0,0.0,0.0,0.0,0.0,pass
standpoint,madrid_plazamayor,8,first_diffuse,atlas_interface,1791094,1.0444415413205025e-05,0.5031566363972012,0.018228689267711234,0.03413318309651633,0.0004714528052005018,0.4349794054091866,pass
standpoint,madrid_plazamayor,8,first_diffuse,nonblocking_woody_atlas,0,0.0,0.0,0.0,0.0,0.0,0.0,pass
standpoint,madrid_plazamayor,8,first_diffuse,geometric_no_panorama_evidence,7397,3.2569323509470674e-07,0.015690175676121264,0.0007505342711356684,0.001405373876346775,1.941124138600518e-05,0.017909513196655683,pass
standpoint,madrid_plazamayor,8,first_diffuse,geometric_evidence_refused_host_compatibility,63090,9.956732991685265e-06,0.4796626793748018,0.02285571728144309,0.0427972835189846,0.0005911227005384614,0.545391178009304,pass
standpoint,madrid_plazamayor,8,first_diffuse,geometric_evidence_refused_atlas_state,0,0.0,0.0,0.0,0.0,0.0,0.0,pass
standpoint,madrid_plazamayor,8,first_diffuse,geometric_evidence_refused_insufficient_structural_mass,12919,3.093965053148039e-08,0.0014905085518757083,7.207602011293464e-05,0.00013496219916046048,1.864118772934537e-06,0.001719903384853811,pass
standpoint,madrid_plazamayor,8,first_diffuse,geometric_fallback_other,0,0.0,0.0,0.0,0.0,0.0,0.0,pass
standpoint,madrid_plazamayor,8,non_direct,atlas_interface,1798310,0.0018115363228969708,0.8830550543767289,3.905324242428798,7.31271159765746,0.10100430383504783,0.8814540545009513,pass
standpoint,madrid_plazamayor,8,non_direct,nonblocking_woody_atlas,0,0.0,0.0,0.0,0.0,0.0,0.0,pass
standpoint,madrid_plazamayor,8,non_direct,geometric_no_panorama_evidence,7429,2.5672809459013148e-05,0.012514518128225032,0.05381976890914861,0.10077740639543097,0.0013919531270087148,0.012147430167736756,pass
standpoint,madrid_plazamayor,8,non_direct,geometric_evidence_refused_host_compatibility,64066,0.000212765254530666,0.10371496891025438,0.46789158997810626,0.8761260382188792,0.012101188373188937,0.1056058123349582,pass
standpoint,madrid_plazamayor,8,non_direct,geometric_evidence_refused_atlas_state,0,0.0,0.0,0.0,0.0,0.0,0.0,pass
standpoint,madrid_plazamayor,8,non_direct,geometric_evidence_refused_insufficient_structural_mass,12967,1.4677218679114718e-06,0.0007154585847916183,0.0035121084450156124,0.0065764158271589745,9.083447275081459e-05,0.0007927029963536977,pass
standpoint,madrid_plazamayor,8,non_direct,geometric_fallback_other,0,0.0,0.0,0.0,0.0,0.0,0.0,pass
standpoint,madrid_plazamayor,9,direct,N/A,N/A,N/A,N/A,N/A,N/A,N/A,N/A,N/A
standpoint,madrid_plazamayor,9,specular,atlas_interface,6416,0.0017420706564687906,0.8742789438502768,3.737361543172312,6.998201789359737,0.09666024570938858,0.871394621672359,pass
standpoint,madrid_plazamayor,9,specular,nonblocking_woody_atlas,0,0.0,0.0,0.0,0.0,0.0,0.0,pass
standpoint,madrid_plazamayor,9,specular,geometric_no_panorama_evidence,32,3.5610084101232756e-06,0.0017871345575358449,0.00831141395099043,0.01556310549890222,0.0002149600207030693,0.0019378701610008391,pass
standpoint,madrid_plazamayor,9,specular,geometric_evidence_refused_host_compatibility,1088,0.00024402345167718524,0.12246608070391471,0.5361717679235875,1.003980530741503,0.01386713440250695,0.1250125762423818,pass
standpoint,madrid_plazamayor,9,specular,geometric_evidence_refused_atlas_state,0,0.0,0.0,0.0,0.0,0.0,0.0,pass
standpoint,madrid_plazamayor,9,specular,geometric_evidence_refused_insufficient_structural_mass,48,2.924790260375337e-06,0.0014678408882724536,0.007097908084882695,0.013290818264848512,0.00018357483791227224,0.0016549319242584093,pass
standpoint,madrid_plazamayor,9,specular,geometric_fallback_other,0,0.0,0.0,0.0,0.0,0.0,0.0,pass
standpoint,madrid_plazamayor,9,first_diffuse,atlas_interface,1804392,9.14242363356798e-06,0.5995391566960122,0.016346544558523274,0.030608871006417356,0.00042277446141460433,0.5331837157051852,pass
standpoint,madrid_plazamayor,9,first_diffuse,nonblocking_woody_atlas,0,0.0,0.0,0.0,0.0,0.0,0.0,pass
standpoint,madrid_plazamayor,9,first_diffuse,geometric_no_panorama_evidence,7186,3.614687664345115e-07,0.0237042920002514,0.0008467508731139032,0.0015855392653122365,2.189971360928503e-05,0.027618912069589475,pass
standpoint,madrid_plazamayor,9,first_diffuse,geometric_evidence_refused_host_compatibility,46668,5.724880353714157e-06,0.37542451291024315,0.013418515362508262,0.025126142369610947,0.00034704616532611803,0.4376786699240855,pass
standpoint,madrid_plazamayor,9,first_diffuse,geometric_evidence_refused_atlas_state,0,0.0,0.0,0.0,0.0,0.0,0.0,pass
standpoint,madrid_plazamayor,9,first_diffuse,geometric_evidence_refused_insufficient_structural_mass,12520,2.0312366846235788e-08,0.0013320383934932094,4.6560939701391964e-05,8.718526365955301e-05,1.2042163488888536e-06,0.0015187023011397798,pass
standpoint,madrid_plazamayor,9,first_diffuse,geometric_fallback_other,0,0.0,0.0,0.0,0.0,0.0,0.0,pass
standpoint,madrid_plazamayor,9,non_direct,atlas_interface,1810808,0.0017512130801023587,0.8721923466265369,3.753708087730835,7.028810660366154,0.09708302017080318,0.8689941694852465,pass
standpoint,madrid_plazamayor,9,non_direct,nonblocking_woody_atlas,0,0.0,0.0,0.0,0.0,0.0,0.0,pass
standpoint,madrid_plazamayor,9,non_direct,geometric_no_panorama_evidence,7218,3.922477176557787e-06,0.0019535912631551394,0.009158164824104333,0.017148644764214457,0.00023685973431235432,0.0021201413773606712,pass
standpoint,madrid_plazamayor,9,non_direct,geometric_evidence_refused_host_compatibility,47756,0.0002497483320308994,0.12438725261654711,0.5495902832860957,1.029106673111114,0.014214180567833067,0.12723172410299807,pass
standpoint,madrid_plazamayor,9,non_direct,geometric_evidence_refused_atlas_state,0,0.0,0.0,0.0,0.0,0.0,0.0,pass
standpoint,madrid_plazamayor,9,non_direct,geometric_evidence_refused_insufficient_structural_mass,12568,2.9451026272215727e-06,0.0014668094937608743,0.007144469024584087,0.013378003528508065,0.0001847790542611611,0.0016539650343947324,pass
standpoint,madrid_plazamayor,9,non_direct,geometric_fallback_other,0,0.0,0.0,0.0,0.0,0.0,0.0,pass
standpoint,madrid_plazamayor,10,direct,N/A,N/A,N/A,N/A,N/A,N/A,N/A,N/A,N/A
standpoint,madrid_plazamayor,10,specular,atlas_interface,6784,0.0017558918687757762,0.8598003772774252,3.773970932037684,7.0667527945824,0.09760708279809947,0.8590057794869044,pass
standpoint,madrid_plazamayor,10,specular,nonblocking_woody_atlas,0,0.0,0.0,0.0,0.0,0.0,0.0,pass
standpoint,madrid_plazamayor,10,specular,geometric_no_panorama_evidence,0,0.0,0.0,0.0,0.0,0.0,0.0,pass
standpoint,madrid_plazamayor,10,specular,geometric_evidence_refused_host_compatibility,1184,0.0002850882095479567,0.1395979755277174,0.6165055623546614,1.1544053952988684,0.015944825901918067,0.1403248330963007,pass
standpoint,madrid_plazamayor,10,specular,geometric_evidence_refused_atlas_state,0,0.0,0.0,0.0,0.0,0.0,0.0,pass
standpoint,madrid_plazamayor,10,specular,geometric_evidence_refused_insufficient_structural_mass,48,1.2286891762795474e-06,0.0006016471948573885,0.0029408983194093023,0.00550682604384746,7.606113320231298e-05,0.000669387416794945,pass
standpoint,madrid_plazamayor,10,specular,geometric_fallback_other,0,0.0,0.0,0.0,0.0,0.0,0.0,pass
standpoint,madrid_plazamayor,10,first_diffuse,atlas_interface,1811701,9.803079087484092e-06,0.6057666448436083,0.01739581860224788,0.032573634491431816,0.0004499120786109366,0.5400065588800415,pass
standpoint,madrid_plazamayor,10,first_diffuse,nonblocking_woody_atlas,0,0.0,0.0,0.0,0.0,0.0,0.0,pass
standpoint,madrid_plazamayor,10,first_diffuse,geometric_no_panorama_evidence,7320,2.6838070363079484e-07,0.016584185124728774,0.0006296484593580219,0.001179015442858842,1.6284743685895613e-05,0.019545748643188813,pass
standpoint,madrid_plazamayor,10,first_diffuse,geometric_evidence_refused_host_compatibility,46023,6.090102635850534e-06,0.37632880522023837,0.014139737492750692,0.026476629322528072,0.0003656993000349181,0.4389302487863805,pass
standpoint,madrid_plazamayor,10,first_diffuse,geometric_evidence_refused_atlas_state,0,0.0,0.0,0.0,0.0,0.0,0.0,pass
standpoint,madrid_plazamayor,10,first_diffuse,geometric_evidence_refused_insufficient_structural_mass,11909,2.136737105105322e-08,0.0013203648114244553,4.888306399811654e-05,9.153343662080733e-05,1.2642739864752395e-06,0.0015174436903891792,pass
standpoint,madrid_plazamayor,10,first_diffuse,geometric_fallback_other,0,0.0,0.0,0.0,0.0,0.0,0.0,pass
standpoint,madrid_plazamayor,10,non_direct,atlas_interface,1818485,0.0017656949478632603,0.8578031820576325,3.791366750639932,7.099326429073832,0.09805699487671041,0.8566837902095572,pass
standpoint,madrid_plazamayor,10,non_direct,nonblocking_woody_atlas,0,0.0,0.0,0.0,0.0,0.0,0.0,pass
standpoint,madrid_plazamayor,10,non_direct,geometric_no_panorama_evidence,7320,2.6838070363079484e-07,0.00013038368935469754,0.0006296484593580219,0.001179015442858842,1.6284743685895613e-05,0.00014227313371131765,pass
standpoint,madrid_plazamayor,10,non_direct,geometric_evidence_refused_host_compatibility,47207,0.00029117831218380724,0.14145913655113637,0.630645299847412,1.1808820246213965,0.016310525201952985,0.1424983762544034,pass
standpoint,madrid_plazamayor,10,non_direct,geometric_evidence_refused_atlas_state,0,0.0,0.0,0.0,0.0,0.0,0.0,pass
standpoint,madrid_plazamayor,10,non_direct,geometric_evidence_refused_insufficient_structural_mass,11957,1.2500565473306007e-06,0.000607297701876422,0.002989781383407419,0.005598359480468267,7.732540718878822e-05,0.0006755604023280338,pass
standpoint,madrid_plazamayor,10,non_direct,geometric_fallback_other,0,0.0,0.0,0.0,0.0,0.0,0.0,pass
standpoint,madrid_plazamayor,11,direct,N/A,N/A,N/A,N/A,N/A,N/A,N/A,N/A,N/A
standpoint,madrid_plazamayor,11,specular,atlas_interface,7248,0.0018570150804179013,0.8707815333284814,4.00715866272101,7.503396339841235,0.10363807099228231,0.8709672072814635,pass
standpoint,madrid_plazamayor,11,specular,nonblocking_woody_atlas,0,0.0,0.0,0.0,0.0,0.0,0.0,pass
standpoint,madrid_plazamayor,11,specular,geometric_no_panorama_evidence,96,7.660325623366232e-06,0.00359203873056819,0.01788997217201062,0.033498936032688845,0.0004626924866393486,0.0038884357751930664,pass
standpoint,madrid_plazamayor,11,specular,geometric_evidence_refused_host_compatibility,1072,0.00026774403017326297,0.12554909197686967,0.5754017573000547,1.077438605021875,0.014881748688147435,0.12506519052584034,pass
standpoint,madrid_plazamayor,11,specular,geometric_evidence_refused_atlas_state,0,0.0,0.0,0.0,0.0,0.0,0.0,pass
standpoint,madrid_plazamayor,11,specular,geometric_evidence_refused_insufficient_structural_mass,16,1.6492546759389268e-07,7.733596408059748e-05,0.0003642300112359101,0.0006820199456020736,9.420164994503782e-06,7.916641750312531e-05,pass
standpoint,madrid_plazamayor,11,specular,geometric_fallback_other,0,0.0,0.0,0.0,0.0,0.0,0.0,pass
standpoint,madrid_plazamayor,11,first_diffuse,atlas_interface,1817553,9.49064400971082e-06,0.5850543313867469,0.016992921965280773,0.031819211368814417,0.0004394918697350058,0.5199603605703812,pass
standpoint,madrid_plazamayor,11,first_diffuse,nonblocking_woody_atlas,0,0.0,0.0,0.0,0.0,0.0,0.0,pass
standpoint,madrid_plazamayor,11,first_diffuse,geometric_no_panorama_evidence,8183,2.9118428994840705e-07,0.017950165435746943,0.0006867072013868946,0.001285857819747575,1.776046712358529e-05,0.021012308817102688,pass
standpoint,madrid_plazamayor,11,first_diffuse,geometric_evidence_refused_host_compatibility,49337,6.415579550608173e-06,0.395490822392981,0.014944675732807259,0.027983874518588633,0.0003865176038479093,0.45728680438329167,pass
standpoint,madrid_plazamayor,11,first_diffuse,geometric_evidence_refused_atlas_state,0,0.0,0.0,0.0,0.0,0.0,0.0,pass
standpoint,madrid_plazamayor,11,first_diffuse,geometric_evidence_refused_insufficient_structural_mass,12123,2.4408655586449858e-08,0.0015046807845250673,5.688246380798728e-05,0.00010651229628331776,1.4711643133054937e-06,0.0017405262292242885,pass
standpoint,madrid_plazamayor,11,first_diffuse,geometric_fallback_other,0,0.0,0.0,0.0,0.0,0.0,0.0,pass
standpoint,madrid_plazamayor,11,non_direct,atlas_interface,1824801,0.0018665057244276122,0.8686245150326115,4.024151584686291,7.535215551210049,0.10407756286201732,0.868491469524353,pass
standpoint,madrid_plazamayor,11,non_direct,nonblocking_woody_atlas,0,0.0,0.0,0.0,0.0,0.0,0.0,pass
standpoint,madrid_plazamayor,11,non_direct,geometric_no_panorama_evidence,8279,7.951509913314639e-06,0.003700431427472859,0.018576679373397516,0.03478479385243642,0.0004804529537629339,0.004009214670063793,pass
standpoint,madrid_plazamayor,11,non_direct,geometric_evidence_refused_host_compatibility,50409,0.00027415960972387117,0.127586942231831,0.5903464330328619,1.1054224795404635,0.015268266291995344,0.12740843140806762,pass
standpoint,madrid_plazamayor,11,non_direct,geometric_evidence_refused_atlas_state,0,0.0,0.0,0.0,0.0,0.0,0.0,pass
standpoint,madrid_plazamayor,11,non_direct,geometric_evidence_refused_insufficient_structural_mass,12139,1.8933412318034254e-07,8.811130808456728e-05,0.00042111247504389736,0.0007885322418853914,1.0891329307809276e-05,9.088439751566247e-05,pass
standpoint,madrid_plazamayor,11,non_direct,geometric_fallback_other,0,0.0,0.0,0.0,0.0,0.0,0.0,pass
standpoint,madrid_plazamayor,12,direct,N/A,N/A,N/A,N/A,N/A,N/A,N/A,N/A,N/A
standpoint,madrid_plazamayor,12,specular,atlas_interface,6576,0.0016461188369151737,0.8842453369890881,3.5641848440556463,6.673928777066423,0.09218133669981249,0.8866369084878618,pass
standpoint,madrid_plazamayor,12,specular,nonblocking_woody_atlas,0,0.0,0.0,0.0,0.0,0.0,0.0,pass
standpoint,madrid_plazamayor,12,specular,geometric_no_panorama_evidence,16,3.1163847286657137e-06,0.001674027781463668,0.007136569361610238,0.013363211425865523,0.00018457474345118122,0.0017753135914205984,pass
standpoint,madrid_plazamayor,12,specular,geometric_evidence_refused_host_compatibility,752,0.0002117152144314248,0.11372702075474721,0.4469723523124747,0.8369548087906972,0.011560149292689191,0.11119013237903,pass
standpoint,madrid_plazamayor,12,specular,geometric_evidence_refused_atlas_state,0,0.0,0.0,0.0,0.0,0.0,0.0,pass
standpoint,madrid_plazamayor,12,specular,geometric_evidence_refused_insufficient_structural_mass,32,6.582917924037289e-07,0.0003536144747010036,0.0015984922344434926,0.0029931734155601154,4.1342174248067884e-05,0.00039764554168748525,pass
standpoint,madrid_plazamayor,12,specular,geometric_fallback_other,0,0.0,0.0,0.0,0.0,0.0,0.0,pass
standpoint,madrid_plazamayor,12,first_diffuse,atlas_interface,1763960,1.0484520843101109e-05,0.5239116681226068,0.01812215340061534,0.033933694904879234,0.0004686974434375585,0.45250614993518073,pass
standpoint,madrid_plazamayor,12,first_diffuse,nonblocking_woody_atlas,0,0.0,0.0,0.0,0.0,0.0,0.0,pass
standpoint,madrid_plazamayor,12,first_diffuse,geometric_no_panorama_evidence,8859,4.3489665434845903e-07,0.021731792520644107,0.0010081117241107496,0.0018876871263458338,2.6073026606986653e-05,0.02517232609709521,pass
standpoint,madrid_plazamayor,12,first_diffuse,geometric_evidence_refused_host_compatibility,61764,9.061672138620513e-06,0.45281189643003317,0.020845078212777774,0.03903236600550617,0.0005391210774241184,0.5204969784022193,pass
standpoint,madrid_plazamayor,12,first_diffuse,geometric_evidence_refused_atlas_state,0,0.0,0.0,0.0,0.0,0.0,0.0,pass
standpoint,madrid_plazamayor,12,first_diffuse,geometric_evidence_refused_insufficient_structural_mass,12667,3.091139584337697e-08,0.0015446429267159277,7.307015524368672e-05,0.00013682371514453867,1.8898303196759485e-06,0.001824545565504589,pass
standpoint,madrid_plazamayor,12,first_diffuse,geometric_fallback_other,0,0.0,0.0,0.0,0.0,0.0,0.0,pass
standpoint,madrid_plazamayor,12,non_direct,atlas_interface,1770536,0.0016566033577582748,0.8804130037019191,3.5823069974562616,6.7078624719713025,0.09265003414325004,0.8823545187843199,pass
standpoint,madrid_plazamayor,12,non_direct,nonblocking_woody_atlas,0,0.0,0.0,0.0,0.0,0.0,0.0,pass
standpoint,madrid_plazamayor,12,non_direct,geometric_no_panorama_evidence,8875,3.5512813830141727e-06,0.0018873523917283003,0.008144681085720987,0.015250898552211357,0.00021064777005816787,0.002006108400297939,pass
standpoint,madrid_plazamayor,12,non_direct,geometric_evidence_refused_host_compatibility,62516,0.00022077688657004533,0.11733336223350449,0.46781743052525243,0.8759871747962034,0.01209927037011331,0.11522765192462146,pass
standpoint,madrid_plazamayor,12,non_direct,geometric_evidence_refused_atlas_state,0,0.0,0.0,0.0,0.0,0.0,0.0,pass
standpoint,madrid_plazamayor,12,non_direct,geometric_evidence_refused_insufficient_structural_mass,12699,6.892031882471059e-07,0.0003662816728481563,0.0016715623896871794,0.003129997130704654,4.323200456774383e-05,0.00041172089076053756,pass
standpoint,madrid_plazamayor,12,non_direct,geometric_fallback_other,0,0.0,0.0,0.0,0.0,0.0,0.0,pass
standpoint,madrid_plazamayor,13,direct,N/A,N/A,N/A,N/A,N/A,N/A,N/A,N/A,N/A
standpoint,madrid_plazamayor,13,specular,atlas_interface,5776,0.0013838802516193338,0.8362079817108525,2.99444382756086,5.607089897539369,0.07744599305993606,0.8393463151383349,pass
standpoint,madrid_plazamayor,13,specular,nonblocking_woody_atlas,0,0.0,0.0,0.0,0.0,0.0,0.0,pass
standpoint,madrid_plazamayor,13,specular,geometric_no_panorama_evidence,64,5.877183304541155e-06,0.0035512809605342433,0.013415250805885716,0.025120029494061336,0.00034696173334338847,0.0037603114230894347,pass
standpoint,madrid_plazamayor,13,specular,geometric_evidence_refused_host_compatibility,1072,0.00026481650759234253,0.1600150569952795,0.5588259094978054,1.0464003641640223,0.014453043703922967,0.1566395948468592,pass
standpoint,madrid_plazamayor,13,specular,geometric_evidence_refused_atlas_state,0,0.0,0.0,0.0,0.0,0.0,0.0,pass
standpoint,madrid_plazamayor,13,specular,geometric_evidence_refused_insufficient_structural_mass,16,3.734890880143869e-07,0.00022568033333381676,0.0009053780588853848,0.0016953185498774794,2.341600207013093e-05,0.000253778591716495,pass
standpoint,madrid_plazamayor,13,specular,geometric_fallback_other,0,0.0,0.0,0.0,0.0,0.0,0.0,pass
standpoint,madrid_plazamayor,13,first_diffuse,atlas_interface,1680756,1.0964161409197521e-05,0.549062539537196,0.018917624989517767,0.03542321381615817,0.0004892709090629581,0.4813197279709764,pass
standpoint,madrid_plazamayor,13,first_diffuse,nonblocking_woody_atlas,0,0.0,0.0,0.0,0.0,0.0,0.0,pass
standpoint,madrid_plazamayor,13,first_diffuse,geometric_no_panorama_evidence,10069,5.327249291037273e-07,0.026677763262687462,0.0012184393865931477,0.002281525240997914,3.1512779571794385e-05,0.03100066284372871,pass
standpoint,madrid_plazamayor,13,first_diffuse,geometric_evidence_refused_host_compatibility,66376,8.445984542852575e-06,0.42295744735209556,0.01910707577436815,0.03577796002045773,0.0004941707185146096,0.48613991022316716,pass
standpoint,madrid_plazamayor,13,first_diffuse,geometric_evidence_refused_atlas_state,0,0.0,0.0,0.0,0.0,0.0,0.0,pass
standpoint,madrid_plazamayor,13,first_diffuse,geometric_evidence_refused_insufficient_structural_mass,12983,2.6004464884527147e-08,0.0013022498480209203,6.051579827211875e-05,0.0001133157075815045,1.5651340826174654e-06,0.0015396989621277598,pass
standpoint,madrid_plazamayor,13,first_diffuse,geometric_fallback_other,0,0.0,0.0,0.0,0.0,0.0,0.0,pass
standpoint,madrid_plazamayor,13,non_direct,atlas_interface,1686532,0.0013948444130285312,0.8327845440637563,3.0133614525503774,5.642513111355528,0.07793526396899902,0.8354449657454223,pass
standpoint,madrid_plazamayor,13,non_direct,nonblocking_woody_atlas,0,0.0,0.0,0.0,0.0,0.0,0.0,pass
standpoint,madrid_plazamayor,13,non_direct,geometric_no_panorama_evidence,10133,6.409908233644882e-06,0.003827002105744737,0.014633690192478864,0.02740155473505925,0.00037847451291518283,0.004057144486014902,pass
standpoint,madrid_plazamayor,13,non_direct,geometric_evidence_refused_host_compatibility,67448,0.0002732624921351951,0.16314993829916097,0.5779329852721735,1.08217832418448,0.014947214422437577,0.16023009874079763,pass
standpoint,madrid_plazamayor,13,non_direct,geometric_evidence_refused_atlas_state,0,0.0,0.0,0.0,0.0,0.0,0.0,pass
standpoint,madrid_plazamayor,13,non_direct,geometric_evidence_refused_insufficient_structural_mass,12999,3.994935528989141e-07,0.00023851553133799388,0.0009658938571575036,0.001808634257458984,2.4981136152748395e-05,0.00026779102776525393,pass
standpoint,madrid_plazamayor,13,non_direct,geometric_fallback_other,0,0.0,0.0,0.0,0.0,0.0,0.0,pass
standpoint,mexico_zocalo,0,direct,N/A,N/A,N/A,N/A,N/A,N/A,N/A,N/A,N/A
standpoint,mexico_zocalo,0,specular,atlas_interface,0,0.0,0.0,0.0,0.0,0.0,0.0,pass
standpoint,mexico_zocalo,0,specular,nonblocking_woody_atlas,0,0.0,0.0,0.0,0.0,0.0,0.0,pass
standpoint,mexico_zocalo,0,specular,geometric_no_panorama_evidence,0,0.0,0.0,0.0,0.0,0.0,0.0,pass
standpoint,mexico_zocalo,0,specular,geometric_evidence_refused_host_compatibility,0,0.0,0.0,0.0,0.0,0.0,0.0,pass
standpoint,mexico_zocalo,0,specular,geometric_evidence_refused_atlas_state,0,0.0,0.0,0.0,0.0,0.0,0.0,pass
standpoint,mexico_zocalo,0,specular,geometric_evidence_refused_insufficient_structural_mass,0,0.0,0.0,0.0,0.0,0.0,0.0,pass
standpoint,mexico_zocalo,0,specular,geometric_fallback_other,0,0.0,0.0,0.0,0.0,0.0,0.0,pass
standpoint,mexico_zocalo,0,first_diffuse,atlas_interface,12751,9.127306540760821e-08,0.38098208995415345,0.00021002278190679344,0.0003932672264024167,5.43186776798918e-06,0.38909010071989675,pass
standpoint,mexico_zocalo,0,first_diffuse,nonblocking_woody_atlas,0,0.0,0.0,0.0,0.0,0.0,0.0,pass
standpoint,mexico_zocalo,0,first_diffuse,geometric_no_panorama_evidence,9654,1.0104012195928808e-07,0.42175067377613634,0.00023247097115463553,0.00043530141451812905,6.012450476769739e-06,0.4306778186623171,pass
standpoint,mexico_zocalo,0,first_diffuse,geometric_evidence_refused_host_compatibility,17971,4.719862886240573e-08,0.19701137664946725,9.714257313769549e-05,0.0001818992680537373,2.512420829471509e-06,0.17996720747709175,pass
standpoint,mexico_zocalo,0,first_diffuse,geometric_evidence_refused_atlas_state,0,0.0,0.0,0.0,0.0,0.0,0.0,pass
standpoint,mexico_zocalo,0,first_diffuse,geometric_evidence_refused_insufficient_structural_mass,413,6.129708579322794e-11,0.0002558596202429769,1.4297303827078767e-07,2.6771671958917386e-07,3.6977447457068217e-09,0.0002648731406943193,pass
standpoint,mexico_zocalo,0,first_diffuse,geometric_fallback_other,0,0.0,0.0,0.0,0.0,0.0,0.0,pass
standpoint,mexico_zocalo,0,non_direct,atlas_interface,12751,9.127306540760821e-08,0.38098208995415345,0.00021002278190679344,0.0003932672264024167,5.43186776798918e-06,0.38909010071989675,pass
standpoint,mexico_zocalo,0,non_direct,nonblocking_woody_atlas,0,0.0,0.0,0.0,0.0,0.0,0.0,pass
standpoint,mexico_zocalo,0,non_direct,geometric_no_panorama_evidence,9654,1.0104012195928808e-07,0.42175067377613634,0.00023247097115463553,0.00043530141451812905,6.012450476769739e-06,0.4306778186623171,pass
standpoint,mexico_zocalo,0,non_direct,geometric_evidence_refused_host_compatibility,17971,4.719862886240573e-08,0.19701137664946725,9.714257313769549e-05,0.0001818992680537373,2.512420829471509e-06,0.17996720747709175,pass
standpoint,mexico_zocalo,0,non_direct,geometric_evidence_refused_atlas_state,0,0.0,0.0,0.0,0.0,0.0,0.0,pass
standpoint,mexico_zocalo,0,non_direct,geometric_evidence_refused_insufficient_structural_mass,413,6.129708579322794e-11,0.0002558596202429769,1.4297303827078767e-07,2.6771671958917386e-07,3.6977447457068217e-09,0.0002648731406943193,pass
standpoint,mexico_zocalo,0,non_direct,geometric_fallback_other,0,0.0,0.0,0.0,0.0,0.0,0.0,pass
standpoint,mexico_zocalo,1,direct,N/A,N/A,N/A,N/A,N/A,N/A,N/A,N/A,N/A
standpoint,mexico_zocalo,1,specular,atlas_interface,0,0.0,0.0,0.0,0.0,0.0,0.0,pass
standpoint,mexico_zocalo,1,specular,nonblocking_woody_atlas,0,0.0,0.0,0.0,0.0,0.0,0.0,pass
standpoint,mexico_zocalo,1,specular,geometric_no_panorama_evidence,0,0.0,0.0,0.0,0.0,0.0,0.0,pass
standpoint,mexico_zocalo,1,specular,geometric_evidence_refused_host_compatibility,0,0.0,0.0,0.0,0.0,0.0,0.0,pass
standpoint,mexico_zocalo,1,specular,geometric_evidence_refused_atlas_state,0,0.0,0.0,0.0,0.0,0.0,0.0,pass
standpoint,mexico_zocalo,1,specular,geometric_evidence_refused_insufficient_structural_mass,0,0.0,0.0,0.0,0.0,0.0,0.0,pass
standpoint,mexico_zocalo,1,specular,geometric_fallback_other,0,0.0,0.0,0.0,0.0,0.0,0.0,pass
standpoint,mexico_zocalo,1,first_diffuse,atlas_interface,15023,2.151822002262414e-07,0.7123129578620817,0.0004177180234157799,0.0007821761382054612,1.0803537820517418e-05,0.6805375083425826,pass
standpoint,mexico_zocalo,1,first_diffuse,nonblocking_woody_atlas,0,0.0,0.0,0.0,0.0,0.0,0.0,pass
standpoint,mexico_zocalo,1,first_diffuse,geometric_no_panorama_evidence,10758,6.630506412281523e-08,0.21948821183583117,0.00015318072355195522,0.0002868305892468716,3.961748470260657e-06,0.24955884613195156,pass
standpoint,mexico_zocalo,1,first_diffuse,geometric_evidence_refused_host_compatibility,18311,2.039966688880193e-08,0.06752857367238514,4.2574167014193066e-05,7.972004001687491e-05,1.1011055250949572e-06,0.06936094665649854,pass
standpoint,mexico_zocalo,1,first_diffuse,geometric_evidence_refused_atlas_state,0,0.0,0.0,0.0,0.0,0.0,0.0,pass
standpoint,mexico_zocalo,1,first_diffuse,geometric_evidence_refused_insufficient_structural_mass,918,2.0247742892166746e-10,0.000670256629702004,3.331118359766868e-07,6.23751226543157e-07,8.615348432916532e-09,0.0005426988689672943,pass
standpoint,mexico_zocalo,1,first_diffuse,geometric_fallback_other,0,0.0,0.0,0.0,0.0,0.0,0.0,pass
standpoint,mexico_zocalo,1,non_direct,atlas_interface,15023,2.151822002262414e-07,0.7123129578620817,0.0004177180234157799,0.0007821761382054612,1.0803537820517418e-05,0.6805375083425826,pass
standpoint,mexico_zocalo,1,non_direct,nonblocking_woody_atlas,0,0.0,0.0,0.0,0.0,0.0,0.0,pass
standpoint,mexico_zocalo,1,non_direct,geometric_no_panorama_evidence,10758,6.630506412281523e-08,0.21948821183583117,0.00015318072355195522,0.0002868305892468716,3.961748470260657e-06,0.24955884613195156,pass
standpoint,mexico_zocalo,1,non_direct,geometric_evidence_refused_host_compatibility,18311,2.039966688880193e-08,0.06752857367238514,4.2574167014193066e-05,7.972004001687491e-05,1.1011055250949572e-06,0.06936094665649854,pass
standpoint,mexico_zocalo,1,non_direct,geometric_evidence_refused_atlas_state,0,0.0,0.0,0.0,0.0,0.0,0.0,pass
standpoint,mexico_zocalo,1,non_direct,geometric_evidence_refused_insufficient_structural_mass,918,2.0247742892166746e-10,0.000670256629702004,3.331118359766868e-07,6.23751226543157e-07,8.615348432916532e-09,0.0005426988689672943,pass
standpoint,mexico_zocalo,1,non_direct,geometric_fallback_other,0,0.0,0.0,0.0,0.0,0.0,0.0,pass
standpoint,mexico_zocalo,2,direct,N/A,N/A,N/A,N/A,N/A,N/A,N/A,N/A,N/A
standpoint,mexico_zocalo,2,specular,atlas_interface,304,0.0008419560198933765,0.1622780343936208,1.5538838777503978,2.909644359560616,0.04018845800498087,0.15420601890798985,pass
standpoint,mexico_zocalo,2,specular,nonblocking_woody_atlas,0,0.0,0.0,0.0,0.0,0.0,0.0,pass
standpoint,mexico_zocalo,2,specular,geometric_no_panorama_evidence,384,0.0016014357279320775,0.3086596401667693,3.4609638923496813,6.480647757667118,0.08951170936004306,0.343462900327018,pass
standpoint,mexico_zocalo,2,specular,geometric_evidence_refused_host_compatibility,1504,0.0027449630596473318,0.52906232543961,5.061826854886861,9.478260356698161,0.1309151982969359,0.5023310807649921,pass
standpoint,mexico_zocalo,2,specular,geometric_evidence_refused_atlas_state,0,0.0,0.0,0.0,0.0,0.0,0.0,pass
standpoint,mexico_zocalo,2,specular,geometric_evidence_refused_insufficient_structural_mass,0,0.0,0.0,0.0,0.0,0.0,0.0,pass
standpoint,mexico_zocalo,2,specular,geometric_fallback_other,0,0.0,0.0,0.0,0.0,0.0,0.0,pass
standpoint,mexico_zocalo,2,first_diffuse,atlas_interface,66991,5.797087967828084e-06,0.007955758749122362,0.010374970825546526,0.019427111494882538,0.00026833026926633335,0.008011367143182693,pass
standpoint,mexico_zocalo,2,first_diffuse,nonblocking_woody_atlas,0,0.0,0.0,0.0,0.0,0.0,0.0,pass
standpoint,mexico_zocalo,2,first_diffuse,geometric_no_panorama_evidence,198908,0.0007224855772606922,0.991518670116018,1.2838605210811682,2.404026180537041,0.03320478149913039,0.9913741607535816,pass
standpoint,mexico_zocalo,2,first_diffuse,geometric_evidence_refused_host_compatibility,490325,3.8287057951702936e-07,0.0005254407005169818,0.0007955565277452267,0.0014896779590870784,2.0575662418329806e-05,0.0006143145396832362,pass
standpoint,mexico_zocalo,2,first_diffuse,geometric_evidence_refused_atlas_state,0,0.0,0.0,0.0,0.0,0.0,0.0,pass
standpoint,mexico_zocalo,2,first_diffuse,geometric_evidence_refused_insufficient_structural_mass,396,9.504302255133448e-11,1.3043434262204333e-07,2.0404972434642621e-07,3.8208268842715035e-07,5.277385199270032e-09,1.575635521961414e-07,pass
standpoint,mexico_zocalo,2,first_diffuse,geometric_fallback_other,0,0.0,0.0,0.0,0.0,0.0,0.0,pass
standpoint,mexico_zocalo,2,non_direct,atlas_interface,67295,0.0008477531078612046,0.1432736487388834,1.5642588485759443,2.9290714710554986,0.04045678827424721,0.13755709701171143,pass
standpoint,mexico_zocalo,2,non_direct,nonblocking_woody_atlas,0,0.0,0.0,0.0,0.0,0.0,0.0,pass
standpoint,mexico_zocalo,2,non_direct,geometric_no_panorama_evidence,199292,0.0023239213051927696,0.3927519482848166,4.74482441343085,8.884673938204159,0.12271649085917345,0.41724825321335324,pass
standpoint,mexico_zocalo,2,non_direct,geometric_evidence_refused_host_compatibility,491829,0.002745345930226849,0.463974386913651,5.062622411414606,9.479750034657249,0.13093577395935424,0.44519463183130165,pass
standpoint,mexico_zocalo,2,non_direct,geometric_evidence_refused_atlas_state,0,0.0,0.0,0.0,0.0,0.0,0.0,pass
standpoint,mexico_zocalo,2,non_direct,geometric_evidence_refused_insufficient_structural_mass,396,9.504302255133448e-11,1.6062649021076893e-08,2.0404972434642621e-07,3.8208268842715035e-07,5.277385199270032e-09,1.7943633659280277e-08,pass
standpoint,mexico_zocalo,2,non_direct,geometric_fallback_other,0,0.0,0.0,0.0,0.0,0.0,0.0,pass
standpoint,mexico_zocalo,3,direct,N/A,N/A,N/A,N/A,N/A,N/A,N/A,N/A,N/A
standpoint,mexico_zocalo,3,specular,atlas_interface,0,0.0,0.0,0.0,0.0,0.0,0.0,pass
standpoint,mexico_zocalo,3,specular,nonblocking_woody_atlas,0,0.0,0.0,0.0,0.0,0.0,0.0,pass
standpoint,mexico_zocalo,3,specular,geometric_no_panorama_evidence,0,0.0,0.0,0.0,0.0,0.0,0.0,pass
standpoint,mexico_zocalo,3,specular,geometric_evidence_refused_host_compatibility,0,0.0,0.0,0.0,0.0,0.0,0.0,pass
standpoint,mexico_zocalo,3,specular,geometric_evidence_refused_atlas_state,0,0.0,0.0,0.0,0.0,0.0,0.0,pass
standpoint,mexico_zocalo,3,specular,geometric_evidence_refused_insufficient_structural_mass,0,0.0,0.0,0.0,0.0,0.0,0.0,pass
standpoint,mexico_zocalo,3,specular,geometric_fallback_other,0,0.0,0.0,0.0,0.0,0.0,0.0,pass
standpoint,mexico_zocalo,3,first_diffuse,atlas_interface,28856,9.9194521609503e-07,0.0005750215288648409,0.0012614314125962418,0.002362027721110575,3.2624692280532804e-05,0.00046325081041757914,pass
standpoint,mexico_zocalo,3,first_diffuse,nonblocking_woody_atlas,0,0.0,0.0,0.0,0.0,0.0,0.0,pass
standpoint,mexico_zocalo,3,first_diffuse,geometric_no_panorama_evidence,159649,0.001723726263552076,0.9992282792734773,2.7210491099936247,5.095158852180424,0.0703751222676854,0.9992839823103784,pass
standpoint,mexico_zocalo,3,first_diffuse,geometric_evidence_refused_host_compatibility,116430,3.3931180573336856e-07,0.00019669593655865714,0.0006882710661424658,0.001288786153280291,1.7800913719341033e-05,0.00025276216050560904,pass
standpoint,mexico_zocalo,3,first_diffuse,geometric_evidence_refused_atlas_state,0,0.0,0.0,0.0,0.0,0.0,0.0,pass
standpoint,mexico_zocalo,3,first_diffuse,geometric_evidence_refused_insufficient_structural_mass,7,5.6255837422059255e-12,3.2610992136591363e-09,1.2849010023476886e-08,2.405974479564856e-08,3.3231691706696905e-10,4.718698335082985e-09,pass
standpoint,mexico_zocalo,3,first_diffuse,geometric_fallback_other,0,0.0,0.0,0.0,0.0,0.0,0.0,pass
standpoint,mexico_zocalo,3,non_direct,atlas_interface,28856,9.9194521609503e-07,0.0005750215288648409,0.0012614314125962418,0.002362027721110575,3.2624692280532804e-05,0.00046325081041757914,pass
standpoint,mexico_zocalo,3,non_direct,nonblocking_woody_atlas,0,0.0,0.0,0.0,0.0,0.0,0.0,pass
standpoint,mexico_zocalo,3,non_direct,geometric_no_panorama_evidence,159649,0.001723726263552076,0.9992282792734773,2.7210491099936247,5.095158852180424,0.0703751222676854,0.9992839823103784,pass
standpoint,mexico_zocalo,3,non_direct,geometric_evidence_refused_host_compatibility,116430,3.3931180573336856e-07,0.00019669593655865714,0.0006882710661424658,0.001288786153280291,1.7800913719341033e-05,0.00025276216050560904,pass
standpoint,mexico_zocalo,3,non_direct,geometric_evidence_refused_atlas_state,0,0.0,0.0,0.0,0.0,0.0,0.0,pass
standpoint,mexico_zocalo,3,non_direct,geometric_evidence_refused_insufficient_structural_mass,7,5.6255837422059255e-12,3.2610992136591363e-09,1.2849010023476886e-08,2.405974479564856e-08,3.3231691706696905e-10,4.718698335082985e-09,pass
standpoint,mexico_zocalo,3,non_direct,geometric_fallback_other,0,0.0,0.0,0.0,0.0,0.0,0.0,pass
standpoint,mexico_zocalo,4,direct,N/A,N/A,N/A,N/A,N/A,N/A,N/A,N/A,N/A
standpoint,mexico_zocalo,4,specular,atlas_interface,2048,0.0018819735784853416,0.5567188491052889,4.0849378060867485,7.649037625542207,0.10564969096052777,0.543693413607742,pass
standpoint,mexico_zocalo,4,specular,nonblocking_woody_atlas,0,0.0,0.0,0.0,0.0,0.0,0.0,pass
standpoint,mexico_zocalo,4,specular,geometric_no_panorama_evidence,240,0.00012092617666789471,0.0357719591129624,0.23442005761945725,0.43895107490772955,0.0060628601506592505,0.031200632028065618,pass
standpoint,mexico_zocalo,4,specular,geometric_evidence_refused_host_compatibility,2912,0.0013501044892934497,0.3993831932838623,3.1289518693951104,5.85895592874189,0.08092480564560621,0.41645444891496275,pass
standpoint,mexico_zocalo,4,specular,geometric_evidence_refused_atlas_state,0,0.0,0.0,0.0,0.0,0.0,0.0,pass
standpoint,mexico_zocalo,4,specular,geometric_evidence_refused_insufficient_structural_mass,16,2.746972640932035e-05,0.00812599849788651,0.06500145266541893,0.12171508619099197,0.0016811475993230946,0.008651505449229645,pass
standpoint,mexico_zocalo,4,specular,geometric_fallback_other,0,0.0,0.0,0.0,0.0,0.0,0.0,pass
standpoint,mexico_zocalo,4,first_diffuse,atlas_interface,691346,0.00021687859937005152,0.4643228178561824,0.318510164451043,0.5964096266957771,0.008237702026184767,0.4463410276296574,pass
standpoint,mexico_zocalo,4,first_diffuse,nonblocking_woody_atlas,0,0.0,0.0,0.0,0.0,0.0,0.0,pass
standpoint,mexico_zocalo,4,first_diffuse,geometric_no_panorama_evidence,47942,0.00022420338216541031,0.48000469609407337,0.34220638253125624,0.6407807462287425,0.008850562793214676,0.4795474854112724,pass
standpoint,mexico_zocalo,4,first_diffuse,geometric_evidence_refused_host_compatibility,535797,2.5997915643408448e-05,0.055659827594781414,0.05287240647007392,0.0990034721801511,0.0013674512732065065,0.07409221704989911,pass
standpoint,mexico_zocalo,4,first_diffuse,geometric_evidence_refused_atlas_state,0,0.0,0.0,0.0,0.0,0.0,0.0,pass
standpoint,mexico_zocalo,4,first_diffuse,geometric_evidence_refused_insufficient_structural_mass,4109,5.912584686669019e-09,1.2658454962830112e-05,1.3751059300277502e-05,2.574883020793073e-05,3.5564682607639116e-07,1.9269909171220854e-05,pass
standpoint,mexico_zocalo,4,first_diffuse,geometric_fallback_other,0,0.0,0.0,0.0,0.0,0.0,0.0,pass
standpoint,mexico_zocalo,4,non_direct,atlas_interface,693394,0.002098852177855393,0.5455021617669109,4.403447970537791,8.245447252237984,0.11388739298671254,0.5352490653562406,pass
standpoint,mexico_zocalo,4,non_direct,nonblocking_woody_atlas,0,0.0,0.0,0.0,0.0,0.0,0.0,pass
standpoint,mexico_zocalo,4,non_direct,geometric_no_panorama_evidence,48182,0.00034512955883330505,0.08970089576560905,0.5766264401507135,1.079731821136472,0.014913422943873926,0.07009024864501161,pass
standpoint,mexico_zocalo,4,non_direct,geometric_evidence_refused_host_compatibility,538709,0.001376102404936858,0.35765588669171183,3.1818242758651842,5.957959400922041,0.08229225691881271,0.3867579408634734,pass
standpoint,mexico_zocalo,4,non_direct,geometric_evidence_refused_atlas_state,0,0.0,0.0,0.0,0.0,0.0,0.0,pass
standpoint,mexico_zocalo,4,non_direct,geometric_evidence_refused_insufficient_structural_mass,4125,2.747563899400702e-05,0.0071410557757682685,0.06501520372471921,0.12174083502119991,0.0016815032461491711,0.007902745135274418,pass
standpoint,mexico_zocalo,4,non_direct,geometric_fallback_other,0,0.0,0.0,0.0,0.0,0.0,0.0,pass
standpoint,mexico_zocalo,5,direct,N/A,N/A,N/A,N/A,N/A,N/A,N/A,N/A,N/A
standpoint,mexico_zocalo,5,specular,atlas_interface,2928,0.00633884239039546,0.897559396801476,12.76531864353556,23.903032859141017,0.3301523875571962,0.8847861343180422,pass
standpoint,mexico_zocalo,5,specular,nonblocking_woody_atlas,0,0.0,0.0,0.0,0.0,0.0,0.0,pass
standpoint,mexico_zocalo,5,specular,geometric_no_panorama_evidence,112,1.2730809721000289e-05,0.001802641111772857,0.030840031409808608,0.057747895273958065,0.0007976228628999732,0.002137575483644491,pass
standpoint,mexico_zocalo,5,specular,geometric_evidence_refused_host_compatibility,2144,0.0007086012180755849,0.1003356200861518,1.6262946378091057,3.0452333585798574,0.04206123423452842,0.11272127128436067,pass
standpoint,mexico_zocalo,5,specular,geometric_evidence_refused_atlas_state,0,0.0,0.0,0.0,0.0,0.0,0.0,pass
standpoint,mexico_zocalo,5,specular,geometric_evidence_refused_insufficient_structural_mass,32,2.1352328287418954e-06,0.00030234200059937454,0.005122062140565214,0.00959105080502579,0.00013247307741748332,0.0003550189139526488,pass
standpoint,mexico_zocalo,5,specular,geometric_fallback_other,0,0.0,0.0,0.0,0.0,0.0,0.0,pass
standpoint,mexico_zocalo,5,first_diffuse,atlas_interface,1192746,0.00015958951953120123,0.8768869063884691,0.26816237322878084,0.502133491365591,0.006935545460850705,0.8402089524037387,pass
standpoint,mexico_zocalo,5,first_diffuse,nonblocking_woody_atlas,0,0.0,0.0,0.0,0.0,0.0,0.0,pass
standpoint,mexico_zocalo,5,first_diffuse,geometric_no_panorama_evidence,31026,1.7341995040328188e-05,0.09528801406375847,0.03940511443364995,0.0737859955891294,0.0010191435854852127,0.12346448727689385,pass
standpoint,mexico_zocalo,5,first_diffuse,geometric_evidence_refused_host_compatibility,285534,5.053151862484275e-06,0.027765248728245324,0.0115716778555416,0.021667942942926566,0.0002992809798746763,0.03625649345019542,pass
standpoint,mexico_zocalo,5,first_diffuse,geometric_evidence_refused_atlas_state,0,0.0,0.0,0.0,0.0,0.0,0.0,pass
standpoint,mexico_zocalo,5,first_diffuse,geometric_evidence_refused_insufficient_structural_mass,1026,1.0888943228511004e-08,5.9830819527104905e-05,2.236264903872105e-05,4.187401425037513e-05,5.78370362574242e-07,7.006686917171013e-05,pass
standpoint,mexico_zocalo,5,first_diffuse,geometric_fallback_other,0,0.0,0.0,0.0,0.0,0.0,0.0,pass
standpoint,mexico_zocalo,5,non_direct,atlas_interface,1195674,0.006498431909926661,0.8970400507404592,13.033481016764341,24.405166350506608,0.3370879330180469,0.8838213567137035,pass
standpoint,mexico_zocalo,5,non_direct,nonblocking_woody_atlas,0,0.0,0.0,0.0,0.0,0.0,0.0,pass
standpoint,mexico_zocalo,5,non_direct,geometric_no_panorama_evidence,31138,3.007280476132848e-05,0.004151233818084965,0.07024514584345856,0.13153389086308748,0.0018167664483851858,0.004763436569406257,pass
standpoint,mexico_zocalo,5,non_direct,geometric_evidence_refused_host_compatibility,287678,0.0007136543699380692,0.09851246594466831,1.6378663156646474,3.066901301522784,0.042360515214403094,0.11106635497949081,pass
standpoint,mexico_zocalo,5,non_direct,geometric_evidence_refused_atlas_state,0,0.0,0.0,0.0,0.0,0.0,0.0,pass
standpoint,mexico_zocalo,5,non_direct,geometric_evidence_refused_insufficient_structural_mass,1058,2.1461217719704062e-06,0.00029624949678748946,0.005144424789603935,0.009632924819276165,0.00013305144778005755,0.00034885173739932494,pass
standpoint,mexico_zocalo,5,non_direct,geometric_fallback_other,0,0.0,0.0,0.0,0.0,0.0,0.0,pass
standpoint,mexico_zocalo,6,direct,N/A,N/A,N/A,N/A,N/A,N/A,N/A,N/A,N/A
standpoint,mexico_zocalo,6,specular,atlas_interface,2496,0.005686955712539422,0.8699623890331881,12.074847983467125,22.610127970766253,0.31229458523157805,0.862655442743213,pass
standpoint,mexico_zocalo,6,specular,nonblocking_woody_atlas,0,0.0,0.0,0.0,0.0,0.0,0.0,pass
standpoint,mexico_zocalo,6,specular,geometric_no_panorama_evidence,80,2.727992530711906e-05,0.00417314819957176,0.06065913256528744,0.1135841007501457,0.001568841170582123,0.004333630612259025,pass
standpoint,mexico_zocalo,6,specular,geometric_evidence_refused_host_compatibility,1760,0.0008215655327172279,0.12567903632765434,1.8589737899811072,3.4809245916240816,0.04807906894508403,0.13280944489238317,pass
standpoint,mexico_zocalo,6,specular,geometric_evidence_refused_atlas_state,0,0.0,0.0,0.0,0.0,0.0,0.0,pass
standpoint,mexico_zocalo,6,specular,geometric_evidence_refused_insufficient_structural_mass,16,1.2121351027948395e-06,0.00018542643958581342,0.0028202007522881317,0.00528082009809093,7.293950411727803e-05,0.00020148175214470063,pass
standpoint,mexico_zocalo,6,specular,geometric_fallback_other,0,0.0,0.0,0.0,0.0,0.0,0.0,pass
standpoint,mexico_zocalo,6,first_diffuse,atlas_interface,1258711,0.00010351652016364659,0.9011230330821967,0.17494616632021448,0.3275863359862542,0.00452467314898141,0.8665735375164271,pass
standpoint,mexico_zocalo,6,first_diffuse,nonblocking_woody_atlas,0,0.0,0.0,0.0,0.0,0.0,0.0,pass
standpoint,mexico_zocalo,6,first_diffuse,geometric_no_panorama_evidence,31074,8.809360824894718e-06,0.07668648379500323,0.020880832475360066,0.03909931578852562,0.0005400457981840555,0.10343054234947173,pass
standpoint,mexico_zocalo,6,first_diffuse,geometric_evidence_refused_host_compatibility,216962,2.536133504243637e-06,0.022077329415947585,0.006026302171882287,0.011284238400626326,0.0001558596464174907,0.029850519740297673,pass
standpoint,mexico_zocalo,6,first_diffuse,geometric_evidence_refused_atlas_state,0,0.0,0.0,0.0,0.0,0.0,0.0,pass
standpoint,mexico_zocalo,6,first_diffuse,geometric_evidence_refused_insufficient_structural_mass,1052,1.299853354866484e-08,0.00011315370685255196,2.935381750780871e-05,5.49649628045672e-05,7.591845691238561e-07,0.00014540039380339501,pass
standpoint,mexico_zocalo,6,first_diffuse,geometric_fallback_other,0,0.0,0.0,0.0,0.0,0.0,0.0,pass
standpoint,mexico_zocalo,6,non_direct,atlas_interface,1261207,0.005790472232703068,0.8705005188422799,12.24979414978734,22.937714306752508,0.31681925838055947,0.8627111498449591,pass
standpoint,mexico_zocalo,6,non_direct,nonblocking_woody_atlas,0,0.0,0.0,0.0,0.0,0.0,0.0,pass
standpoint,mexico_zocalo,6,non_direct,geometric_no_panorama_evidence,31154,3.608928613201378e-05,0.005425419730905127,0.0815399650406475,0.15268341653867132,0.0021088869687661783,0.005742581151843763,pass
standpoint,mexico_zocalo,6,non_direct,geometric_evidence_refused_host_compatibility,218722,0.0008241016662214715,0.12388988310366104,1.8650000921529895,3.492208830024708,0.04823492859150152,0.13134558461051304,pass
standpoint,mexico_zocalo,6,non_direct,geometric_evidence_refused_atlas_state,0,0.0,0.0,0.0,0.0,0.0,0.0,pass
standpoint,mexico_zocalo,6,non_direct,geometric_evidence_refused_insufficient_structural_mass,1068,1.2251336363435042e-06,0.00018417832315384457,0.0028495545697959403,0.005335785060895497,7.369868868640189e-05,0.0002006843926840429,pass
standpoint,mexico_zocalo,6,non_direct,geometric_fallback_other,0,0.0,0.0,0.0,0.0,0.0,0.0,pass
standpoint,mexico_zocalo,7,direct,N/A,N/A,N/A,N/A,N/A,N/A,N/A,N/A,N/A
standpoint,mexico_zocalo,7,specular,atlas_interface,2512,0.005191689952413729,0.9037510827775017,11.339435796214342,21.233070165333572,0.293274449797425,0.8981975111758526,pass
standpoint,mexico_zocalo,7,specular,nonblocking_woody_atlas,0,0.0,0.0,0.0,0.0,0.0,0.0,pass
standpoint,mexico_zocalo,7,specular,geometric_no_panorama_evidence,112,8.361954238690928e-05,0.014556195124555495,0.19904384900176111,0.37270919715806355,0.005147917087818558,0.015766277352875866,pass
standpoint,mexico_zocalo,7,specular,geometric_evidence_refused_host_compatibility,1856,0.00046929214535240926,0.0816927220979428,1.0861776880797867,2.0338654830355343,0.028092064682811238,0.08603621147127172,pass
standpoint,mexico_zocalo,7,specular,geometric_evidence_refused_atlas_state,0,0.0,0.0,0.0,0.0,0.0,0.0,pass
standpoint,mexico_zocalo,7,specular,geometric_evidence_refused_insufficient_structural_mass,0,0.0,0.0,0.0,0.0,0.0,0.0,pass
standpoint,mexico_zocalo,7,specular,geometric_fallback_other,0,0.0,0.0,0.0,0.0,0.0,0.0,pass
standpoint,mexico_zocalo,7,first_diffuse,atlas_interface,1138359,7.423195389439323e-05,0.7303214936491593,0.12714040350878567,0.23807014361791445,0.0032882616521811383,0.6812670501575828,pass
standpoint,mexico_zocalo,7,first_diffuse,nonblocking_woody_atlas,0,0.0,0.0,0.0,0.0,0.0,0.0,pass
standpoint,mexico_zocalo,7,first_diffuse,geometric_no_panorama_evidence,48182,2.437057285008235e-05,0.23976673428640694,0.0523529910421421,0.09803086786152042,0.0013540175118994533,0.2805274074164935,pass
standpoint,mexico_zocalo,7,first_diffuse,geometric_evidence_refused_host_compatibility,210582,3.0317218480652234e-06,0.029827203949901928,0.0071097191705548615,0.013312934498434811,0.00018388031075186202,0.03809660244186674,pass
standpoint,mexico_zocalo,7,first_diffuse,geometric_evidence_refused_atlas_state,0,0.0,0.0,0.0,0.0,0.0,0.0,pass
standpoint,mexico_zocalo,7,first_diffuse,geometric_evidence_refused_insufficient_structural_mass,1289,8.595743701161212e-09,8.456811453176047e-05,2.0330755065915994e-05,3.806929697268734e-05,5.258190189597697e-07,0.00010893998405688406,pass
standpoint,mexico_zocalo,7,first_diffuse,geometric_fallback_other,0,0.0,0.0,0.0,0.0,0.0,0.0,pass
standpoint,mexico_zocalo,7,non_direct,atlas_interface,1140871,0.005265921906308122,0.9007358348216834,11.466576199723129,21.471140308951487,0.29656271144960616,0.8950374594566399,pass
standpoint,mexico_zocalo,7,non_direct,nonblocking_woody_atlas,0,0.0,0.0,0.0,0.0,0.0,0.0,pass
standpoint,mexico_zocalo,7,non_direct,geometric_no_panorama_evidence,48294,0.00010799011523699164,0.0184717070118263,0.2513968400439032,0.470740065019584,0.006501934599718011,0.019623084093206088,pass
standpoint,mexico_zocalo,7,non_direct,geometric_evidence_refused_host_compatibility,212438,0.0004723238672004745,0.0807909878647053,1.0932874072503416,2.047178417533969,0.0282759449935631,0.08533786950850332,pass
standpoint,mexico_zocalo,7,non_direct,geometric_evidence_refused_atlas_state,0,0.0,0.0,0.0,0.0,0.0,0.0,pass
standpoint,mexico_zocalo,7,non_direct,geometric_evidence_refused_insufficient_structural_mass,1289,8.595743701161212e-09,1.4703017850120085e-06,2.0330755065915994e-05,3.806929697268734e-05,5.258190189597697e-07,1.5869416507668637e-06,pass
standpoint,mexico_zocalo,7,non_direct,geometric_fallback_other,0,0.0,0.0,0.0,0.0,0.0,0.0,pass
standpoint,mexico_zocalo,8,direct,N/A,N/A,N/A,N/A,N/A,N/A,N/A,N/A,N/A
standpoint,mexico_zocalo,8,specular,atlas_interface,944,0.0006525830984430535,0.08954935619034357,1.501914406722406,2.8123316321354106,0.038844359559881345,0.09679506281602399,pass
standpoint,mexico_zocalo,8,specular,nonblocking_woody_atlas,0,0.0,0.0,0.0,0.0,0.0,0.0,pass
standpoint,mexico_zocalo,8,specular,geometric_no_panorama_evidence,256,0.00637563152096196,0.8748827534319386,13.408889750041233,25.10811843009846,0.3467972158853379,0.8641732976520222,pass
standpoint,mexico_zocalo,8,specular,geometric_evidence_refused_host_compatibility,464,0.00025919788924486933,0.03556789037771792,0.605631940571792,1.134044560913789,0.015663598907649016,0.03903163953195377,pass
standpoint,mexico_zocalo,8,specular,geometric_evidence_refused_atlas_state,0,0.0,0.0,0.0,0.0,0.0,0.0,pass
standpoint,mexico_zocalo,8,specular,geometric_evidence_refused_insufficient_structural_mass,0,0.0,0.0,0.0,0.0,0.0,0.0,pass
standpoint,mexico_zocalo,8,specular,geometric_fallback_other,0,0.0,0.0,0.0,0.0,0.0,0.0,pass
standpoint,mexico_zocalo,8,first_diffuse,atlas_interface,197246,1.2665676530364412e-05,0.006356318268961813,0.028419780116083232,0.05321597971299459,0.000735027344102135,0.007306292541656584,pass
standpoint,mexico_zocalo,8,first_diffuse,nonblocking_woody_atlas,0,0.0,0.0,0.0,0.0,0.0,0.0,pass
standpoint,mexico_zocalo,8,first_diffuse,geometric_no_panorama_evidence,387405,0.0019768467835896424,0.9920881285216048,3.854181701924255,7.21694729593366,0.09968159248527153,0.9908514037736122,pass
standpoint,mexico_zocalo,8,first_diffuse,geometric_evidence_refused_host_compatibility,83189,3.0888703985480644e-06,0.00155016143809426,0.00714016947528274,0.013369952631299824,0.00018466785402347817,0.0018356288039645821,pass
standpoint,mexico_zocalo,8,first_diffuse,geometric_evidence_refused_atlas_state,0,0.0,0.0,0.0,0.0,0.0,0.0,pass
standpoint,mexico_zocalo,8,first_diffuse,geometric_evidence_refused_insufficient_structural_mass,1039,1.0743708671818846e-08,5.391771339128045e-06,2.5963735041736474e-05,4.861704037156486e-05,6.715060824801775e-07,6.674880766640177e-06,pass
standpoint,mexico_zocalo,8,first_diffuse,geometric_fallback_other,0,0.0,0.0,0.0,0.0,0.0,0.0,pass
standpoint,mexico_zocalo,8,non_direct,atlas_interface,198190,0.0006652487749734179,0.07168610050892443,1.5303341868384892,2.865547611848405,0.03957938690398348,0.0788579883785294,pass
standpoint,mexico_zocalo,8,non_direct,nonblocking_woody_atlas,0,0.0,0.0,0.0,0.0,0.0,0.0,pass
standpoint,mexico_zocalo,8,non_direct,geometric_no_panorama_evidence,387661,0.008352478304551603,0.9000491571932951,17.263071451965487,32.32506572603212,0.44647880837060944,0.8895645798446062,pass
standpoint,mexico_zocalo,8,non_direct,geometric_evidence_refused_host_compatibility,83653,0.00026228675964341737,0.028263584573619736,0.6127721100470748,1.1474145135450888,0.015848266761672496,0.03157609386784162,pass
standpoint,mexico_zocalo,8,non_direct,geometric_evidence_refused_atlas_state,0,0.0,0.0,0.0,0.0,0.0,0.0,pass
standpoint,mexico_zocalo,8,non_direct,geometric_evidence_refused_insufficient_structural_mass,1039,1.0743708671818846e-08,1.1577241607357842e-06,2.5963735041736474e-05,4.861704037156486e-05,6.715060824801775e-07,1.3379090226130842e-06,pass
standpoint,mexico_zocalo,8,non_direct,geometric_fallback_other,0,0.0,0.0,0.0,0.0,0.0,0.0,pass
standpoint,mexico_zocalo,9,direct,N/A,N/A,N/A,N/A,N/A,N/A,N/A,N/A,N/A
standpoint,mexico_zocalo,9,specular,atlas_interface,1456,0.006754927795611657,0.6740200965016316,12.491081272828493,23.389523947513887,0.3230597230319595,0.6451933103561461,pass
standpoint,mexico_zocalo,9,specular,nonblocking_woody_atlas,0,0.0,0.0,0.0,0.0,0.0,0.0,pass
standpoint,mexico_zocalo,9,specular,geometric_no_panorama_evidence,544,0.0012001531174945612,0.1197536590392481,2.625004225249548,4.915315003382128,0.06789109120693547,0.13558755473569334,pass
standpoint,mexico_zocalo,9,specular,geometric_evidence_refused_host_compatibility,3808,0.0020667683324456228,0.20622624445912013,4.244129606962998,7.947123944693967,0.10976690531345251,0.21921913490816042,pass
standpoint,mexico_zocalo,9,specular,geometric_evidence_refused_atlas_state,0,0.0,0.0,0.0,0.0,0.0,0.0,pass
standpoint,mexico_zocalo,9,specular,geometric_evidence_refused_insufficient_structural_mass,0,0.0,0.0,0.0,0.0,0.0,0.0,pass
standpoint,mexico_zocalo,9,specular,geometric_fallback_other,0,0.0,0.0,0.0,0.0,0.0,0.0,pass
standpoint,mexico_zocalo,9,first_diffuse,atlas_interface,423855,9.975135411003662e-05,0.03251551610475259,0.19705845962291932,0.3689915596367565,0.005096568503270118,0.04215104512942289,pass
standpoint,mexico_zocalo,9,first_diffuse,nonblocking_woody_atlas,0,0.0,0.0,0.0,0.0,0.0,0.0,pass
standpoint,mexico_zocalo,9,first_diffuse,geometric_no_panorama_evidence,90314,0.0001260283519593159,0.04108091508480334,0.27571669852760994,0.5162789499231804,0.00713092472269586,0.058976138475919954,pass
standpoint,mexico_zocalo,9,first_diffuse,geometric_evidence_refused_host_compatibility,496093,0.002842026710189811,0.9264031159253794,4.202276958849696,7.868754947332438,0.10868446059851433,0.8988721726423461,pass
standpoint,mexico_zocalo,9,first_diffuse,geometric_evidence_refused_atlas_state,0,0.0,0.0,0.0,0.0,0.0,0.0,pass
standpoint,mexico_zocalo,9,first_diffuse,geometric_evidence_refused_insufficient_structural_mass,1232,1.3893643366176853e-09,4.528850647263124e-07,3.0095775421726317e-06,5.635427746969337e-06,7.783739982001846e-08,6.437523110825225e-07,pass
standpoint,mexico_zocalo,9,first_diffuse,geometric_fallback_other,0,0.0,0.0,0.0,0.0,0.0,0.0,pass
standpoint,mexico_zocalo,9,non_direct,atlas_interface,425311,0.006854679149721694,0.5236714088782182,12.688139732451413,23.758515507150644,0.3281562915352296,0.5278966955719909,pass
standpoint,mexico_zocalo,9,non_direct,nonblocking_woody_atlas,0,0.0,0.0,0.0,0.0,0.0,0.0,pass
standpoint,mexico_zocalo,9,non_direct,geometric_no_panorama_evidence,90858,0.001326181469453877,0.10131521889909231,2.900720923777158,5.431593953305308,0.07502201592963133,0.12068601250678725,pass
standpoint,mexico_zocalo,9,non_direct,geometric_evidence_refused_host_compatibility,499901,0.004908795042635434,0.37501326608053986,8.446406565812694,15.815878892026404,0.21845136591196684,0.35141716670617257,pass
standpoint,mexico_zocalo,9,non_direct,geometric_evidence_refused_atlas_state,0,0.0,0.0,0.0,0.0,0.0,0.0,pass
standpoint,mexico_zocalo,9,non_direct,geometric_evidence_refused_insufficient_structural_mass,1232,1.3893643366176853e-09,1.0614214957548731e-07,3.0095775421726317e-06,5.635427746969337e-06,7.783739982001846e-08,1.2521504909953052e-07,pass
standpoint,mexico_zocalo,9,non_direct,geometric_fallback_other,0,0.0,0.0,0.0,0.0,0.0,0.0,pass
standpoint,mexico_zocalo,10,direct,N/A,N/A,N/A,N/A,N/A,N/A,N/A,N/A,N/A
standpoint,mexico_zocalo,10,specular,atlas_interface,1920,0.0054125048984032765,0.8542923921946244,10.62818758026762,19.90125934638551,0.2748792727401313,0.8349260375194981,pass
standpoint,mexico_zocalo,10,specular,nonblocking_woody_atlas,0,0.0,0.0,0.0,0.0,0.0,0.0,pass
standpoint,mexico_zocalo,10,specular,geometric_no_panorama_evidence,112,0.00013491791185324696,0.021295009950201813,0.3243002118589953,0.6072514785377094,0.008387451361018084,0.02547628076840424,pass
standpoint,mexico_zocalo,10,specular,geometric_evidence_refused_host_compatibility,2544,0.0007882357392699278,0.12441259785517375,1.777008118485008,3.3274440406246772,0.04595917183183259,0.1395976817120976,pass
standpoint,mexico_zocalo,10,specular,geometric_evidence_refused_atlas_state,0,0.0,0.0,0.0,0.0,0.0,0.0,pass
standpoint,mexico_zocalo,10,specular,geometric_evidence_refused_insufficient_structural_mass,0,0.0,0.0,0.0,0.0,0.0,0.0,pass
standpoint,mexico_zocalo,10,specular,geometric_fallback_other,0,0.0,0.0,0.0,0.0,0.0,0.0,pass
standpoint,mexico_zocalo,10,first_diffuse,atlas_interface,629167,0.00014828676889857317,0.1549147747673999,0.2631905516306338,0.49282376566669717,0.006806958089319021,0.15716996122550966,pass
standpoint,mexico_zocalo,10,first_diffuse,nonblocking_woody_atlas,0,0.0,0.0,0.0,0.0,0.0,0.0,pass
standpoint,mexico_zocalo,10,first_diffuse,geometric_no_panorama_evidence,30587,2.0474884307673563e-05,0.021390054652019194,0.04795585937042426,0.08979724786580909,0.0012402934788095178,0.02863788426707446,pass
standpoint,mexico_zocalo,10,first_diffuse,geometric_evidence_refused_host_compatibility,333711,0.0007884523971423481,0.823694024931301,1.3634111289243072,2.552984529822126,0.03526221726273654,0.8141906042592142,pass
standpoint,mexico_zocalo,10,first_diffuse,geometric_evidence_refused_atlas_state,0,0.0,0.0,0.0,0.0,0.0,0.0,pass
standpoint,mexico_zocalo,10,first_diffuse,geometric_evidence_refused_insufficient_structural_mass,413,1.0966328440253917e-09,1.1456492800846331e-06,2.5959838395355964e-06,4.8609743909245765e-06,6.714053026138919e-08,1.5502482018217308e-06,pass
standpoint,mexico_zocalo,10,first_diffuse,geometric_fallback_other,0,0.0,0.0,0.0,0.0,0.0,0.0,pass
standpoint,mexico_zocalo,10,non_direct,atlas_interface,631087,0.00556079166730185,0.7624966369518468,10.891378131898254,20.394083112052204,0.2816862308294503,0.756132723777409,pass
standpoint,mexico_zocalo,10,non_direct,nonblocking_woody_atlas,0,0.0,0.0,0.0,0.0,0.0,0.0,pass
standpoint,mexico_zocalo,10,non_direct,geometric_no_panorama_evidence,30699,0.00015539279616092052,0.021307484899310485,0.37225607122941956,0.6970487264035186,0.009627744839827602,0.0258438366267906,pass
standpoint,mexico_zocalo,10,non_direct,geometric_evidence_refused_host_compatibility,336255,0.001576688136412276,0.2161957277783729,3.140419247409315,5.880428570446803,0.08122138909456914,0.21802325936990902,pass
standpoint,mexico_zocalo,10,non_direct,geometric_evidence_refused_atlas_state,0,0.0,0.0,0.0,0.0,0.0,0.0,pass
standpoint,mexico_zocalo,10,non_direct,geometric_evidence_refused_insufficient_structural_mass,413,1.0966328440253917e-09,1.503704698122637e-07,2.5959838395355964e-06,4.8609743909245765e-06,6.714053026138919e-08,1.8022589131501154e-07,pass
standpoint,mexico_zocalo,10,non_direct,geometric_fallback_other,0,0.0,0.0,0.0,0.0,0.0,0.0,pass
standpoint,prague_staromestske,0,direct,N/A,N/A,N/A,N/A,N/A,N/A,N/A,N/A,N/A
standpoint,prague_staromestske,0,specular,atlas_interface,15120,0.0008395558012230573,0.9495829596845167,1.6848605027160597,3.1548978199526165,0.04357593673967704,0.9486481137974788,pass
standpoint,prague_staromestske,0,specular,nonblocking_woody_atlas,0,0.0,0.0,0.0,0.0,0.0,0.0,pass
standpoint,prague_staromestske,0,specular,geometric_no_panorama_evidence,256,1.155434681061786e-05,0.013068590349401705,0.023884750820493628,0.044724146700699144,0.0006177368328825849,0.013448130440388457,pass
standpoint,prague_staromestske,0,specular,geometric_evidence_refused_host_compatibility,640,3.302092515026865e-05,0.037348449966081707,0.06731952560635913,0.12605567299688733,0.0017411004557581114,0.03790375576213269,pass
standpoint,prague_staromestske,0,specular,geometric_evidence_refused_atlas_state,0,0.0,0.0,0.0,0.0,0.0,0.0,pass
standpoint,prague_staromestske,0,specular,geometric_evidence_refused_insufficient_structural_mass,0,0.0,0.0,0.0,0.0,0.0,0.0,pass
standpoint,prague_staromestske,0,specular,geometric_fallback_other,0,0.0,0.0,0.0,0.0,0.0,0.0,pass
standpoint,prague_staromestske,0,first_diffuse,atlas_interface,1143917,1.3298343651222515e-05,0.8161132833512544,0.023195481197746295,0.04343349075223362,0.0005999100932628954,0.7671314278954633,pass
standpoint,prague_staromestske,0,first_diffuse,nonblocking_woody_atlas,0,0.0,0.0,0.0,0.0,0.0,0.0,pass
standpoint,prague_staromestske,0,first_diffuse,geometric_no_panorama_evidence,10998,5.726560017118767e-07,0.0351436375871455,0.0013579968620605998,0.0025428463262750583,3.512218682700355e-05,0.04491228541407992,pass
standpoint,prague_staromestske,0,first_diffuse,geometric_evidence_refused_host_compatibility,25020,2.4228993280135816e-06,0.14869222646633393,0.005681195416254192,0.010638026711749507,0.0001469340706042749,0.18789106010215856,pass
standpoint,prague_staromestske,0,first_diffuse,geometric_evidence_refused_atlas_state,0,0.0,0.0,0.0,0.0,0.0,0.0,pass
standpoint,prague_staromestske,0,first_diffuse,geometric_evidence_refused_insufficient_structural_mass,4379,8.286291881315439e-10,5.0852595266219536e-05,1.972233241203997e-06,3.6930026806861187e-06,5.1008324318869034e-08,6.522658829835876e-05,pass
standpoint,prague_staromestske,0,first_diffuse,geometric_fallback_other,0,0.0,0.0,0.0,0.0,0.0,0.0,pass
standpoint,prague_staromestske,0,non_direct,atlas_interface,1159037,0.0008528541448742798,0.9471676001755537,1.708055983913806,3.1983313107048503,0.04417584683293993,0.9456096089020984,pass
standpoint,prague_staromestske,0,non_direct,nonblocking_woody_atlas,0,0.0,0.0,0.0,0.0,0.0,0.0,pass
standpoint,prague_staromestske,0,non_direct,geometric_no_panorama_evidence,11254,1.2127002812329738e-05,0.013468075661131666,0.025242747682554228,0.0472669930269742,0.0006528590197095884,0.013974825760113364,pass
standpoint,prague_staromestske,0,non_direct,geometric_evidence_refused_host_compatibility,25660,3.544382447828223e-05,0.03936340389960455,0.07300072102261333,0.13669369970863685,0.0018880345263623862,0.04041447347503806,pass
standpoint,prague_staromestske,0,non_direct,geometric_evidence_refused_atlas_state,0,0.0,0.0,0.0,0.0,0.0,0.0,pass
standpoint,prague_staromestske,0,non_direct,geometric_evidence_refused_insufficient_structural_mass,4379,8.286291881315439e-10,9.202637101255662e-07,1.972233241203997e-06,3.6930026806861187e-06,5.1008324318869034e-08,1.0918627500752575e-06,pass
standpoint,prague_staromestske,0,non_direct,geometric_fallback_other,0,0.0,0.0,0.0,0.0,0.0,0.0,pass
standpoint,prague_staromestske,1,direct,N/A,N/A,N/A,N/A,N/A,N/A,N/A,N/A,N/A
standpoint,prague_staromestske,1,specular,atlas_interface,13680,0.0007428346445209397,0.9551333813512715,1.4810880869933032,2.7733343913519373,0.03830572363745769,0.9508882178194149,pass
standpoint,prague_staromestske,1,specular,nonblocking_woody_atlas,0,0.0,0.0,0.0,0.0,0.0,0.0,pass
standpoint,prague_staromestske,1,specular,geometric_no_panorama_evidence,320,9.520011429883873e-06,0.012240787064248748,0.020630360000492006,0.03863030659539331,0.0005335677706546037,0.013245104343297235,pass
standpoint,prague_staromestske,1,specular,geometric_evidence_refused_host_compatibility,464,2.391834704234108e-05,0.03075410100402289,0.05231353872577152,0.09795699348040166,0.0013529971475193597,0.03358633969419048,pass
standpoint,prague_staromestske,1,specular,geometric_evidence_refused_atlas_state,0,0.0,0.0,0.0,0.0,0.0,0.0,pass
standpoint,prague_staromestske,1,specular,geometric_evidence_refused_insufficient_structural_mass,32,1.4556985940597928e-06,0.0018717305804568304,0.003551817758141137,0.006650771434171889,9.186148389740176e-05,0.002280338143097525,pass
standpoint,prague_staromestske,1,specular,geometric_fallback_other,0,0.0,0.0,0.0,0.0,0.0,0.0,pass
standpoint,prague_staromestske,1,first_diffuse,atlas_interface,1178340,1.342635904220415e-05,0.8173255656141671,0.02322337670925292,0.043485725040055566,0.0006006315613267344,0.7678204418725918,pass
standpoint,prague_staromestske,1,first_diffuse,nonblocking_woody_atlas,0,0.0,0.0,0.0,0.0,0.0,0.0,pass
standpoint,prague_staromestske,1,first_diffuse,geometric_no_panorama_evidence,10119,4.2970659497766817e-07,0.02615825963571161,0.0010190363403141428,0.0019081434476782792,2.6355572481744187e-05,0.03369178147088691,pass
standpoint,prague_staromestske,1,first_diffuse,geometric_evidence_refused_host_compatibility,23830,2.5681343249952396e-06,0.15633440407424906,0.005996373875295135,0.011228197726929309,0.000155085603963112,0.1982544785026005,pass
standpoint,prague_staromestske,1,first_diffuse,geometric_evidence_refused_atlas_state,0,0.0,0.0,0.0,0.0,0.0,0.0,pass
standpoint,prague_staromestske,1,first_diffuse,geometric_evidence_refused_insufficient_structural_mass,4839,2.98598069151116e-09,0.00018177067587205615,7.0562993879948056e-06,1.3212906065653947e-05,1.8249870256428104e-07,0.00023329815392077681,pass
standpoint,prague_staromestske,1,first_diffuse,geometric_fallback_other,0,0.0,0.0,0.0,0.0,0.0,0.0,pass
standpoint,prague_staromestske,1,non_direct,atlas_interface,1192020,0.0007562610035631439,0.9522828142912769,1.504311463702556,2.816820116391993,0.03890635519878442,0.9474010431957386,pass
standpoint,prague_staromestske,1,non_direct,nonblocking_woody_atlas,0,0.0,0.0,0.0,0.0,0.0,0.0,pass
standpoint,prague_staromestske,1,non_direct,geometric_no_panorama_evidence,10439,9.949718024861542e-06,0.012528671235827758,0.02164939634080615,0.040538450043071585,0.0005599233431363479,0.013634583776523879,pass
standpoint,prague_staromestske,1,non_direct,geometric_evidence_refused_host_compatibility,24294,2.6486481367336318e-05,0.033351740865023384,0.05830991260106665,0.10918519120733096,0.0015080827514824717,0.0367230280163749,pass
standpoint,prague_staromestske,1,non_direct,geometric_evidence_refused_atlas_state,0,0.0,0.0,0.0,0.0,0.0,0.0,pass
standpoint,prague_staromestske,1,non_direct,geometric_evidence_refused_insufficient_structural_mass,4871,1.4586845747513039e-06,0.0018367736078718294,0.003558874057529132,0.006663984340237543,9.204398259996603e-05,0.002241345011362636,pass
standpoint,prague_staromestske,1,non_direct,geometric_fallback_other,0,0.0,0.0,0.0,0.0,0.0,0.0,pass
standpoint,prague_staromestske,2,direct,N/A,N/A,N/A,N/A,N/A,N/A,N/A,N/A,N/A
standpoint,prague_staromestske,2,specular,atlas_interface,13712,0.0008085055452354378,0.9628068623734973,1.641522242818372,3.0737470175856885,0.04245506930366972,0.9594751851780555,pass
standpoint,prague_staromestske,2,specular,nonblocking_woody_atlas,0,0.0,0.0,0.0,0.0,0.0,0.0,pass
standpoint,prague_staromestske,2,specular,geometric_no_panorama_evidence,224,4.144201116933489e-06,0.004935111821994447,0.009145861974896526,0.017125607704420866,0.00023654154287874128,0.005345786601654792,pass
standpoint,prague_staromestske,2,specular,geometric_evidence_refused_host_compatibility,480,2.6442433922994855e-05,0.03148890813297208,0.05877628733417573,0.1100584769341879,0.0015201447090357441,0.034354934525414584,pass
standpoint,prague_staromestske,2,specular,geometric_evidence_refused_atlas_state,0,0.0,0.0,0.0,0.0,0.0,0.0,pass
standpoint,prague_staromestske,2,specular,geometric_evidence_refused_insufficient_structural_mass,144,6.458573642096176e-07,0.000769117671536068,0.0014099042384853146,0.002640042781683561,3.646467930502157e-05,0.0008240936948752028,pass
standpoint,prague_staromestske,2,specular,geometric_fallback_other,0,0.0,0.0,0.0,0.0,0.0,0.0,pass
standpoint,prague_staromestske,2,first_diffuse,atlas_interface,1186996,1.338573986348457e-05,0.7802632412575082,0.023104049915074185,0.0432622858638095,0.0005975453848592472,0.7341118610853768,pass
standpoint,prague_staromestske,2,first_diffuse,nonblocking_woody_atlas,0,0.0,0.0,0.0,0.0,0.0,0.0,pass
standpoint,prague_staromestske,2,first_diffuse,geometric_no_panorama_evidence,11645,1.1237936557553932e-06,0.06550664283685438,0.0022637448096187837,0.004238857491930257,5.854775541340134e-05,0.0719285978570944,pass
standpoint,prague_staromestske,2,first_diffuse,geometric_evidence_refused_host_compatibility,25217,2.644804829853863e-06,0.1541673460026498,0.006101901392567299,0.011425797785599016,0.00015781488654142286,0.1938828129233917,pass
standpoint,prague_staromestske,2,first_diffuse,geometric_evidence_refused_atlas_state,0,0.0,0.0,0.0,0.0,0.0,0.0,pass
standpoint,prague_staromestske,2,first_diffuse,geometric_evidence_refused_insufficient_structural_mass,5928,1.0768437473688468e-09,6.276990298772858e-05,2.4147963477513044e-06,4.521701185866079e-06,6.245443626886851e-08,7.672813413691886e-05,pass
standpoint,prague_staromestske,2,first_diffuse,geometric_fallback_other,0,0.0,0.0,0.0,0.0,0.0,0.0,pass
standpoint,prague_staromestske,2,non_direct,atlas_interface,1200708,0.0008218912850989224,0.9591522521057936,1.664626292733446,3.117009303449498,0.043052614688528966,0.9554043867891481,pass
standpoint,prague_staromestske,2,non_direct,nonblocking_woody_atlas,0,0.0,0.0,0.0,0.0,0.0,0.0,pass
standpoint,prague_staromestske,2,non_direct,geometric_no_panorama_evidence,11869,5.267994772688882e-06,0.006147782732235609,0.01140960678451531,0.021364465196351122,0.0002950892982921426,0.006548489844867947,pass
standpoint,prague_staromestske,2,non_direct,geometric_evidence_refused_host_compatibility,25697,2.9087238752848717e-05,0.03394498890930063,0.06487818872674303,0.12148427471978691,0.001677959595577167,0.037236529536416554,pass
standpoint,prague_staromestske,2,non_direct,geometric_evidence_refused_atlas_state,0,0.0,0.0,0.0,0.0,0.0,0.0,pass
standpoint,prague_staromestske,2,non_direct,geometric_evidence_refused_insufficient_structural_mass,6072,6.469342079569865e-07,0.0007549762526701294,0.0014123190348330659,0.0026445644828694275,3.652713374129044e-05,0.0008105938295673629,pass
standpoint,prague_staromestske,2,non_direct,geometric_fallback_other,0,0.0,0.0,0.0,0.0,0.0,0.0,pass
standpoint,prague_staromestske,3,direct,N/A,N/A,N/A,N/A,N/A,N/A,N/A,N/A,N/A
standpoint,prague_staromestske,3,specular,atlas_interface,13488,0.00080605082333433,0.9645668435686955,1.620701734080627,3.0347606578715585,0.041916583672259075,0.9602910086066578,pass
standpoint,prague_staromestske,3,specular,nonblocking_woody_atlas,0,0.0,0.0,0.0,0.0,0.0,0.0,pass
standpoint,prague_staromestske,3,specular,geometric_no_panorama_evidence,240,8.780129321986939e-06,0.010506808480389271,0.020412719440213355,0.03822277509468479,0.0005279388825232703,0.012094854054541318,pass
standpoint,prague_staromestske,3,specular,geometric_evidence_refused_host_compatibility,464,2.0622712116581466e-05,0.024678325182810677,0.04610386851862302,0.08632939881153953,0.0011923950112091093,0.027317259844564783,pass
standpoint,prague_staromestske,3,specular,geometric_evidence_refused_atlas_state,0,0.0,0.0,0.0,0.0,0.0,0.0,pass
standpoint,prague_staromestske,3,specular,geometric_evidence_refused_insufficient_structural_mass,16,2.0726293648730647e-07,0.00024802276810456,0.0005010458969266502,0.0009382074096709274,1.2958665879432707e-05,0.0002968774942360766,pass
standpoint,prague_staromestske,3,specular,geometric_fallback_other,0,0.0,0.0,0.0,0.0,0.0,0.0,pass
standpoint,prague_staromestske,3,first_diffuse,atlas_interface,1199018,1.287428229928198e-05,0.8141726835235636,0.022300909161081343,0.04175840645669984,0.0005767735698439205,0.7643953476783969,pass
standpoint,prague_staromestske,3,first_diffuse,nonblocking_woody_atlas,0,0.0,0.0,0.0,0.0,0.0,0.0,pass
standpoint,prague_staromestske,3,first_diffuse,geometric_no_panorama_evidence,9069,3.8792621386073644e-07,0.024532546297027096,0.0009116816221267901,0.0017071219590595358,2.3579032583695242e-05,0.03124918295859384,pass
standpoint,prague_staromestske,3,first_diffuse,geometric_evidence_refused_host_compatibility,24247,2.5496236944934953e-06,0.16123881060436313,0.005959971523773933,0.011160034398707032,0.00015414412152910264,0.20428649218566727,pass
standpoint,prague_staromestske,3,first_diffuse,geometric_evidence_refused_atlas_state,0,0.0,0.0,0.0,0.0,0.0,0.0,pass
standpoint,prague_staromestske,3,first_diffuse,geometric_evidence_refused_insufficient_structural_mass,4718,8.848729281506943e-10,5.5959575045980184e-05,2.012379812053074e-06,3.768177051885485e-06,5.204664436305918e-08,6.897717734215946e-05,pass
standpoint,prague_staromestske,3,first_diffuse,geometric_fallback_other,0,0.0,0.0,0.0,0.0,0.0,0.0,pass
standpoint,prague_staromestske,3,non_direct,atlas_interface,1212506,0.000818925105633612,0.9617738736184049,1.6430026432417082,3.0765190643282585,0.04249335724210299,0.9569622225653729,pass
standpoint,prague_staromestske,3,non_direct,nonblocking_woody_atlas,0,0.0,0.0,0.0,0.0,0.0,0.0,pass
standpoint,prague_staromestske,3,non_direct,geometric_no_panorama_evidence,9309,9.168055535847676e-06,0.01076728045776372,0.021324401062340143,0.03992989705374433,0.0005515179151069655,0.012420336826256905,pass
standpoint,prague_staromestske,3,non_direct,geometric_evidence_refused_host_compatibility,24711,2.317233581107496e-05,0.027214389961290397,0.052063840042396954,0.09748943321024656,0.001346539132738212,0.03032443574403341,pass
standpoint,prague_staromestske,3,non_direct,geometric_evidence_refused_atlas_state,0,0.0,0.0,0.0,0.0,0.0,0.0,pass
standpoint,prague_staromestske,3,non_direct,geometric_evidence_refused_insufficient_structural_mass,4734,2.0814780941545715e-07,0.0002444559625410427,0.0005030582767387033,0.0009419755867228129,1.3010712523795766e-05,0.00029300486433663913,pass
standpoint,prague_staromestske,3,non_direct,geometric_fallback_other,0,0.0,0.0,0.0,0.0,0.0,0.0,pass
standpoint,prague_staromestske,4,direct,N/A,N/A,N/A,N/A,N/A,N/A,N/A,N/A,N/A
standpoint,prague_staromestske,4,specular,atlas_interface,13616,0.0007350313289867538,0.9646927375404112,1.4751673598853505,2.7622478420409986,0.03815259450332871,0.95989622548926,pass
standpoint,prague_staromestske,4,specular,nonblocking_woody_atlas,0,0.0,0.0,0.0,0.0,0.0,0.0,pass
standpoint,prague_staromestske,4,specular,geometric_no_panorama_evidence,208,4.92884711062762e-06,0.006468871222977753,0.011358723142204883,0.021269185680962383,0.00029377328288622084,0.007391158296389751,pass
standpoint,prague_staromestske,4,specular,geometric_evidence_refused_host_compatibility,560,2.132023294321021e-05,0.027981764955974233,0.048727533105488725,0.0912422053448081,0.001260251455038786,0.031707165151076015,pass
standpoint,prague_staromestske,4,specular,geometric_evidence_refused_atlas_state,0,0.0,0.0,0.0,0.0,0.0,0.0,pass
standpoint,prague_staromestske,4,specular,geometric_evidence_refused_insufficient_structural_mass,64,6.526919183686047e-07,0.0008566262806368883,0.0015451759795680647,0.002893338838155416,3.996324362093115e-05,0.0010054510632741558,pass
standpoint,prague_staromestske,4,specular,geometric_fallback_other,0,0.0,0.0,0.0,0.0,0.0,0.0,pass
standpoint,prague_staromestske,4,first_diffuse,atlas_interface,1142971,1.2097618161869699e-05,0.7983192094543367,0.020739677366254892,0.0388350031375535,0.0005363950709606839,0.7450312340809482,pass
standpoint,prague_staromestske,4,first_diffuse,nonblocking_woody_atlas,0,0.0,0.0,0.0,0.0,0.0,0.0,pass
standpoint,prague_staromestske,4,first_diffuse,geometric_no_panorama_evidence,8642,3.6754225661387696e-07,0.02425403412597918,0.0008520442946740755,0.0015954511862774183,2.2036618594991966e-05,0.030607979147521697,pass
standpoint,prague_staromestske,4,first_diffuse,geometric_evidence_refused_host_compatibility,24763,2.68827742228428e-06,0.177398846437078,0.006244601394945608,0.01169300324604207,0.00016150556969671362,0.2243247569120722,pass
standpoint,prague_staromestske,4,first_diffuse,geometric_evidence_refused_atlas_state,0,0.0,0.0,0.0,0.0,0.0,0.0,pass
standpoint,prague_staromestske,4,first_diffuse,geometric_evidence_refused_insufficient_structural_mass,2747,4.229439909200486e-10,2.7909982606243218e-05,1.0029749445760266e-06,1.8780685172505707e-06,2.5940172890201248e-08,3.6029859457967214e-05,pass
standpoint,prague_staromestske,4,first_diffuse,geometric_fallback_other,0,0.0,0.0,0.0,0.0,0.0,0.0,pass
standpoint,prague_staromestske,4,non_direct,atlas_interface,1156587,0.0007471289471486234,0.9614483113603243,1.4959070372516055,2.801082845178552,0.038688989574289394,0.9560734409139304,pass
standpoint,prague_staromestske,4,non_direct,nonblocking_woody_atlas,0,0.0,0.0,0.0,0.0,0.0,0.0,pass
standpoint,prague_staromestske,4,non_direct,geometric_no_panorama_evidence,8850,5.2963893672414974e-06,0.006815697120122615,0.012210767436878957,0.0228646368672398,0.0003158099014812128,0.007804221886024229,pass
standpoint,prague_staromestske,4,non_direct,geometric_evidence_refused_host_compatibility,25323,2.400851036549449e-05,0.03089552591594302,0.05497213450043433,0.10293520859085017,0.0014217570247354995,0.03513413365764768,pass
standpoint,prague_staromestske,4,non_direct,geometric_evidence_refused_atlas_state,0,0.0,0.0,0.0,0.0,0.0,0.0,pass
standpoint,prague_staromestske,4,non_direct,geometric_evidence_refused_insufficient_structural_mass,2811,6.531148623595248e-07,0.0008404656036101661,0.0015461789545126406,0.0028952169066726666,3.9989183793821355e-05,0.000988203542397646,pass
standpoint,prague_staromestske,4,non_direct,geometric_fallback_other,0,0.0,0.0,0.0,0.0,0.0,0.0,pass
standpoint,prague_staromestske,5,direct,N/A,N/A,N/A,N/A,N/A,N/A,N/A,N/A,N/A
standpoint,prague_staromestske,5,specular,atlas_interface,11344,0.0005456453347939432,0.9496760034997235,1.1133726694002566,2.084788029527243,0.028795414772475728,0.9444077085391409,pass
standpoint,prague_staromestske,5,specular,nonblocking_woody_atlas,0,0.0,0.0,0.0,0.0,0.0,0.0,pass
standpoint,prague_staromestske,5,specular,geometric_no_panorama_evidence,288,1.4534204335006137e-05,0.025296257856084206,0.03252175386121142,0.0608969170992921,0.0008411176394929848,0.02758626638310183,pass
standpoint,prague_staromestske,5,specular,geometric_evidence_refused_host_compatibility,304,1.4379924080760031e-05,0.025027738644192304,0.03301661201849542,0.06182353797923101,0.0008539162704313675,0.028006025077757263,pass
standpoint,prague_staromestske,5,specular,geometric_evidence_refused_atlas_state,0,0.0,0.0,0.0,0.0,0.0,0.0,pass
standpoint,prague_staromestske,5,specular,geometric_evidence_refused_insufficient_structural_mass,0,0.0,0.0,0.0,0.0,0.0,0.0,pass
standpoint,prague_staromestske,5,specular,geometric_fallback_other,0,0.0,0.0,0.0,0.0,0.0,0.0,pass
standpoint,prague_staromestske,5,first_diffuse,atlas_interface,924160,8.034792613444226e-06,0.6825324351754382,0.014155661823118372,0.026506447598332043,0.00036611115467309445,0.6209780837454599,pass
standpoint,prague_staromestske,5,first_diffuse,nonblocking_woody_atlas,0,0.0,0.0,0.0,0.0,0.0,0.0,pass
standpoint,prague_staromestske,5,first_diffuse,geometric_no_panorama_evidence,8821,3.845813371245274e-07,0.03266907425979103,0.0008911883756844363,0.0016687483973192557,2.30490110126969e-05,0.039094494959250096,pass
standpoint,prague_staromestske,5,first_diffuse,geometric_evidence_refused_host_compatibility,26239,3.3516779443510584e-06,0.2847153647069816,0.007746724387668726,0.01450572545503406,0.00020035532396455884,0.3398319432654422,pass
standpoint,prague_staromestske,5,first_diffuse,geometric_evidence_refused_atlas_state,0,0.0,0.0,0.0,0.0,0.0,0.0,pass
standpoint,prague_staromestske,5,first_diffuse,geometric_evidence_refused_insufficient_structural_mass,1985,9.785601294969494e-10,8.312585778923306e-05,2.176493402005788e-06,4.07547941094237e-06,5.629115208483935e-08,9.54780298477387e-05,pass
standpoint,prague_staromestske,5,first_diffuse,geometric_fallback_other,0,0.0,0.0,0.0,0.0,0.0,0.0,pass
standpoint,prague_staromestske,5,non_direct,atlas_interface,935504,0.0005536801274073875,0.9443124467811036,1.127528331223375,2.111294477125575,0.029161525927148824,0.9382724172165487,pass
standpoint,prague_staromestske,5,non_direct,nonblocking_woody_atlas,0,0.0,0.0,0.0,0.0,0.0,0.0,pass
standpoint,prague_staromestske,5,non_direct,geometric_no_panorama_evidence,9109,1.4918785672130663e-05,0.02544428507307956,0.03341294223689586,0.06256566549661136,0.0008641666505056816,0.02780457147796347,pass
standpoint,prague_staromestske,5,non_direct,geometric_evidence_refused_host_compatibility,26543,1.7731602025111088e-05,0.030241599192093405,0.04076333640616415,0.07632926343426506,0.0010542715943959264,0.033921200137050786,pass
standpoint,prague_staromestske,5,non_direct,geometric_evidence_refused_atlas_state,0,0.0,0.0,0.0,0.0,0.0,0.0,pass
standpoint,prague_staromestske,5,non_direct,geometric_evidence_refused_insufficient_structural_mass,1985,9.785601294969494e-10,1.668953723397385e-06,2.176493402005788e-06,4.07547941094237e-06,5.629115208483935e-08,1.8111684370184309e-06,pass
standpoint,prague_staromestske,5,non_direct,geometric_fallback_other,0,0.0,0.0,0.0,0.0,0.0,0.0,pass
standpoint,prague_staromestske,6,direct,N/A,N/A,N/A,N/A,N/A,N/A,N/A,N/A,N/A
standpoint,prague_staromestske,6,specular,atlas_interface,13008,0.0007225675064769886,0.9499372641983903,1.5125029265955017,2.8321586137818437,0.039118212897539285,0.9470084739523886,pass
standpoint,prague_staromestske,6,specular,nonblocking_woody_atlas,0,0.0,0.0,0.0,0.0,0.0,0.0,pass
standpoint,prague_staromestske,6,specular,geometric_no_panorama_evidence,288,1.3351319473463968e-05,0.017552568833186195,0.03127679941430618,0.058565742462489793,0.0008089190947857708,0.019583032576424488,pass
standpoint,prague_staromestske,6,specular,geometric_evidence_refused_host_compatibility,352,2.3295692383228123e-05,0.030626129865743902,0.050161642395161105,0.09392757203496882,0.0012973421551791269,0.03140721223099566,pass
standpoint,prague_staromestske,6,specular,geometric_evidence_refused_atlas_state,0,0.0,0.0,0.0,0.0,0.0,0.0,pass
standpoint,prague_staromestske,6,specular,geometric_evidence_refused_insufficient_structural_mass,16,1.4330883129868235e-06,0.001884037102679684,0.0031963216972039094,0.0059851057925092025,8.266720707885641e-05,0.002001281240191279,pass
standpoint,prague_staromestske,6,specular,geometric_fallback_other,0,0.0,0.0,0.0,0.0,0.0,0.0,pass
standpoint,prague_staromestske,6,first_diffuse,atlas_interface,937599,8.134114060325358e-06,0.5622860111904877,0.014973928176539093,0.02803864965920655,0.00038727416656362634,0.5126460804556822,pass
standpoint,prague_staromestske,6,first_diffuse,nonblocking_woody_atlas,0,0.0,0.0,0.0,0.0,0.0,0.0,pass
standpoint,prague_staromestske,6,first_diffuse,geometric_no_panorama_evidence,12807,8.302450318482995e-07,0.057392257325935093,0.0019096964424660649,0.0035759026538963257,4.939092063392714e-05,0.06538019847218629,pass
standpoint,prague_staromestske,6,first_diffuse,geometric_evidence_refused_host_compatibility,33190,5.501465748733037e-06,0.38029921987994053,0.012324725801045293,0.023078023669348444,0.00031875723300205024,0.42194822227718265,pass
standpoint,prague_staromestske,6,first_diffuse,geometric_evidence_refused_atlas_state,0,0.0,0.0,0.0,0.0,0.0,0.0,pass
standpoint,prague_staromestske,6,first_diffuse,geometric_evidence_refused_insufficient_structural_mass,1767,3.2565624614149463e-10,2.2511603636751107e-05,7.447967295722262e-07,1.3946303415905084e-06,1.9262850021968346e-08,2.5498794948785535e-05,pass
standpoint,prague_staromestske,6,first_diffuse,geometric_fallback_other,0,0.0,0.0,0.0,0.0,0.0,0.0,pass
standpoint,prague_staromestske,6,non_direct,atlas_interface,950607,0.000730701620537314,0.9427024276150658,1.5274768547720408,2.86019726344105,0.03950548706410291,0.9392073502161951,pass
standpoint,prague_staromestske,6,non_direct,nonblocking_woody_atlas,0,0.0,0.0,0.0,0.0,0.0,0.0,pass
standpoint,prague_staromestske,6,non_direct,geometric_no_panorama_evidence,13095,1.4181564505312267e-05,0.018296107345029247,0.03318649585677225,0.06214164511638612,0.0008583100154196979,0.020405547055736866,pass
standpoint,prague_staromestske,6,non_direct,geometric_evidence_refused_host_compatibility,33542,2.879715813196116e-05,0.03715217007381527,0.0624863681962064,0.11700559570431726,0.001616099388181177,0.03842130642755372,pass
standpoint,prague_staromestske,6,non_direct,geometric_evidence_refused_atlas_state,0,0.0,0.0,0.0,0.0,0.0,0.0,pass
standpoint,prague_staromestske,6,non_direct,geometric_evidence_refused_insufficient_structural_mass,1783,1.433413969232965e-06,0.0018492949660897308,0.0031970664939334815,0.005986500422850793,8.268646992887838e-05,0.001965796300514399,pass
standpoint,prague_staromestske,6,non_direct,geometric_fallback_other,0,0.0,0.0,0.0,0.0,0.0,0.0,pass
standpoint,prague_staromestske,7,direct,N/A,N/A,N/A,N/A,N/A,N/A,N/A,N/A,N/A
standpoint,prague_staromestske,7,specular,atlas_interface,11696,0.0007792646035489436,0.9268446524368922,1.6276371841301793,3.0477472737999682,0.04209595682044154,0.9231243959587223,pass
standpoint,prague_staromestske,7,specular,nonblocking_woody_atlas,0,0.0,0.0,0.0,0.0,0.0,0.0,pass
standpoint,prague_staromestske,7,specular,geometric_no_panorama_evidence,288,1.4062413489797049e-05,0.01672560601882413,0.031914924070900526,0.05976062956720984,0.0008254230603205772,0.01810074462065264,pass
standpoint,prague_staromestske,7,specular,geometric_evidence_refused_host_compatibility,768,4.744452056475536e-05,0.0564297415442838,0.10363082928350066,0.1940485143187525,0.002680228098325312,0.058774859420624936,pass
standpoint,prague_staromestske,7,specular,geometric_evidence_refused_atlas_state,0,0.0,0.0,0.0,0.0,0.0,0.0,pass
standpoint,prague_staromestske,7,specular,geometric_evidence_refused_insufficient_structural_mass,0,0.0,0.0,0.0,0.0,0.0,0.0,pass
standpoint,prague_staromestske,7,specular,geometric_fallback_other,0,0.0,0.0,0.0,0.0,0.0,0.0,pass
standpoint,prague_staromestske,7,first_diffuse,atlas_interface,1253767,1.1677927369362218e-05,0.6556452035376115,0.02044494351658049,0.03828311461128973,0.0005287723012609079,0.5973563428464379,pass
standpoint,prague_staromestske,7,first_diffuse,nonblocking_woody_atlas,0,0.0,0.0,0.0,0.0,0.0,0.0,pass
standpoint,prague_staromestske,7,first_diffuse,geometric_no_panorama_evidence,21614,1.6738329759038122e-06,0.09397562833398207,0.003737408848588946,0.006998290368654915,9.666146918031652e-05,0.1091988774488146,pass
standpoint,prague_staromestske,7,first_diffuse,geometric_evidence_refused_host_compatibility,35989,4.459143848537301e-06,0.25035403832430225,0.010042350517379648,0.018804280653150526,0.0002597276333308083,0.29341542439473933,pass
standpoint,prague_staromestske,7,first_diffuse,geometric_evidence_refused_atlas_state,0,0.0,0.0,0.0,0.0,0.0,0.0,pass
standpoint,prague_staromestske,7,first_diffuse,geometric_evidence_refused_insufficient_structural_mass,2491,4.4759578130285166e-10,2.512980410417741e-05,1.0047062565177444e-06,1.881310395294348e-06,2.59849502112479e-08,2.9355310008151863e-05,pass
standpoint,prague_staromestske,7,first_diffuse,geometric_fallback_other,0,0.0,0.0,0.0,0.0,0.0,0.0,pass
standpoint,prague_staromestske,7,non_direct,atlas_interface,1265463,0.0007909425309183058,0.9212186041552859,1.6480821276467599,3.086030388411258,0.04262472912170245,0.9169212199819314,pass
standpoint,prague_staromestske,7,non_direct,nonblocking_woody_atlas,0,0.0,0.0,0.0,0.0,0.0,0.0,pass
standpoint,prague_staromestske,7,non_direct,geometric_no_panorama_evidence,21902,1.5736246465700862e-05,0.01832816220787323,0.03565233291948947,0.06675891993586475,0.0009220845295008938,0.019835407500242572,pass
standpoint,prague_staromestske,7,non_direct,geometric_evidence_refused_host_compatibility,36757,5.190366441329266e-05,0.060452712317598814,0.1136731798008803,0.21285279497190301,0.0029399557316561204,0.06324281354295992,pass
standpoint,prague_staromestske,7,non_direct,geometric_evidence_refused_atlas_state,0,0.0,0.0,0.0,0.0,0.0,0.0,pass
standpoint,prague_staromestske,7,non_direct,geometric_evidence_refused_insufficient_structural_mass,2491,4.4759578130285166e-10,5.213192422449164e-07,1.0047062565177444e-06,1.881310395294348e-06,2.59849502112479e-08,5.589748659947742e-07,pass
standpoint,prague_staromestske,7,non_direct,geometric_fallback_other,0,0.0,0.0,0.0,0.0,0.0,0.0,pass
standpoint,prague_staromestske,8,direct,N/A,N/A,N/A,N/A,N/A,N/A,N/A,N/A,N/A
standpoint,prague_staromestske,8,specular,atlas_interface,16544,0.0008730765522902057,0.9440335354071854,1.8894999031589885,3.5380846756555346,0.048868572868170375,0.9446409904172838,pass
standpoint,prague_staromestske,8,specular,nonblocking_woody_atlas,0,0.0,0.0,0.0,0.0,0.0,0.0,pass
standpoint,prague_staromestske,8,specular,geometric_no_panorama_evidence,224,9.278464334975148e-06,0.010032546935683328,0.021242911905124933,0.039777308774754085,0.000549410342192736,0.010620230944629916,pass
standpoint,prague_staromestske,8,specular,geometric_evidence_refused_host_compatibility,928,4.2148002071880106e-05,0.045573469247219764,0.08873095449252856,0.16614852947144512,0.002294869191594546,0.04436036042783555,pass
standpoint,prague_staromestske,8,specular,geometric_evidence_refused_atlas_state,0,0.0,0.0,0.0,0.0,0.0,0.0,pass
standpoint,prague_staromestske,8,specular,geometric_evidence_refused_insufficient_structural_mass,16,3.333558006161415e-07,0.0003604484099116484,0.0007569237190383272,0.001417338104380078,1.9576493154420956e-05,0.00037841821025091357,pass
standpoint,prague_staromestske,8,specular,geometric_fallback_other,0,0.0,0.0,0.0,0.0,0.0,0.0,pass
standpoint,prague_staromestske,8,first_diffuse,atlas_interface,1338272,1.1388466282466397e-05,0.5247618139914608,0.020027621002698615,0.037501679063871626,0.000517978992594912,0.47287062161126997,pass
standpoint,prague_staromestske,8,first_diffuse,nonblocking_woody_atlas,0,0.0,0.0,0.0,0.0,0.0,0.0,pass
standpoint,prague_staromestske,8,first_diffuse,geometric_no_panorama_evidence,32962,3.07442576603466e-06,0.1416644877326742,0.00672469706357327,0.012591981396387711,0.00017392239497773077,0.1587763059911558,pass
standpoint,prague_staromestske,8,first_diffuse,geometric_evidence_refused_host_compatibility,52493,7.238845832755373e-06,0.33355412187940026,0.015599955222392561,0.029210884012739455,0.0004034652487947438,0.3683293448646131,pass
standpoint,prague_staromestske,8,first_diffuse,geometric_evidence_refused_atlas_state,0,0.0,0.0,0.0,0.0,0.0,0.0,pass
standpoint,prague_staromestske,8,first_diffuse,geometric_evidence_refused_insufficient_structural_mass,1770,4.248501417701856e-10,1.957639646464921e-05,1.00493880514772e-06,1.8817458421248492e-06,2.599096467023272e-08,2.372753296097713e-05,pass
standpoint,prague_staromestske,8,first_diffuse,geometric_fallback_other,0,0.0,0.0,0.0,0.0,0.0,0.0,pass
standpoint,prague_staromestske,8,non_direct,atlas_interface,1354816,0.0008844650185726721,0.9344205056477478,1.9095275241616871,3.5755863547194062,0.049386551860765286,0.9348587626272493,pass
standpoint,prague_staromestske,8,non_direct,nonblocking_woody_atlas,0,0.0,0.0,0.0,0.0,0.0,0.0,pass
standpoint,prague_staromestske,8,non_direct,geometric_no_panorama_evidence,33186,1.2352890101009808e-05,0.01305059394324506,0.027967608968698203,0.052369290171141794,0.0007233327371704667,0.013692268890231556,pass
standpoint,prague_staromestske,8,non_direct,geometric_evidence_refused_host_compatibility,53421,4.938684790463548e-05,0.05217626748638464,0.10433090971492112,0.19535941348418456,0.00269833444038929,0.051077904835483155,pass
standpoint,prague_staromestske,8,non_direct,geometric_evidence_refused_atlas_state,0,0.0,0.0,0.0,0.0,0.0,0.0,pass
standpoint,prague_staromestske,8,non_direct,geometric_evidence_refused_insufficient_structural_mass,1786,3.337806507579117e-07,0.00035263292262249665,0.000757928657843475,0.0014192198502222027,1.960248411909119e-05,0.00037106364703611694,pass
standpoint,prague_staromestske,8,non_direct,geometric_fallback_other,0,0.0,0.0,0.0,0.0,0.0,0.0,pass
standpoint,prague_staromestske,9,direct,N/A,N/A,N/A,N/A,N/A,N/A,N/A,N/A,N/A
standpoint,prague_staromestske,9,specular,atlas_interface,14528,0.0008952282169764264,0.9495268527896223,1.9707234845832808,3.6901756645244386,0.05096927713431543,0.9493689797654147,pass
standpoint,prague_staromestske,9,specular,nonblocking_woody_atlas,0,0.0,0.0,0.0,0.0,0.0,0.0,pass
standpoint,prague_staromestske,9,specular,geometric_no_panorama_evidence,304,1.835152697140402e-05,0.019464609491302465,0.04024678998458582,0.07536203132412014,0.0010409120348635384,0.019388338468285245,pass
standpoint,prague_staromestske,9,specular,geometric_evidence_refused_host_compatibility,592,2.912427243682878e-05,0.030890758604694188,0.06460857166241331,0.12097941732233192,0.0016709864271040318,0.031124292293201208,pass
standpoint,prague_staromestske,9,specular,geometric_evidence_refused_atlas_state,0,0.0,0.0,0.0,0.0,0.0,0.0,pass
standpoint,prague_staromestske,9,specular,geometric_evidence_refused_insufficient_structural_mass,16,1.1104392282809001e-07,0.00011777911438100537,0.00024575578087772946,0.0004601771933534157,6.356038582229499e-06,0.00011838947309884932,pass
standpoint,prague_staromestske,9,specular,geometric_fallback_other,0,0.0,0.0,0.0,0.0,0.0,0.0,pass
standpoint,prague_staromestske,9,first_diffuse,atlas_interface,1361503,1.0172661307711735e-05,0.6426457082754757,0.017965144070843063,0.03363969525837302,0.00046463667483940635,0.583088996797619,pass
standpoint,prague_staromestske,9,first_diffuse,nonblocking_woody_atlas,0,0.0,0.0,0.0,0.0,0.0,0.0,pass
standpoint,prague_staromestske,9,first_diffuse,geometric_no_panorama_evidence,27195,1.777405926354461e-06,0.11228549303702609,0.004033206851931803,0.007552171520470358,0.00010431176133246349,0.13090451865548763,pass
standpoint,prague_staromestske,9,first_diffuse,geometric_evidence_refused_host_compatibility,39361,3.8787453556200935e-06,0.2450350975897567,0.008810665485105056,0.01649795296790462,0.0002278722785622185,0.28596498188774216,pass
standpoint,prague_staromestske,9,first_diffuse,geometric_evidence_refused_atlas_state,0,0.0,0.0,0.0,0.0,0.0,0.0,pass
standpoint,prague_staromestske,9,first_diffuse,geometric_evidence_refused_insufficient_structural_mass,1654,5.334663386169622e-10,3.3701097741426675e-05,1.2787091765930151e-06,2.3943802985964876e-06,3.307155108558684e-08,4.150265915126288e-05,pass
standpoint,prague_staromestske,9,first_diffuse,geometric_fallback_other,0,0.0,0.0,0.0,0.0,0.0,0.0,pass
standpoint,prague_staromestske,9,non_direct,atlas_interface,1376031,0.0009054008782841381,0.9444595642284649,1.9886886286541239,3.7238153597828116,0.05143391380915483,0.9440120029176028,pass
standpoint,prague_staromestske,9,non_direct,nonblocking_woody_atlas,0,0.0,0.0,0.0,0.0,0.0,0.0,pass
standpoint,prague_staromestske,9,non_direct,geometric_no_panorama_evidence,27499,2.012893289775848e-05,0.020997288216717255,0.04427999683651762,0.0829142028445905,0.0011452237961960018,0.021019302821234268,pass
standpoint,prague_staromestske,9,non_direct,geometric_evidence_refused_host_compatibility,39953,3.300301779244887e-05,0.03442675675503219,0.07341923714751836,0.13747737029023654,0.0018988587056662503,0.034851429285446774,pass
standpoint,prague_staromestske,9,non_direct,geometric_evidence_refused_atlas_state,0,0.0,0.0,0.0,0.0,0.0,0.0,pass
standpoint,prague_staromestske,9,non_direct,geometric_evidence_refused_insufficient_structural_mass,1670,1.1157738916670698e-07,0.00011639079978566891,0.00024703449005432246,0.00046257157365201223,6.389110133315086e-06,0.00011726497571604955,pass
standpoint,prague_staromestske,9,non_direct,geometric_fallback_other,0,0.0,0.0,0.0,0.0,0.0,0.0,pass
standpoint,prague_staromestske,10,direct,N/A,N/A,N/A,N/A,N/A,N/A,N/A,N/A,N/A
standpoint,prague_staromestske,10,specular,atlas_interface,12768,0.000756836832132912,0.9464965891596631,1.669816744180296,3.1267284130896367,0.043186856534387245,0.946546558734507,pass
standpoint,prague_staromestske,10,specular,nonblocking_woody_atlas,0,0.0,0.0,0.0,0.0,0.0,0.0,pass
standpoint,prague_staromestske,10,specular,geometric_no_panorama_evidence,288,1.8950308274102534e-05,0.023699166561983977,0.04119984531093345,0.07714662545908937,0.0010655611251255445,0.023354402173396436,pass
standpoint,prague_staromestske,10,specular,geometric_evidence_refused_host_compatibility,608,2.3832045547856714e-05,0.029804244278352945,0.05309815877088563,0.09942619289829482,0.0013732899571587682,0.030099039092096633,pass
standpoint,prague_staromestske,10,specular,geometric_evidence_refused_atlas_state,0,0.0,0.0,0.0,0.0,0.0,0.0,pass
standpoint,prague_staromestske,10,specular,geometric_evidence_refused_insufficient_structural_mass,0,0.0,0.0,0.0,0.0,0.0,0.0,pass
standpoint,prague_staromestske,10,specular,geometric_fallback_other,0,0.0,0.0,0.0,0.0,0.0,0.0,pass
standpoint,prague_staromestske,10,first_diffuse,atlas_interface,1068503,6.5165208268672204e-06,0.6539243746434316,0.012100787788244057,0.022658700201766267,0.0003129654724000865,0.600521024514143,pass
standpoint,prague_staromestske,10,first_diffuse,nonblocking_woody_atlas,0,0.0,0.0,0.0,0.0,0.0,0.0,pass
standpoint,prague_staromestske,10,first_diffuse,geometric_no_panorama_evidence,21098,9.756061056750006e-07,0.09790080159362277,0.002270400997049951,0.0042513211891811176,5.8719905927915995e-05,0.11267229511544184,pass
standpoint,prague_staromestske,10,first_diffuse,geometric_evidence_refused_host_compatibility,30753,2.472172098833999e-06,0.24807924914100826,0.005777049256113171,0.010817512829394074,0.0001494131606269899,0.2866953456799006,pass
standpoint,prague_staromestske,10,first_diffuse,geometric_evidence_refused_atlas_state,0,0.0,0.0,0.0,0.0,0.0,0.0,pass
standpoint,prague_staromestske,10,first_diffuse,geometric_evidence_refused_insufficient_structural_mass,1859,9.524251404672413e-10,9.557462193735325e-05,2.2434476202997056e-06,4.200851046749368e-06,5.8022804513112806e-08,0.0001113346905145333,pass
standpoint,prague_staromestske,10,first_diffuse,geometric_fallback_other,0,0.0,0.0,0.0,0.0,0.0,0.0,pass
standpoint,prague_staromestske,10,non_direct,atlas_interface,1081271,0.0007633533529597793,0.9428952900831066,1.68191753196854,3.149387113291403,0.043499822006787335,0.9426387422250687,pass
standpoint,prague_staromestske,10,non_direct,nonblocking_woody_atlas,0,0.0,0.0,0.0,0.0,0.0,0.0,pass
standpoint,prague_staromestske,10,non_direct,geometric_no_panorama_evidence,21386,1.9925914379777535e-05,0.024612521509788165,0.0434702463079834,0.08139794664827049,0.0011242810310534606,0.02436310789626626,pass
standpoint,prague_staromestske,10,non_direct,geometric_evidence_refused_host_compatibility,31361,2.6304217646690713e-05,0.03249101197003902,0.058875208026998804,0.11024370572768889,0.0015227031177857582,0.032996892527693486,pass
standpoint,prague_staromestske,10,non_direct,geometric_evidence_refused_atlas_state,0,0.0,0.0,0.0,0.0,0.0,0.0,pass
standpoint,prague_staromestske,10,non_direct,geometric_evidence_refused_insufficient_structural_mass,1859,9.524251404672413e-10,1.1764370662961118e-06,2.2434476202997056e-06,4.200851046749368e-06,5.8022804513112806e-08,1.257350971644841e-06,pass
standpoint,prague_staromestske,10,non_direct,geometric_fallback_other,0,0.0,0.0,0.0,0.0,0.0,0.0,pass
standpoint,prague_staromestske,11,direct,N/A,N/A,N/A,N/A,N/A,N/A,N/A,N/A,N/A
standpoint,prague_staromestske,11,specular,atlas_interface,12352,0.0005705157706026811,0.9189876031676346,1.2795224708953277,2.3959031905019055,0.033092585504169984,0.920491095030592,pass
standpoint,prague_staromestske,11,specular,nonblocking_woody_atlas,0,0.0,0.0,0.0,0.0,0.0,0.0,pass
standpoint,prague_staromestske,11,specular,geometric_no_panorama_evidence,160,1.5032214173127532e-05,0.024213911665705138,0.034883037277143474,0.06531841543058137,0.0009021880584334439,0.025094928703176696,pass
standpoint,prague_staromestske,11,specular,geometric_evidence_refused_host_compatibility,704,3.5170283671357024e-05,0.05665234224765232,0.07543267337526557,0.14124752547833272,0.0019509326723526619,0.054266420243246655,pass
standpoint,prague_staromestske,11,specular,geometric_evidence_refused_atlas_state,0,0.0,0.0,0.0,0.0,0.0,0.0,pass
standpoint,prague_staromestske,11,specular,geometric_evidence_refused_insufficient_structural_mass,16,9.072683871742879e-08,0.00014614291900788098,0.00020510925976806847,0.00038406666632117393,5.3047882088559895e-06,0.00014755602298466272,pass
standpoint,prague_staromestske,11,specular,geometric_fallback_other,0,0.0,0.0,0.0,0.0,0.0,0.0,pass
standpoint,prague_staromestske,11,first_diffuse,atlas_interface,1133933,7.716469534422736e-06,0.7294541504017329,0.013435540344087508,0.02515802161254086,0.0003474864863610616,0.6759139711068056,pass
standpoint,prague_staromestske,11,first_diffuse,nonblocking_woody_atlas,0,0.0,0.0,0.0,0.0,0.0,0.0,pass
standpoint,prague_staromestske,11,first_diffuse,geometric_no_panorama_evidence,18318,6.292526500444487e-07,0.05948458102226546,0.0014313295948987516,0.0026801617174242332,3.701880825171592e-05,0.07200720221695082,pass
standpoint,prague_staromestske,11,first_diffuse,geometric_evidence_refused_host_compatibility,29066,2.231965507418868e-06,0.2109924098938338,0.005009028580629233,0.009379395696933078,0.0001295496643222801,0.2519937652385155,pass
standpoint,prague_staromestske,11,first_diffuse,geometric_evidence_refused_atlas_state,0,0.0,0.0,0.0,0.0,0.0,0.0,pass
standpoint,prague_staromestske,11,first_diffuse,geometric_evidence_refused_insufficient_structural_mass,1727,7.284157925980612e-10,6.885868216786438e-05,1.6908163274859866e-06,3.1660500895632885e-06,4.37299736127526e-08,8.506143772819704e-05,pass
standpoint,prague_staromestske,11,first_diffuse,geometric_fallback_other,0,0.0,0.0,0.0,0.0,0.0,0.0,pass
standpoint,prague_staromestske,11,non_direct,atlas_interface,1146285,0.0005782322401371038,0.9158121142467238,1.2929580112394152,2.4210612121144464,0.03344007199053105,0.9170429557067539,pass
standpoint,prague_staromestske,11,non_direct,nonblocking_woody_atlas,0,0.0,0.0,0.0,0.0,0.0,0.0,pass
standpoint,prague_staromestske,11,non_direct,geometric_no_panorama_evidence,18478,1.566146682317198e-05,0.024804844918597437,0.036314366872042224,0.0679985771480056,0.0009392068666851598,0.025756315395760013,pass
standpoint,prague_staromestske,11,non_direct,geometric_evidence_refused_host_compatibility,29770,3.740224917877589e-05,0.05923819275430882,0.08044170195589481,0.1506269211752658,0.002080482336674942,0.05705405394642466,pass
standpoint,prague_staromestske,11,non_direct,geometric_evidence_refused_atlas_state,0,0.0,0.0,0.0,0.0,0.0,0.0,pass
standpoint,prague_staromestske,11,non_direct,geometric_evidence_refused_insufficient_structural_mass,1743,9.145525451002685e-08,0.00014484808036981938,0.00020680007609555446,0.0003872327164107372,5.348518182468742e-06,0.00014667495106144833,pass
standpoint,prague_staromestske,11,non_direct,geometric_fallback_other,0,0.0,0.0,0.0,0.0,0.0,0.0,pass
standpoint,prague_staromestske,12,direct,N/A,N/A,N/A,N/A,N/A,N/A,N/A,N/A,N/A
standpoint,prague_staromestske,12,specular,atlas_interface,14384,0.0009830099678508233,0.9543348723437927,2.1728278477722887,4.068615668192423,0.05619634900818263,0.9545332746801198,pass
standpoint,prague_staromestske,12,specular,nonblocking_woody_atlas,0,0.0,0.0,0.0,0.0,0.0,0.0,pass
standpoint,prague_staromestske,12,specular,geometric_no_panorama_evidence,224,1.8793551344119734e-05,0.01824533016902103,0.04300650244184035,0.0805295872143871,0.001112287116220816,0.01889295447425185,pass
standpoint,prague_staromestske,12,specular,geometric_evidence_refused_host_compatibility,384,2.7770818710554744e-05,0.026960724301670336,0.05935232016668791,0.1111370972262442,0.0015350427793680125,0.026073747437771622,pass
standpoint,prague_staromestske,12,specular,geometric_evidence_refused_atlas_state,0,0.0,0.0,0.0,0.0,0.0,0.0,pass
standpoint,prague_staromestske,12,specular,geometric_evidence_refused_insufficient_structural_mass,16,4.72867051611645e-07,0.0004590731855161288,0.0011382157269405984,0.0021313066035864208,2.9437936513624608e-05,0.000500023407856693,pass
standpoint,prague_staromestske,12,specular,geometric_fallback_other,0,0.0,0.0,0.0,0.0,0.0,0.0,pass
standpoint,prague_staromestske,12,first_diffuse,atlas_interface,1440182,9.285844694886565e-06,0.7948807499161902,0.016383194489019936,0.03067749792576108,0.00042372234704089897,0.7512405427868107,pass
standpoint,prague_staromestske,12,first_diffuse,nonblocking_woody_atlas,0,0.0,0.0,0.0,0.0,0.0,0.0,pass
standpoint,prague_staromestske,12,first_diffuse,geometric_no_panorama_evidence,18205,6.495945321157583e-07,0.055606162475877845,0.0013955289091937086,0.0026131250072030767,3.60928868398215e-05,0.06399105473111447,pass
standpoint,prague_staromestske,12,first_diffuse,geometric_evidence_refused_host_compatibility,27684,1.7447782819534253e-06,0.14935535912638506,0.004025097307648836,0.007536986415508912,0.000104102022313659,0.18456817369740763,pass
standpoint,prague_staromestske,12,first_diffuse,geometric_evidence_refused_atlas_state,0,0.0,0.0,0.0,0.0,0.0,0.0,pass
standpoint,prague_staromestske,12,first_diffuse,geometric_evidence_refused_insufficient_structural_mass,1506,1.84259360131595e-09,0.00015772848154690008,4.366626845420989e-06,8.176499771320761e-06,1.1293507971437514e-07,0.00020022878466712017,pass
standpoint,prague_staromestske,12,first_diffuse,geometric_fallback_other,0,0.0,0.0,0.0,0.0,0.0,0.0,pass
standpoint,prague_staromestske,12,non_direct,atlas_interface,1454566,0.00099229581254571,0.9525467372646721,2.1892110422613085,4.0992931661181835,0.056620071355223525,0.9526041235653543,pass
standpoint,prague_staromestske,12,non_direct,nonblocking_woody_atlas,0,0.0,0.0,0.0,0.0,0.0,0.0,pass
standpoint,prague_staromestske,12,non_direct,geometric_no_panorama_evidence,18429,1.9443145876235492e-05,0.018664298420301997,0.04440203135103406,0.08314271222159018,0.0011483800030606375,0.019320913947146308,pass
standpoint,prague_staromestske,12,non_direct,geometric_evidence_refused_host_compatibility,28068,2.951559699250817e-05,0.028333270440297775,0.06337741747433674,0.11867408364175311,0.0016391448016816715,0.02757778398770283,pass
standpoint,prague_staromestske,12,non_direct,geometric_evidence_refused_atlas_state,0,0.0,0.0,0.0,0.0,0.0,0.0,pass
standpoint,prague_staromestske,12,non_direct,geometric_evidence_refused_insufficient_structural_mass,1522,4.7470964521296095e-07,0.000455693874728355,0.0011425823537860194,0.0021394831033577414,2.9550871593338983e-05,0.0004971784997965741,pass
standpoint,prague_staromestske,12,non_direct,geometric_fallback_other,0,0.0,0.0,0.0,0.0,0.0,0.0,pass
standpoint,prague_staromestske,13,direct,N/A,N/A,N/A,N/A,N/A,N/A,N/A,N/A,N/A
standpoint,prague_staromestske,13,specular,atlas_interface,13360,0.0009925446822140853,0.9718063858466591,2.1929361554845523,4.106268432953714,0.0567164148198027,0.9718586906793971,pass
standpoint,prague_staromestske,13,specular,nonblocking_woody_atlas,0,0.0,0.0,0.0,0.0,0.0,0.0,pass
standpoint,prague_staromestske,13,specular,geometric_no_panorama_evidence,112,8.126365570843704e-06,0.007956572733686721,0.017173402214627438,0.03215716026386562,0.00044415967215284,0.007610855495759121,pass
standpoint,prague_staromestske,13,specular,geometric_evidence_refused_host_compatibility,528,1.8927859662728858e-05,0.01853237967042151,0.042276147817759575,0.07916199968557369,0.0010933977857123438,0.018735812970377155,pass
standpoint,prague_staromestske,13,specular,geometric_evidence_refused_atlas_state,0,0.0,0.0,0.0,0.0,0.0,0.0,pass
standpoint,prague_staromestske,13,specular,geometric_evidence_refused_insufficient_structural_mass,16,1.741039139911075e-06,0.0017046617492325797,0.004049490788746323,0.007582663158605122,0.00010473291655531943,0.0017946408544665022,pass
standpoint,prague_staromestske,13,specular,geometric_fallback_other,0,0.0,0.0,0.0,0.0,0.0,0.0,pass
standpoint,prague_staromestske,13,first_diffuse,atlas_interface,1445583,8.857026206964992e-06,0.8273327087069858,0.01558374349351842,0.02918052758382428,0.00040304596110254525,0.7837469405595184,pass
standpoint,prague_staromestske,13,first_diffuse,nonblocking_woody_atlas,0,0.0,0.0,0.0,0.0,0.0,0.0,pass
standpoint,prague_staromestske,13,first_diffuse,geometric_no_panorama_evidence,20463,4.463823403636126e-07,0.041696468108175594,0.001025600903959535,0.0019204355795790517,2.6525353309102922e-05,0.05158013355697767,pass
standpoint,prague_staromestske,13,first_diffuse,geometric_evidence_refused_host_compatibility,27077,1.4016002368571671e-06,0.1309231443361333,0.0032730912161254904,0.006128856558518658,8.465271489666655e-05,0.1646122594277514,pass
standpoint,prague_staromestske,13,first_diffuse,geometric_evidence_refused_atlas_state,0,0.0,0.0,0.0,0.0,0.0,0.0,pass
standpoint,prague_staromestske,13,first_diffuse,geometric_evidence_refused_insufficient_structural_mass,1338,5.104268307740149e-10,4.7678848705325636e-05,1.2062700805388706e-06,2.2587382404841715e-06,3.119804199563772e-08,6.066645575269114e-05,pass
standpoint,prague_staromestske,13,first_diffuse,geometric_fallback_other,0,0.0,0.0,0.0,0.0,0.0,0.0,pass
standpoint,prague_staromestske,13,non_direct,atlas_interface,1458943,0.0010014017084210502,0.9703077447718609,2.2085198989780706,4.135448960537538,0.05711946078090524,0.9702155348038908,pass
standpoint,prague_staromestske,13,non_direct,nonblocking_woody_atlas,0,0.0,0.0,0.0,0.0,0.0,0.0,pass
standpoint,prague_staromestske,13,non_direct,geometric_no_panorama_evidence,20575,8.572747911207316e-06,0.008306560316675406,0.018199003118586972,0.03407759584344467,0.0004706850254619429,0.007994927078432839,pass
standpoint,prague_staromestske,13,non_direct,geometric_evidence_refused_host_compatibility,27605,2.0329459899586026e-05,0.019698221225026468,0.04554923903388507,0.08529085624409236,0.0011780505006090103,0.020010043527169452,pass
standpoint,prague_staromestske,13,non_direct,geometric_evidence_refused_atlas_state,0,0.0,0.0,0.0,0.0,0.0,0.0,pass
standpoint,prague_staromestske,13,non_direct,geometric_evidence_refused_insufficient_structural_mass,1354,1.741549566741849e-06,0.0016874736864371154,0.004050697058826862,0.007584921896845606,0.00010476411459731506,0.001779494590506869,pass
standpoint,prague_staromestske,13,non_direct,geometric_fallback_other,0,0.0,0.0,0.0,0.0,0.0,0.0,pass
standpoint,prague_staromestske,14,direct,N/A,N/A,N/A,N/A,N/A,N/A,N/A,N/A,N/A
standpoint,prague_staromestske,14,specular,atlas_interface,14240,0.0008802522502963247,0.9466780415995202,1.952175974292519,3.65544548971914,0.05048957858728094,0.9460676985698396,pass
standpoint,prague_staromestske,14,specular,nonblocking_woody_atlas,0,0.0,0.0,0.0,0.0,0.0,0.0,pass
standpoint,prague_staromestske,14,specular,geometric_no_panorama_evidence,240,1.9349282893888667e-05,0.02080942278781483,0.042901343250187386,0.08033267684468046,0.0011095673597331555,0.02079094078030988,pass
standpoint,prague_staromestske,14,specular,geometric_evidence_refused_host_compatibility,848,2.8636125878617888e-05,0.03079707158560673,0.06466582434399545,0.12108662285063448,0.0016724671664452287,0.03133849018678588,pass
standpoint,prague_staromestske,14,specular,geometric_evidence_refused_atlas_state,0,0.0,0.0,0.0,0.0,0.0,0.0,pass
standpoint,prague_staromestske,14,specular,geometric_evidence_refused_insufficient_structural_mass,16,1.5950946401683031e-06,0.001715464027058251,0.003720157033240563,0.006965986379959651,9.621528149115538e-05,0.0018028704630645793,pass
standpoint,prague_staromestske,14,specular,geometric_fallback_other,0,0.0,0.0,0.0,0.0,0.0,0.0,pass
standpoint,prague_staromestske,14,first_diffuse,atlas_interface,1364513,8.157871273778786e-06,0.8297038922400183,0.014347469472537445,0.026865607026680546,0.0003710719202580186,0.785015639602879,pass
standpoint,prague_staromestske,14,first_diffuse,nonblocking_woody_atlas,0,0.0,0.0,0.0,0.0,0.0,0.0,pass
standpoint,prague_staromestske,14,first_diffuse,geometric_no_panorama_evidence,23274,3.6262416574203064e-07,0.03688102835154039,0.0008473762068375339,0.001586710201421336,2.1915886759963205e-05,0.046363825779040496,pass
standpoint,prague_staromestske,14,first_diffuse,geometric_evidence_refused_host_compatibility,25292,1.3113627686588333e-06,0.13337337116265763,0.0030808557539156105,0.005768896051600809,7.968088469061888e-05,0.16856770142034952,pass
standpoint,prague_staromestske,14,first_diffuse,geometric_evidence_refused_atlas_state,0,0.0,0.0,0.0,0.0,0.0,0.0,pass
standpoint,prague_staromestske,14,first_diffuse,geometric_evidence_refused_insufficient_structural_mass,1069,4.1008666265129945e-10,4.170824578357142e-05,9.656147640127636e-07,1.8081116561204843e-06,2.4973917902216633e-08,5.2833197730958553e-05,pass
standpoint,prague_staromestske,14,first_diffuse,geometric_fallback_other,0,0.0,0.0,0.0,0.0,0.0,0.0,pass
standpoint,prague_staromestske,14,non_direct,atlas_interface,1378753,0.0008884101215701034,0.9454540722134821,1.9665234437650565,3.6823110967458206,0.050860650507538956,0.9446537396185476,pass
standpoint,prague_staromestske,14,non_direct,nonblocking_woody_atlas,0,0.0,0.0,0.0,0.0,0.0,0.0,pass
standpoint,prague_staromestske,14,non_direct,geometric_no_panorama_evidence,23514,1.97119070596307e-05,0.02097758945799103,0.04374871945702492,0.0819193870461018,0.0011314832464931186,0.02101545830517887,pass
standpoint,prague_staromestske,14,non_direct,geometric_evidence_refused_host_compatibility,26140,2.994748864727672e-05,0.03187038779352828,0.06774668009791106,0.1268555189022353,0.0017521480511358475,0.03254329609145455,pass
standpoint,prague_staromestske,14,non_direct,geometric_evidence_refused_atlas_state,0,0.0,0.0,0.0,0.0,0.0,0.0,pass
standpoint,prague_staromestske,14,non_direct,geometric_evidence_refused_insufficient_structural_mass,1085,1.5955047268309544e-06,0.0016979505349986638,0.0037211226480045757,0.006967794491615772,9.624025540905759e-05,0.0017875059848189412,pass
standpoint,prague_staromestske,14,non_direct,geometric_fallback_other,0,0.0,0.0,0.0,0.0,0.0,0.0,pass
standpoint,prague_staromestske,15,direct,N/A,N/A,N/A,N/A,N/A,N/A,N/A,N/A,N/A
standpoint,prague_staromestske,15,specular,atlas_interface,11856,0.000744811016799983,0.9554060453010497,1.673186943233077,3.1330391038722185,0.04327402077171571,0.9560576279292905,pass
standpoint,prague_staromestske,15,specular,nonblocking_woody_atlas,0,0.0,0.0,0.0,0.0,0.0,0.0,pass
standpoint,prague_staromestske,15,specular,geometric_no_panorama_evidence,176,1.0780781763374171e-05,0.013829043660030927,0.023888829916908497,0.04473178480033169,0.0006178423314962942,0.013650057548401689,pass
standpoint,prague_staromestske,15,specular,geometric_evidence_refused_host_compatibility,768,2.3283439027575786e-05,0.029866822456411344,0.05134414953474556,0.09614181421747554,0.0013279256107386129,0.029338004345995906,pass
standpoint,prague_staromestske,15,specular,geometric_evidence_refused_atlas_state,0,0.0,0.0,0.0,0.0,0.0,0.0,pass
standpoint,prague_staromestske,15,specular,geometric_evidence_refused_insufficient_structural_mass,16,7.001277348036458e-07,0.0008980885825081267,0.0016701287455420767,0.0031273126349967424,4.319492589774506e-05,0.0009543101763118718,pass
standpoint,prague_staromestske,15,specular,geometric_fallback_other,0,0.0,0.0,0.0,0.0,0.0,0.0,pass
standpoint,prague_staromestske,15,first_diffuse,atlas_interface,873656,3.7036637882698432e-06,0.7013679091828732,0.007696020563521707,0.01441078264878581,0.00019904395923737308,0.6738448616391941,pass
standpoint,prague_staromestske,15,first_diffuse,nonblocking_woody_atlas,0,0.0,0.0,0.0,0.0,0.0,0.0,pass
standpoint,prague_staromestske,15,first_diffuse,geometric_no_panorama_evidence,28559,3.409760943363807e-07,0.0645711122925031,0.0008070019585371538,0.0015111095046634986,2.0871678241208538e-05,0.07065913072926956,pass
standpoint,prague_staromestske,15,first_diffuse,geometric_evidence_refused_host_compatibility,23608,1.2348886210376342e-06,0.23385255782504183,0.002915413295892332,0.005459105389819709,7.540200814668108e-05,0.2552665046534987,pass
standpoint,prague_staromestske,15,first_diffuse,geometric_evidence_refused_atlas_state,0,0.0,0.0,0.0,0.0,0.0,0.0,pass
standpoint,prague_staromestske,15,first_diffuse,geometric_evidence_refused_insufficient_structural_mass,924,1.1005924104315517e-09,0.00020842069958178265,2.6211665902908137e-06,4.908129039828726e-06,6.779183756669509e-08,0.00022950297803772356,pass
standpoint,prague_staromestske,15,first_diffuse,geometric_fallback_other,0,0.0,0.0,0.0,0.0,0.0,0.0,pass
standpoint,prague_staromestske,15,non_direct,atlas_interface,885512,0.0007485146805882529,0.9536968385387552,1.6808829637965987,3.147449886521004,0.04347306473095308,0.954227853441825,pass
standpoint,prague_staromestske,15,non_direct,nonblocking_woody_atlas,0,0.0,0.0,0.0,0.0,0.0,0.0,pass
standpoint,prague_staromestske,15,non_direct,geometric_no_panorama_evidence,28735,1.1121757857710551e-05,0.014170443924434865,0.02469583187544565,0.04624289430499519,0.0006387140097375028,0.014019685574205349,pass
standpoint,prague_staromestske,15,non_direct,geometric_evidence_refused_host_compatibility,24376,2.451832764861342e-05,0.03123926914347676,0.05425956283063789,0.10160091960729525,0.001403327618885294,0.03080285021845029,pass
standpoint,prague_staromestske,15,non_direct,geometric_evidence_refused_atlas_state,0,0.0,0.0,0.0,0.0,0.0,0.0,pass
standpoint,prague_staromestske,15,non_direct,geometric_evidence_refused_insufficient_structural_mass,940,7.012283272140773e-07,0.0008934483933331966,0.0016727499121323675,0.0031322207640365712,4.3262717735311756e-05,0.0009496107655192006,pass
standpoint,prague_staromestske,15,non_direct,geometric_fallback_other,0,0.0,0.0,0.0,0.0,0.0,0.0,pass
standpoint,prague_staromestske,16,direct,N/A,N/A,N/A,N/A,N/A,N/A,N/A,N/A,N/A
standpoint,prague_staromestske,16,specular,atlas_interface,11776,0.0006210495713060177,0.9301350355739165,1.3751741140836746,2.575010695297309,0.03556644606764238,0.9335817631828801,pass
standpoint,prague_staromestske,16,specular,nonblocking_woody_atlas,0,0.0,0.0,0.0,0.0,0.0,0.0,pass
standpoint,prague_staromestske,16,specular,geometric_no_panorama_evidence,128,1.1635356387374847e-05,0.017426068911902386,0.02600072252887535,0.04868629936502565,0.0006724626984119561,0.0176514378317183,pass
standpoint,prague_staromestske,16,specular,geometric_evidence_refused_host_compatibility,624,3.495955491380713e-05,0.05235831140664246,0.07170431875016262,0.13426618912450053,0.0018545053746477976,0.04867881357060719,pass
standpoint,prague_staromestske,16,specular,geometric_evidence_refused_atlas_state,0,0.0,0.0,0.0,0.0,0.0,0.0,pass
standpoint,prague_staromestske,16,specular,geometric_evidence_refused_insufficient_structural_mass,16,5.3805870682010095e-08,8.058410753855403e-05,0.00012960328662559825,0.00024268188717977262,3.3519597676764165e-06,8.798541479443527e-05,pass
standpoint,prague_staromestske,16,specular,geometric_fallback_other,0,0.0,0.0,0.0,0.0,0.0,0.0,pass
standpoint,prague_staromestske,16,first_diffuse,atlas_interface,1064252,6.093382402692249e-06,0.7874336424840523,0.010706831214826273,0.020048519390064076,0.00027691325124397885,0.7331561575778113,pass
standpoint,prague_staromestske,16,first_diffuse,nonblocking_woody_atlas,0,0.0,0.0,0.0,0.0,0.0,0.0,pass
standpoint,prague_staromestske,16,first_diffuse,geometric_no_panorama_evidence,41172,4.107244356677302e-07,0.053076964001496314,0.0009755719748908842,0.0018267565129745393,2.523144354937209e-05,0.06680282767147397,pass
standpoint,prague_staromestske,16,first_diffuse,geometric_evidence_refused_host_compatibility,23214,1.233890573751849e-06,0.15945281039425147,0.0029206808939487468,0.005468968956327312,7.553824525313965e-05,0.19999523096555463,pass
standpoint,prague_staromestske,16,first_diffuse,geometric_evidence_refused_atlas_state,0,0.0,0.0,0.0,0.0,0.0,0.0,pass
standpoint,prague_staromestske,16,first_diffuse,geometric_evidence_refused_insufficient_structural_mass,859,2.830904457655e-10,3.658312019988617e-05,6.686150760919631e-07,1.2519803524087206e-06,1.729254630398785e-08,4.5783785160204694e-05,pass
standpoint,prague_staromestske,16,first_diffuse,geometric_fallback_other,0,0.0,0.0,0.0,0.0,0.0,0.0,pass
standpoint,prague_staromestske,16,non_direct,atlas_interface,1076028,0.00062714295370871,0.9285001471794342,1.3858809452985008,2.5950592146873728,0.03584335931888636,0.9316142037838941,pass
standpoint,prague_staromestske,16,non_direct,nonblocking_woody_atlas,0,0.0,0.0,0.0,0.0,0.0,0.0,pass
standpoint,prague_staromestske,16,non_direct,geometric_no_panorama_evidence,41300,1.2046080823042577e-05,0.017834510857512413,0.026976294503766235,0.05051305587800019,0.0006976941419613281,0.018133952422408842,pass
standpoint,prague_staromestske,16,non_direct,geometric_evidence_refused_host_compatibility,23838,3.6193445487558976e-05,0.053585261962040935,0.07462499964411136,0.13973515808082784,0.0019300436199009372,0.05016427266834825,pass
standpoint,prague_staromestske,16,non_direct,geometric_evidence_refused_atlas_state,0,0.0,0.0,0.0,0.0,0.0,0.0,pass
standpoint,prague_staromestske,16,non_direct,geometric_evidence_refused_insufficient_structural_mass,875,5.4088961127775595e-08,8.008000101241485e-05,0.00013027190170169023,0.00024393386753218134,3.3692523139804044e-06,8.757112534878943e-05,pass
standpoint,prague_staromestske,16,non_direct,geometric_fallback_other,0,0.0,0.0,0.0,0.0,0.0,0.0,pass
standpoint,prague_staromestske,17,direct,N/A,N/A,N/A,N/A,N/A,N/A,N/A,N/A,N/A
standpoint,prague_staromestske,17,specular,atlas_interface,13040,0.000772275030820851,0.9467059686047,1.6880252754896043,3.160823850450576,0.04365778798964882,0.9492029478340053,pass
standpoint,prague_staromestske,17,specular,nonblocking_woody_atlas,0,0.0,0.0,0.0,0.0,0.0,0.0,pass
standpoint,prague_staromestske,17,specular,geometric_no_panorama_evidence,160,1.1239429338677073e-05,0.013778038152193844,0.026685055364573898,0.049967711189913826,0.0006901617567667654,0.015005422953646513,pass
standpoint,prague_staromestske,17,specular,geometric_evidence_refused_host_compatibility,480,3.2235156333400996e-05,0.039515993243106125,0.0636504289196136,0.119185297010538,0.0016462057598140602,0.035791629212348325,pass
standpoint,prague_staromestske,17,specular,geometric_evidence_refused_atlas_state,0,0.0,0.0,0.0,0.0,0.0,0.0,pass
standpoint,prague_staromestske,17,specular,geometric_evidence_refused_insufficient_structural_mass,0,0.0,0.0,0.0,0.0,0.0,0.0,pass
standpoint,prague_staromestske,17,specular,geometric_fallback_other,0,0.0,0.0,0.0,0.0,0.0,0.0,pass
standpoint,prague_staromestske,17,first_diffuse,atlas_interface,1262156,7.662621510616696e-06,0.8171879481779133,0.013396489626007823,0.02508489922339436,0.00034647650861041926,0.767025499790191,pass
standpoint,prague_staromestske,17,first_diffuse,nonblocking_woody_atlas,0,0.0,0.0,0.0,0.0,0.0,0.0,pass
standpoint,prague_staromestske,17,first_diffuse,geometric_no_panorama_evidence,23610,3.4086634370804916e-07,0.036352032738632536,0.0008063715011018225,0.0015099289744147963,2.085537257479001e-05,0.04616937129921164,pass
standpoint,prague_staromestske,17,first_diffuse,geometric_evidence_refused_host_compatibility,25733,1.3727637028471725e-06,0.1463997604616793,0.003261332661982946,0.006106838690113346,8.434860069217329e-05,0.1867299109598909,pass
standpoint,prague_staromestske,17,first_diffuse,geometric_evidence_refused_atlas_state,0,0.0,0.0,0.0,0.0,0.0,0.0,pass
standpoint,prague_staromestske,17,first_diffuse,geometric_evidence_refused_insufficient_structural_mass,712,5.65034044423645e-10,6.025862177499944e-05,1.3137196828603579e-06,2.4599373994485876e-06,3.397703590398601e-08,7.521795070657329e-05,pass
standpoint,prague_staromestske,17,first_diffuse,geometric_fallback_other,0,0.0,0.0,0.0,0.0,0.0,0.0,pass
standpoint,prague_staromestske,17,non_direct,atlas_interface,1275196,0.0007799376523314677,0.9452341132936782,1.7014217651156123,3.1859087496739704,0.044004264498259234,0.9474311608606731,pass
standpoint,prague_staromestske,17,non_direct,nonblocking_woody_atlas,0,0.0,0.0,0.0,0.0,0.0,0.0,pass
standpoint,prague_staromestske,17,non_direct,geometric_no_panorama_evidence,23770,1.1580295682385122e-05,0.014034571210015008,0.02749142686567572,0.051477640164328625,0.0007110171293415554,0.015308511389175513,pass
standpoint,prague_staromestske,17,non_direct,geometric_evidence_refused_host_compatibility,26213,3.360792003624817e-05,0.04073063071150076,0.06691176158159655,0.12529213570065134,0.0017305543605062334,0.03725959620963056,pass
standpoint,prague_staromestske,17,non_direct,geometric_evidence_refused_atlas_state,0,0.0,0.0,0.0,0.0,0.0,0.0,pass
standpoint,prague_staromestske,17,non_direct,geometric_evidence_refused_insufficient_structural_mass,712,5.65034044423645e-10,6.847848060225985e-07,1.3137196828603579e-06,2.4599373994485876e-06,3.397703590398601e-08,7.315405208145605e-07,pass
standpoint,prague_staromestske,17,non_direct,geometric_fallback_other,0,0.0,0.0,0.0,0.0,0.0,0.0,pass
standpoint,prague_staromestske,18,direct,N/A,N/A,N/A,N/A,N/A,N/A,N/A,N/A,N/A
standpoint,prague_staromestske,18,specular,atlas_interface,13232,0.0006855652432272067,0.9306342534648808,1.528002212461968,2.861180994633026,0.039519074511505894,0.939927824225325,pass
standpoint,prague_staromestske,18,specular,nonblocking_woody_atlas,0,0.0,0.0,0.0,0.0,0.0,0.0,pass
standpoint,prague_staromestske,18,specular,geometric_no_panorama_evidence,96,5.662787255834942e-06,0.007687063838821012,0.013323505460403874,0.024948236523673065,0.00034458890226067774,0.008195756129354003,pass
standpoint,prague_staromestske,18,specular,geometric_evidence_refused_host_compatibility,512,4.543649768659304e-05,0.06167868269629808,0.08433337321191352,0.1579140675840001,0.002181133530165747,0.051876419645321095,pass
standpoint,prague_staromestske,18,specular,geometric_evidence_refused_atlas_state,0,0.0,0.0,0.0,0.0,0.0,0.0,pass
standpoint,prague_staromestske,18,specular,geometric_evidence_refused_insufficient_structural_mass,0,0.0,0.0,0.0,0.0,0.0,0.0,pass
standpoint,prague_staromestske,18,specular,geometric_fallback_other,0,0.0,0.0,0.0,0.0,0.0,0.0,pass
standpoint,prague_staromestske,18,first_diffuse,atlas_interface,922810,5.331621210087925e-06,0.657219503947339,0.009985892130491666,0.018698562440026174,0.0002582674370169361,0.6047574455120476,pass
standpoint,prague_staromestske,18,first_diffuse,nonblocking_woody_atlas,0,0.0,0.0,0.0,0.0,0.0,0.0,pass
standpoint,prague_staromestske,18,first_diffuse,geometric_no_panorama_evidence,27291,1.058330712852104e-06,0.13045855260625744,0.002416866283053239,0.004525577135454186,6.250797148417386e-05,0.14636828241118907,pass
standpoint,prague_staromestske,18,first_diffuse,geometric_evidence_refused_host_compatibility,28804,1.7221954383761684e-06,0.21229198157745524,0.004108904712067318,0.007693915607610883,0.00010626955259131051,0.24884013216352457,pass
standpoint,prague_staromestske,18,first_diffuse,geometric_evidence_refused_atlas_state,0,0.0,0.0,0.0,0.0,0.0,0.0,pass
standpoint,prague_staromestske,18,first_diffuse,geometric_evidence_refused_insufficient_structural_mass,656,2.4306237873066073e-10,2.9961868948111318e-05,5.637259920918902e-07,1.0555757587256174e-06,1.4579775673005767e-08,3.413991323872341e-05,pass
standpoint,prague_staromestske,18,first_diffuse,geometric_fallback_other,0,0.0,0.0,0.0,0.0,0.0,0.0,pass
standpoint,prague_staromestske,18,non_direct,atlas_interface,936042,0.0006908968644372946,0.9276561171393456,1.5379881045924597,2.8798795570730524,0.03977734194852283,0.9365576464207097,pass
standpoint,prague_staromestske,18,non_direct,nonblocking_woody_atlas,0,0.0,0.0,0.0,0.0,0.0,0.0,pass
standpoint,prague_staromestske,18,non_direct,geometric_no_panorama_evidence,27387,6.721117968687046e-06,0.009024337087917968,0.01574037174345711,0.02947381365912725,0.0004070968737448516,0.009585097225277665,pass
standpoint,prague_staromestske,18,non_direct,geometric_evidence_refused_host_compatibility,29316,4.715869312496921e-05,0.06331921941678655,0.08844227792398084,0.16560798319161096,0.002287403082757057,0.05385691307314669,pass
standpoint,prague_staromestske,18,non_direct,geometric_evidence_refused_atlas_state,0,0.0,0.0,0.0,0.0,0.0,0.0,pass
standpoint,prague_staromestske,18,non_direct,geometric_evidence_refused_insufficient_structural_mass,656,2.4306237873066073e-10,3.2635594989938195e-07,5.637259920918902e-07,1.0555757587256174e-06,1.4579775673005767e-08,3.432808659594029e-07,pass
standpoint,prague_staromestske,18,non_direct,geometric_fallback_other,0,0.0,0.0,0.0,0.0,0.0,0.0,pass
standpoint,prague_staromestske,19,direct,N/A,N/A,N/A,N/A,N/A,N/A,N/A,N/A,N/A
standpoint,prague_staromestske,19,specular,atlas_interface,13920,0.0008241321679322553,0.9501723675034233,1.7798848356796808,3.332830687644689,0.04603357303376643,0.955525294503442,pass
standpoint,prague_staromestske,19,specular,nonblocking_woody_atlas,0,0.0,0.0,0.0,0.0,0.0,0.0,pass
standpoint,prague_staromestske,19,specular,geometric_no_panorama_evidence,160,5.0716508641930716e-06,0.005847293305965502,0.011584504063973397,0.021691959991788762,0.00029961270706890553,0.00621910273940701,pass
standpoint,prague_staromestske,19,specular,geometric_evidence_refused_host_compatibility,544,3.814635483327063e-05,0.043980339190611284,0.07125982704897749,0.13343387932983483,0.0018430093830087673,0.038255602757150835,pass
standpoint,prague_staromestske,19,specular,geometric_evidence_refused_atlas_state,0,0.0,0.0,0.0,0.0,0.0,0.0,pass
standpoint,prague_staromestske,19,specular,geometric_evidence_refused_insufficient_structural_mass,0,0.0,0.0,0.0,0.0,0.0,0.0,pass
standpoint,prague_staromestske,19,specular,geometric_fallback_other,0,0.0,0.0,0.0,0.0,0.0,0.0,pass
standpoint,prague_staromestske,19,first_diffuse,atlas_interface,997756,8.360552308879691e-06,0.6760099846142986,0.01555031302444386,0.02911792909936025,0.00040218134115138464,0.6235944484442452,pass
standpoint,prague_staromestske,19,first_diffuse,nonblocking_woody_atlas,0,0.0,0.0,0.0,0.0,0.0,0.0,pass
standpoint,prague_staromestske,19,first_diffuse,geometric_no_panorama_evidence,30351,7.998159141120548e-07,0.06467079252873098,0.0017688906015514607,0.0033122440068914442,4.574922661452269e-05,0.07093557263437415,pass
standpoint,prague_staromestske,19,first_diffuse,geometric_evidence_refused_host_compatibility,38668,3.2070478761952517e-06,0.2593125795219839,0.007617181805638297,0.014263157237083669,0.00019700493421386282,0.3054621652515856,pass
standpoint,prague_staromestske,19,first_diffuse,geometric_evidence_refused_atlas_state,0,0.0,0.0,0.0,0.0,0.0,0.0,pass
standpoint,prague_staromestske,19,first_diffuse,geometric_evidence_refused_insufficient_structural_mass,529,8.216143389160667e-11,6.6433349866088355e-06,1.9484620410904106e-07,3.6484911574501514e-07,5.039352427417335e-09,7.81366979506046e-06,pass
standpoint,prague_staromestske,19,first_diffuse,geometric_fallback_other,0,0.0,0.0,0.0,0.0,0.0,0.0,pass
standpoint,prague_staromestske,19,non_direct,atlas_interface,1011676,0.0008324927202411351,0.9463180595795834,1.7954351487041247,3.3619486167440495,0.046435754374917815,0.9511403973349198,pass
standpoint,prague_staromestske,19,non_direct,nonblocking_woody_atlas,0,0.0,0.0,0.0,0.0,0.0,0.0,pass
standpoint,prague_staromestske,19,non_direct,geometric_no_panorama_evidence,30511,5.871466778305127e-06,0.006674262625290341,0.013353394665524857,0.025004203998680207,0.00034536193368342824,0.007074024988930602,pass
standpoint,prague_staromestske,19,non_direct,geometric_evidence_refused_host_compatibility,39212,4.135340270946588e-05,0.04700758439989681,0.07887700885461578,0.1476970365669185,0.0020400143172226303,0.04178547445543662,pass
standpoint,prague_staromestske,19,non_direct,geometric_evidence_refused_atlas_state,0,0.0,0.0,0.0,0.0,0.0,0.0,pass
standpoint,prague_staromestske,19,non_direct,geometric_evidence_refused_insufficient_structural_mass,529,8.216143389160667e-11,9.339522953433224e-08,1.9484620410904106e-07,3.6484911574501514e-07,5.039352427417335e-09,1.0322071288914857e-07,pass
standpoint,prague_staromestske,19,non_direct,geometric_fallback_other,0,0.0,0.0,0.0,0.0,0.0,0.0,pass
standpoint,prague_staromestske,20,direct,N/A,N/A,N/A,N/A,N/A,N/A,N/A,N/A,N/A
standpoint,prague_staromestske,20,specular,atlas_interface,14032,0.0007761184168923459,0.96201168047397,1.6459135955241608,3.0819698164796043,0.042568643874027666,0.9637513182161213,pass
standpoint,prague_staromestske,20,specular,nonblocking_woody_atlas,0,0.0,0.0,0.0,0.0,0.0,0.0,pass
standpoint,prague_staromestske,20,specular,geometric_no_panorama_evidence,112,4.932835234267248e-06,0.006114331279780567,0.011575083193344883,0.02167431943094707,0.0002993690529136335,0.006777695813670462,pass
standpoint,prague_staromestske,20,specular,geometric_evidence_refused_host_compatibility,496,2.571485336387619e-05,0.03187398824624931,0.05033113373235364,0.09424494421465227,0.0013017257488211645,0.029470985970208346,pass
standpoint,prague_staromestske,20,specular,geometric_evidence_refused_atlas_state,0,0.0,0.0,0.0,0.0,0.0,0.0,pass
standpoint,prague_staromestske,20,specular,geometric_evidence_refused_insufficient_structural_mass,0,0.0,0.0,0.0,0.0,0.0,0.0,pass
standpoint,prague_staromestske,20,specular,geometric_fallback_other,0,0.0,0.0,0.0,0.0,0.0,0.0,pass
standpoint,prague_staromestske,20,first_diffuse,atlas_interface,1212242,1.3200411421697121e-05,0.5687497836443259,0.02239245353489592,0.041929823108055216,0.0005791412031499339,0.4928260585392809,pass
standpoint,prague_staromestske,20,first_diffuse,nonblocking_woody_atlas,0,0.0,0.0,0.0,0.0,0.0,0.0,pass
standpoint,prague_staromestske,20,first_diffuse,geometric_no_panorama_evidence,26814,8.020515328022824e-07,0.03455700138278347,0.001708002986101638,0.003198232072410758,4.417447613827014e-05,0.037590716814574605,pass
standpoint,prague_staromestske,20,first_diffuse,geometric_evidence_refused_host_compatibility,60932,9.206953594836565e-06,0.39668861051403626,0.02133612682303615,0.03995185351648855,0.000551821181166969,0.4695778097877836,pass
standpoint,prague_staromestske,20,first_diffuse,geometric_evidence_refused_atlas_state,0,0.0,0.0,0.0,0.0,0.0,0.0,pass
standpoint,prague_staromestske,20,first_diffuse,geometric_evidence_refused_insufficient_structural_mass,563,1.0686729560054143e-10,4.604458854332272e-06,2.4603399544745953e-07,4.606981495620189e-07,6.3632341099726365e-09,5.414858360835109e-06,pass
standpoint,prague_staromestske,20,first_diffuse,geometric_fallback_other,0,0.0,0.0,0.0,0.0,0.0,0.0,pass
standpoint,prague_staromestske,20,non_direct,atlas_interface,1226274,0.000789318828314043,0.9510144645492624,1.6683060490590567,3.1238996395876595,0.0431477850771776,0.9515469722217821,pass
standpoint,prague_staromestske,20,non_direct,nonblocking_woody_atlas,0,0.0,0.0,0.0,0.0,0.0,0.0,pass
standpoint,prague_staromestske,20,non_direct,geometric_no_panorama_evidence,26926,5.73488676706953e-06,0.006909705017026827,0.013283086179446521,0.024872551503357827,0.00034354352905190366,0.007576236052696773,pass
standpoint,prague_staromestske,20,non_direct,geometric_evidence_refused_host_compatibility,61428,3.4921806958712755e-05,0.042075701674152054,0.0716672605553898,0.13419679773114082,0.0018535469299881336,0.040876651395811536,pass
standpoint,prague_staromestske,20,non_direct,geometric_evidence_refused_atlas_state,0,0.0,0.0,0.0,0.0,0.0,0.0,pass
standpoint,prague_staromestske,20,non_direct,geometric_evidence_refused_insufficient_structural_mass,563,1.0686729560054143e-10,1.287595585683161e-07,2.4603399544745953e-07,4.606981495620189e-07,6.3632341099726365e-09,1.4032970962594066e-07,pass
standpoint,prague_staromestske,20,non_direct,geometric_fallback_other,0,0.0,0.0,0.0,0.0,0.0,0.0,pass
standpoint,prague_staromestske,21,direct,N/A,N/A,N/A,N/A,N/A,N/A,N/A,N/A,N/A
standpoint,prague_staromestske,21,specular,atlas_interface,14864,0.000782339386247288,0.9524957405614138,1.6578802219579432,3.1043772998215577,0.042878139500297764,0.955358381241044,pass
standpoint,prague_staromestske,21,specular,nonblocking_woody_atlas,0,0.0,0.0,0.0,0.0,0.0,0.0,pass
standpoint,prague_staromestske,21,specular,geometric_no_panorama_evidence,160,8.775947059046591e-06,0.010684687924547555,0.01759829290277603,0.032952767202005136,0.0004551487182597395,0.010141068333842727,pass
standpoint,prague_staromestske,21,specular,geometric_evidence_refused_host_compatibility,480,3.024202603069154e-05,0.036819571514038606,0.05987049605631357,0.1121073805119504,0.0015484444822092605,0.034500550425113304,pass
standpoint,prague_staromestske,21,specular,geometric_evidence_refused_atlas_state,0,0.0,0.0,0.0,0.0,0.0,0.0,pass
standpoint,prague_staromestske,21,specular,geometric_evidence_refused_insufficient_structural_mass,0,0.0,0.0,0.0,0.0,0.0,0.0,pass
standpoint,prague_staromestske,21,specular,geometric_fallback_other,0,0.0,0.0,0.0,0.0,0.0,0.0,pass
standpoint,prague_staromestske,21,first_diffuse,atlas_interface,1234107,1.332864312142877e-05,0.5587714380791748,0.022705550406691265,0.04251609635540642,0.0005872388999365528,0.492322799997535,pass
standpoint,prague_staromestske,21,first_diffuse,nonblocking_woody_atlas,0,0.0,0.0,0.0,0.0,0.0,0.0,pass
standpoint,prague_staromestske,21,first_diffuse,geometric_no_panorama_evidence,25225,5.675155425974762e-07,0.02379172980928925,0.0012574018978966073,0.0023544824631376742,3.252047601018887e-05,0.027264154006689068,pass
standpoint,prague_staromestske,21,first_diffuse,geometric_evidence_refused_host_compatibility,62158,9.957240642466836e-06,0.4174334643371549,0.022156106611287817,0.041487263980553746,0.0005730285080186982,0.4804092500967767,pass
standpoint,prague_staromestske,21,first_diffuse,geometric_evidence_refused_atlas_state,0,0.0,0.0,0.0,0.0,0.0,0.0,pass
standpoint,prague_staromestske,21,first_diffuse,geometric_evidence_refused_insufficient_structural_mass,551,8.033313762608876e-11,3.3677743809176365e-06,1.7506395410464547e-07,3.2780689336991853e-07,4.5277195216839574e-09,3.7958989991292892e-06,pass
standpoint,prague_staromestske,21,first_diffuse,geometric_fallback_other,0,0.0,0.0,0.0,0.0,0.0,0.0,pass
standpoint,prague_staromestske,21,non_direct,atlas_interface,1248971,0.0007956680293687168,0.9413840815530427,1.6805857723646345,3.146893396176964,0.04346537840023432,0.9433711643071871,pass
standpoint,prague_staromestske,21,non_direct,nonblocking_woody_atlas,0,0.0,0.0,0.0,0.0,0.0,0.0,pass
standpoint,prague_staromestske,21,non_direct,geometric_no_panorama_evidence,25385,9.343462601644068e-06,0.011054593919969968,0.018855694800672635,0.03530724966514281,0.00048766919426992836,0.010584356389560158,pass
standpoint,prague_staromestske,21,non_direct,geometric_evidence_refused_host_compatibility,62638,4.019926667315838e-05,0.04756122948190044,0.08202660266760138,0.15359464449250415,0.0021214729902279588,0.04604438103377492,pass
standpoint,prague_staromestske,21,non_direct,geometric_evidence_refused_atlas_state,0,0.0,0.0,0.0,0.0,0.0,0.0,pass
standpoint,prague_staromestske,21,non_direct,geometric_evidence_refused_insufficient_structural_mass,551,8.033313762608876e-11,9.504508688430035e-08,1.7506395410464547e-07,3.2780689336991853e-07,4.5277195216839574e-09,9.826947777830341e-08,pass
standpoint,prague_staromestske,21,non_direct,geometric_fallback_other,0,0.0,0.0,0.0,0.0,0.0,0.0,pass
standpoint,tokyo_hachiko,0,direct,N/A,N/A,N/A,N/A,N/A,N/A,N/A,N/A,N/A
standpoint,tokyo_hachiko,0,specular,atlas_interface,6224,0.0004643972335655236,0.9049035196037841,0.9011852007322821,1.6874674316245015,0.02330756121028317,0.904920742326919,pass
standpoint,tokyo_hachiko,0,specular,nonblocking_woody_atlas,0,0.0,0.0,0.0,0.0,0.0,0.0,pass
standpoint,tokyo_hachiko,0,specular,geometric_no_panorama_evidence,160,1.316044436395002e-06,0.0025643848765106564,0.0027797433543365773,0.005205063703782584,7.189314507986994e-05,0.002791265788253716,pass
standpoint,tokyo_hachiko,0,specular,geometric_evidence_refused_host_compatibility,1568,4.748754783735089e-05,0.09253209551970523,0.0919070241201976,0.17209571330547652,0.0023770126147165255,0.09228799188482731,pass
standpoint,tokyo_hachiko,0,specular,geometric_evidence_refused_atlas_state,0,0.0,0.0,0.0,0.0,0.0,0.0,pass
standpoint,tokyo_hachiko,0,specular,geometric_evidence_refused_insufficient_structural_mass,0,0.0,0.0,0.0,0.0,0.0,0.0,pass
standpoint,tokyo_hachiko,0,specular,geometric_fallback_other,0,0.0,0.0,0.0,0.0,0.0,0.0,pass
standpoint,tokyo_hachiko,0,first_diffuse,atlas_interface,1341691,1.2184282680136649e-05,0.6611863927698035,0.02104333099463985,0.039403593931075044,0.0005442485349595999,0.5915684469960929,pass
standpoint,tokyo_hachiko,0,first_diffuse,nonblocking_woody_atlas,0,0.0,0.0,0.0,0.0,0.0,0.0,pass
standpoint,tokyo_hachiko,0,first_diffuse,geometric_no_panorama_evidence,92574,9.47506977603958e-07,0.05141695552315879,0.002075498033674846,0.0038863657918273417,5.36790855224771e-05,0.05834623562387619,pass
standpoint,tokyo_hachiko,0,first_diffuse,geometric_evidence_refused_host_compatibility,96450,5.296119345490632e-06,0.28739665170703765,0.01245326935099395,0.023318721201784066,0.00032208178455502847,0.3500853173800309,pass
standpoint,tokyo_hachiko,0,first_diffuse,geometric_evidence_refused_atlas_state,0,0.0,0.0,0.0,0.0,0.0,0.0,pass
standpoint,tokyo_hachiko,0,first_diffuse,geometric_evidence_refused_insufficient_structural_mass,0,0.0,0.0,0.0,0.0,0.0,0.0,pass
standpoint,tokyo_hachiko,0,first_diffuse,geometric_fallback_other,0,0.0,0.0,0.0,0.0,0.0,0.0,pass
standpoint,tokyo_hachiko,0,non_direct,atlas_interface,1347915,0.00047658151624566027,0.8964555243366433,0.922228531726922,1.7268710255555766,0.023851809745242772,0.8941139530515847,pass
standpoint,tokyo_hachiko,0,non_direct,nonblocking_woody_atlas,0,0.0,0.0,0.0,0.0,0.0,0.0,pass
standpoint,tokyo_hachiko,0,non_direct,geometric_no_panorama_evidence,92734,2.26355141399896e-06,0.004257767245537537,0.004855241388011423,0.009091429495609926,0.00012557223060234704,0.004707227027909823,pass
standpoint,tokyo_hachiko,0,non_direct,geometric_evidence_refused_host_compatibility,98018,5.2783667182841525e-05,0.09928670841781928,0.10436029347119155,0.1954144345072606,0.002699094399271554,0.1011788199205057,pass
standpoint,tokyo_hachiko,0,non_direct,geometric_evidence_refused_atlas_state,0,0.0,0.0,0.0,0.0,0.0,0.0,pass
standpoint,tokyo_hachiko,0,non_direct,geometric_evidence_refused_insufficient_structural_mass,0,0.0,0.0,0.0,0.0,0.0,0.0,pass
standpoint,tokyo_hachiko,0,non_direct,geometric_fallback_other,0,0.0,0.0,0.0,0.0,0.0,0.0,pass
standpoint,tokyo_hachiko,1,direct,N/A,N/A,N/A,N/A,N/A,N/A,N/A,N/A,N/A
standpoint,tokyo_hachiko,1,specular,atlas_interface,6016,0.00045982765854488816,0.9278269923343153,0.9488072274931302,1.776639578616688,0.02453922069912551,0.9304828745461828,pass
standpoint,tokyo_hachiko,1,specular,nonblocking_woody_atlas,0,0.0,0.0,0.0,0.0,0.0,0.0,pass
standpoint,tokyo_hachiko,1,specular,geometric_no_panorama_evidence,128,4.036304511070662e-06,0.008144338873618531,0.008861914931306811,0.016593917450326203,0.00022919775483875963,0.008690764404327653,pass
standpoint,tokyo_hachiko,1,specular,geometric_evidence_refused_host_compatibility,1120,3.173237370075701e-05,0.06402866879206609,0.0620242376991731,0.11614025730076773,0.0016041472002868466,0.060826361049489575,pass
standpoint,tokyo_hachiko,1,specular,geometric_evidence_refused_atlas_state,0,0.0,0.0,0.0,0.0,0.0,0.0,pass
standpoint,tokyo_hachiko,1,specular,geometric_evidence_refused_insufficient_structural_mass,0,0.0,0.0,0.0,0.0,0.0,0.0,pass
standpoint,tokyo_hachiko,1,specular,geometric_fallback_other,0,0.0,0.0,0.0,0.0,0.0,0.0,pass
standpoint,tokyo_hachiko,1,first_diffuse,atlas_interface,1305112,9.939082021504337e-06,0.7282832434308949,0.01776781950818173,0.033270205421345116,0.00045953322405172816,0.6734140666014603,pass
standpoint,tokyo_hachiko,1,first_diffuse,nonblocking_woody_atlas,0,0.0,0.0,0.0,0.0,0.0,0.0,pass
standpoint,tokyo_hachiko,1,first_diffuse,geometric_no_panorama_evidence,78480,6.975505858387222e-07,0.051112809212420056,0.0015020533483978357,0.0028125918001363865,3.8847953040557824e-05,0.056928980685060936,pass
standpoint,tokyo_hachiko,1,first_diffuse,geometric_evidence_refused_host_compatibility,87828,3.010642832748037e-06,0.22060394735668507,0.007114814350581312,0.013322475212536544,0.00018401208857094675,0.2696569527134789,pass
standpoint,tokyo_hachiko,1,first_diffuse,geometric_evidence_refused_atlas_state,0,0.0,0.0,0.0,0.0,0.0,0.0,pass
standpoint,tokyo_hachiko,1,first_diffuse,geometric_evidence_refused_insufficient_structural_mass,0,0.0,0.0,0.0,0.0,0.0,0.0,pass
standpoint,tokyo_hachiko,1,first_diffuse,geometric_fallback_other,0,0.0,0.0,0.0,0.0,0.0,0.0,pass
standpoint,tokyo_hachiko,1,non_direct,atlas_interface,1311128,0.0004697667405663925,0.9224793975124859,0.9665750470013119,1.8099097840380332,0.024998753923177238,0.9239989606776449,pass
standpoint,tokyo_hachiko,1,non_direct,nonblocking_woody_atlas,0,0.0,0.0,0.0,0.0,0.0,0.0,pass
standpoint,tokyo_hachiko,1,non_direct,geometric_no_panorama_evidence,78608,4.733855096909384e-06,0.009295855624949684,0.010363968279704648,0.01940650925046259,0.00026804570787931746,0.009907452037637987,pass
standpoint,tokyo_hachiko,1,non_direct,geometric_evidence_refused_host_compatibility,88948,3.474301653350505e-05,0.06822474686256437,0.06913905204975442,0.12946273251330426,0.0017881592888577933,0.06609358728471705,pass
standpoint,tokyo_hachiko,1,non_direct,geometric_evidence_refused_atlas_state,0,0.0,0.0,0.0,0.0,0.0,0.0,pass
standpoint,tokyo_hachiko,1,non_direct,geometric_evidence_refused_insufficient_structural_mass,0,0.0,0.0,0.0,0.0,0.0,0.0,pass
standpoint,tokyo_hachiko,1,non_direct,geometric_fallback_other,0,0.0,0.0,0.0,0.0,0.0,0.0,pass
standpoint,tokyo_hachiko,2,direct,N/A,N/A,N/A,N/A,N/A,N/A,N/A,N/A,N/A
standpoint,tokyo_hachiko,2,specular,atlas_interface,7232,0.0005242581379147823,0.9322611374313446,1.0569632572221652,1.9791615214462583,0.027336485102848876,0.9334966936626775,pass
standpoint,tokyo_hachiko,2,specular,nonblocking_woody_atlas,0,0.0,0.0,0.0,0.0,0.0,0.0,pass
standpoint,tokyo_hachiko,2,specular,geometric_no_panorama_evidence,48,8.337148747606964e-07,0.0014825520506544384,0.0018946153398163893,0.0035476633202569867,4.90008745891849e-05,0.001673300508221395,pass
standpoint,tokyo_hachiko,2,specular,geometric_evidence_refused_host_compatibility,1632,3.725931349340279e-05,0.06625631051800085,0.07340458149669629,0.13744992761426778,0.0018984796631804945,0.064830005829101,pass
standpoint,tokyo_hachiko,2,specular,geometric_evidence_refused_atlas_state,0,0.0,0.0,0.0,0.0,0.0,0.0,pass
standpoint,tokyo_hachiko,2,specular,geometric_evidence_refused_insufficient_structural_mass,0,0.0,0.0,0.0,0.0,0.0,0.0,pass
standpoint,tokyo_hachiko,2,specular,geometric_fallback_other,0,0.0,0.0,0.0,0.0,0.0,0.0,pass
standpoint,tokyo_hachiko,2,first_diffuse,atlas_interface,1412675,1.047786880766796e-05,0.7807959942868907,0.01788096657971719,0.033482073079673956,0.00046245957292367353,0.7234657586357558,pass
standpoint,tokyo_hachiko,2,first_diffuse,nonblocking_woody_atlas,0,0.0,0.0,0.0,0.0,0.0,0.0,pass
standpoint,tokyo_hachiko,2,first_diffuse,geometric_no_panorama_evidence,69645,5.888696128042734e-07,0.043881732370839165,0.0013002919454333474,0.0024347939887821974,3.3629751226273434e-05,0.05260994670265628,pass
standpoint,tokyo_hachiko,2,first_diffuse,geometric_evidence_refused_host_compatibility,89774,2.3527320741702354e-06,0.1753222733422701,0.005534446905657199,0.010363240428008264,0.00014313867994486553,0.22392429466158792,pass
standpoint,tokyo_hachiko,2,first_diffuse,geometric_evidence_refused_atlas_state,0,0.0,0.0,0.0,0.0,0.0,0.0,pass
standpoint,tokyo_hachiko,2,first_diffuse,geometric_evidence_refused_insufficient_structural_mass,0,0.0,0.0,0.0,0.0,0.0,0.0,pass
standpoint,tokyo_hachiko,2,first_diffuse,geometric_fallback_other,0,0.0,0.0,0.0,0.0,0.0,0.0,pass
standpoint,tokyo_hachiko,2,non_direct,atlas_interface,1419907,0.0005347360067224504,0.9287309434798617,1.0748442238018825,2.0126435945259322,0.027798944675772548,0.9290099514723382,pass
standpoint,tokyo_hachiko,2,non_direct,nonblocking_woody_atlas,0,0.0,0.0,0.0,0.0,0.0,0.0,pass
standpoint,tokyo_hachiko,2,non_direct,geometric_no_panorama_evidence,69693,1.4225844875649698e-06,0.0024707485875395435,0.0031949072852497365,0.005982457309039184,8.263062581545833e-05,0.002761424024338958,pass
standpoint,tokyo_hachiko,2,non_direct,geometric_evidence_refused_host_compatibility,91406,3.961204556757302e-05,0.0687983079325988,0.07893902840235349,0.14781316804227604,0.00204161834312536,0.06822862450332268,pass
standpoint,tokyo_hachiko,2,non_direct,geometric_evidence_refused_atlas_state,0,0.0,0.0,0.0,0.0,0.0,0.0,pass
standpoint,tokyo_hachiko,2,non_direct,geometric_evidence_refused_insufficient_structural_mass,0,0.0,0.0,0.0,0.0,0.0,0.0,pass
standpoint,tokyo_hachiko,2,non_direct,geometric_fallback_other,0,0.0,0.0,0.0,0.0,0.0,0.0,pass
standpoint,tokyo_hachiko,3,direct,N/A,N/A,N/A,N/A,N/A,N/A,N/A,N/A,N/A
standpoint,tokyo_hachiko,3,specular,atlas_interface,7216,0.0004938722183242815,0.9641502182335381,1.0195551220424761,1.9091148653957175,0.02636898985353199,0.9610354603071654,pass
standpoint,tokyo_hachiko,3,specular,nonblocking_woody_atlas,0,0.0,0.0,0.0,0.0,0.0,0.0,pass
standpoint,tokyo_hachiko,3,specular,geometric_no_panorama_evidence,96,3.4828501960069373e-07,0.0006799310939069504,0.0008292011119273925,0.001552677373648947,2.144582007802413e-05,0.000781607247180458,pass
standpoint,tokyo_hachiko,3,specular,geometric_evidence_refused_host_compatibility,1536,1.8015255134839575e-05,0.035169850672554966,0.04050797910945546,0.0758511074223005,0.0010476672295897864,0.0381829324456542,pass
standpoint,tokyo_hachiko,3,specular,geometric_evidence_refused_atlas_state,0,0.0,0.0,0.0,0.0,0.0,0.0,pass
standpoint,tokyo_hachiko,3,specular,geometric_evidence_refused_insufficient_structural_mass,0,0.0,0.0,0.0,0.0,0.0,0.0,pass
standpoint,tokyo_hachiko,3,specular,geometric_fallback_other,0,0.0,0.0,0.0,0.0,0.0,0.0,pass
standpoint,tokyo_hachiko,3,first_diffuse,atlas_interface,1548003,1.0884690487955825e-05,0.8148329361132184,0.018518000506883354,0.034674917795787,0.0004789353286710911,0.7636925148788078,pass
standpoint,tokyo_hachiko,3,first_diffuse,nonblocking_woody_atlas,0,0.0,0.0,0.0,0.0,0.0,0.0,pass
standpoint,tokyo_hachiko,3,first_diffuse,geometric_no_panorama_evidence,64283,5.20127528236622e-07,0.038936985985529075,0.0011636887643720181,0.002179004813693671,3.0096751570354574e-05,0.04799116398496365,pass
standpoint,tokyo_hachiko,3,first_diffuse,geometric_evidence_refused_host_compatibility,93228,1.953368681409861e-06,0.14623007790125256,0.004566290309665385,0.008550369196744043,0.00011809902205447573,0.18831632113622856,pass
standpoint,tokyo_hachiko,3,first_diffuse,geometric_evidence_refused_atlas_state,0,0.0,0.0,0.0,0.0,0.0,0.0,pass
standpoint,tokyo_hachiko,3,first_diffuse,geometric_evidence_refused_insufficient_structural_mass,0,0.0,0.0,0.0,0.0,0.0,0.0,pass
standpoint,tokyo_hachiko,3,first_diffuse,geometric_fallback_other,0,0.0,0.0,0.0,0.0,0.0,0.0,pass
standpoint,tokyo_hachiko,3,non_direct,atlas_interface,1555219,0.0005047569088122374,0.9603552579794342,1.0380731225493596,1.9437897831915045,0.02684792518220308,0.9566257376277615,pass
standpoint,tokyo_hachiko,3,non_direct,nonblocking_woody_atlas,0,0.0,0.0,0.0,0.0,0.0,0.0,pass
standpoint,tokyo_hachiko,3,non_direct,geometric_no_panorama_evidence,64379,8.684125478373157e-07,0.0016522499085220325,0.0019928898762994105,0.003731682187342618,5.15425716483787e-05,0.001836527414604334,pass
standpoint,tokyo_hachiko,3,non_direct,geometric_evidence_refused_host_compatibility,94764,1.9968623816249436e-05,0.037992492112043724,0.04507426941912084,0.08440147661904454,0.001165766251644262,0.04153773495763414,pass
standpoint,tokyo_hachiko,3,non_direct,geometric_evidence_refused_atlas_state,0,0.0,0.0,0.0,0.0,0.0,0.0,pass
standpoint,tokyo_hachiko,3,non_direct,geometric_evidence_refused_insufficient_structural_mass,0,0.0,0.0,0.0,0.0,0.0,0.0,pass
standpoint,tokyo_hachiko,3,non_direct,geometric_fallback_other,0,0.0,0.0,0.0,0.0,0.0,0.0,pass
standpoint,tokyo_hachiko,4,direct,N/A,N/A,N/A,N/A,N/A,N/A,N/A,N/A,N/A
standpoint,tokyo_hachiko,4,specular,atlas_interface,7680,0.00047441181283217125,0.9453245285041147,0.9455339999947814,1.770510466869987,0.024454564459530207,0.9406836137046808,pass
standpoint,tokyo_hachiko,4,specular,nonblocking_woody_atlas,0,0.0,0.0,0.0,0.0,0.0,0.0,pass
standpoint,tokyo_hachiko,4,specular,geometric_no_panorama_evidence,128,1.5951407004716682e-06,0.0031785161958109787,0.003748388031563216,0.007018848866153404,9.694542632808566e-05,0.0037291596062306825,pass
standpoint,tokyo_hachiko,4,specular,geometric_evidence_refused_host_compatibility,1456,2.5843785052213612e-05,0.05149695530007426,0.055873847523457705,0.1046236643686273,0.001445078237135736,0.05558722668908855,pass
standpoint,tokyo_hachiko,4,specular,geometric_evidence_refused_atlas_state,0,0.0,0.0,0.0,0.0,0.0,0.0,pass
standpoint,tokyo_hachiko,4,specular,geometric_evidence_refused_insufficient_structural_mass,0,0.0,0.0,0.0,0.0,0.0,0.0,pass
standpoint,tokyo_hachiko,4,specular,geometric_fallback_other,0,0.0,0.0,0.0,0.0,0.0,0.0,pass
standpoint,tokyo_hachiko,4,first_diffuse,atlas_interface,1596861,1.0111716634187075e-05,0.791558383863357,0.01732845165502025,0.032447490021546815,0.0004481697516788234,0.7386513619405579,pass
standpoint,tokyo_hachiko,4,first_diffuse,nonblocking_woody_atlas,0,0.0,0.0,0.0,0.0,0.0,0.0,pass
standpoint,tokyo_hachiko,4,first_diffuse,geometric_no_panorama_evidence,59574,5.065535373124524e-07,0.03965367245158635,0.0011317377855597547,0.002119176671697544,2.9270396017921885e-05,0.048242028388099906,pass
standpoint,tokyo_hachiko,4,first_diffuse,geometric_evidence_refused_host_compatibility,96956,2.1561717904879703e-06,0.16878794368505665,0.004999391828580016,0.009361350898575888,0.00012930042677591007,0.21310660967134215,pass
standpoint,tokyo_hachiko,4,first_diffuse,geometric_evidence_refused_atlas_state,0,0.0,0.0,0.0,0.0,0.0,0.0,pass
standpoint,tokyo_hachiko,4,first_diffuse,geometric_evidence_refused_insufficient_structural_mass,0,0.0,0.0,0.0,0.0,0.0,0.0,pass
standpoint,tokyo_hachiko,4,first_diffuse,geometric_fallback_other,0,0.0,0.0,0.0,0.0,0.0,0.0,pass
standpoint,tokyo_hachiko,4,non_direct,atlas_interface,1604541,0.00048452352946635834,0.9415076210446999,0.9628624516498017,1.8029579568915337,0.024902734211209032,0.9360758758576105,pass
standpoint,tokyo_hachiko,4,non_direct,nonblocking_woody_atlas,0,0.0,0.0,0.0,0.0,0.0,0.0,pass
standpoint,tokyo_hachiko,4,non_direct,geometric_no_panorama_evidence,59702,2.1016942377841207e-06,0.004083931990173599,0.004880125817122971,0.009138025537850947,0.00012621582234600753,0.004744362022562481,pass
standpoint,tokyo_hachiko,4,non_direct,geometric_evidence_refused_host_compatibility,98412,2.7999956842701583e-05,0.054408446965126436,0.06087323935203772,0.11398501526720319,0.0015743786639116461,0.05917976211982703,pass
standpoint,tokyo_hachiko,4,non_direct,geometric_evidence_refused_atlas_state,0,0.0,0.0,0.0,0.0,0.0,0.0,pass
standpoint,tokyo_hachiko,4,non_direct,geometric_evidence_refused_insufficient_structural_mass,0,0.0,0.0,0.0,0.0,0.0,0.0,pass
standpoint,tokyo_hachiko,4,non_direct,geometric_fallback_other,0,0.0,0.0,0.0,0.0,0.0,0.0,pass
standpoint,tokyo_hachiko,5,direct,N/A,N/A,N/A,N/A,N/A,N/A,N/A,N/A,N/A
standpoint,tokyo_hachiko,5,specular,atlas_interface,7760,0.0005249078949203111,0.9509850474854631,1.0579755759703033,1.9810570862164276,0.027362666936690986,0.9465084124248012,pass
standpoint,tokyo_hachiko,5,specular,nonblocking_woody_atlas,0,0.0,0.0,0.0,0.0,0.0,0.0,pass
standpoint,tokyo_hachiko,5,specular,geometric_no_panorama_evidence,128,3.1982888602972253e-06,0.005794397289725912,0.006529638818382018,0.012226735234153128,0.00016887755848277796,0.005841683127728078,pass
standpoint,tokyo_hachiko,5,specular,geometric_evidence_refused_host_compatibility,1136,2.385611710755042e-05,0.04322055522481102,0.053261476011179004,0.0997320040942553,0.001377513868705184,0.04764990444747065,pass
standpoint,tokyo_hachiko,5,specular,geometric_evidence_refused_atlas_state,0,0.0,0.0,0.0,0.0,0.0,0.0,pass
standpoint,tokyo_hachiko,5,specular,geometric_evidence_refused_insufficient_structural_mass,0,0.0,0.0,0.0,0.0,0.0,0.0,pass
standpoint,tokyo_hachiko,5,specular,geometric_fallback_other,0,0.0,0.0,0.0,0.0,0.0,0.0,pass
standpoint,tokyo_hachiko,5,first_diffuse,atlas_interface,1602949,1.1220810600764501e-05,0.7936191926742024,0.019092655892024916,0.03575095882047987,0.0004937977737635341,0.7400648672332988,pass
standpoint,tokyo_hachiko,5,first_diffuse,nonblocking_woody_atlas,0,0.0,0.0,0.0,0.0,0.0,0.0,pass
standpoint,tokyo_hachiko,5,first_diffuse,geometric_no_panorama_evidence,56811,6.728078542347679e-07,0.04758597619197667,0.0015366924919054201,0.0028774535249859717,3.974383321803828e-05,0.05956489926974628,pass
standpoint,tokyo_hachiko,5,first_diffuse,geometric_evidence_refused_host_compatibility,100032,2.2451658691984982e-06,0.1587948311338209,0.005169276489862151,0.009679459576806757,0.00013369419304981706,0.20037023349695499,pass
standpoint,tokyo_hachiko,5,first_diffuse,geometric_evidence_refused_atlas_state,0,0.0,0.0,0.0,0.0,0.0,0.0,pass
standpoint,tokyo_hachiko,5,first_diffuse,geometric_evidence_refused_insufficient_structural_mass,0,0.0,0.0,0.0,0.0,0.0,0.0,pass
standpoint,tokyo_hachiko,5,first_diffuse,geometric_fallback_other,0,0.0,0.0,0.0,0.0,0.0,0.0,pass
standpoint,tokyo_hachiko,5,non_direct,atlas_interface,1610709,0.0005361287055210756,0.9470547213665248,1.0770682318623284,2.0168080450369077,0.02785646471045452,0.9418510837116844,pass
standpoint,tokyo_hachiko,5,non_direct,nonblocking_woody_atlas,0,0.0,0.0,0.0,0.0,0.0,0.0,pass
standpoint,tokyo_hachiko,5,non_direct,geometric_no_panorama_evidence,56939,3.871096714531993e-06,0.006838172219860457,0.008066331310287438,0.0151041887591391,0.00020862139170081624,0.007053669081888587,pass
standpoint,tokyo_hachiko,5,non_direct,geometric_evidence_refused_host_compatibility,101168,2.610128297674892e-05,0.04610710641361477,0.058430752501041155,0.10941146367106205,0.001511208061755001,0.051095247206426934,pass
standpoint,tokyo_hachiko,5,non_direct,geometric_evidence_refused_atlas_state,0,0.0,0.0,0.0,0.0,0.0,0.0,pass
standpoint,tokyo_hachiko,5,non_direct,geometric_evidence_refused_insufficient_structural_mass,0,0.0,0.0,0.0,0.0,0.0,0.0,pass
standpoint,tokyo_hachiko,5,non_direct,geometric_fallback_other,0,0.0,0.0,0.0,0.0,0.0,0.0,pass
standpoint,tokyo_hachiko,6,direct,N/A,N/A,N/A,N/A,N/A,N/A,N/A,N/A,N/A
standpoint,tokyo_hachiko,6,specular,atlas_interface,7184,0.000420240107787683,0.958259525857982,0.8641172698615942,1.61805780744163,0.02234886474366892,0.956582579865537,pass
standpoint,tokyo_hachiko,6,specular,nonblocking_woody_atlas,0,0.0,0.0,0.0,0.0,0.0,0.0,pass
standpoint,tokyo_hachiko,6,specular,geometric_no_panorama_evidence,64,1.1903306084689769e-06,0.002714271254332561,0.00255989042384695,0.004793389544412245,6.620703790624647e-05,0.0028338128066909413,pass
standpoint,tokyo_hachiko,6,specular,geometric_evidence_refused_host_compatibility,800,1.711475363981458e-05,0.03902620288768538,0.03666070938709641,0.06864710279386167,0.0009481644032301333,0.04058360732777204,pass
standpoint,tokyo_hachiko,6,specular,geometric_evidence_refused_atlas_state,0,0.0,0.0,0.0,0.0,0.0,0.0,pass
standpoint,tokyo_hachiko,6,specular,geometric_evidence_refused_insufficient_structural_mass,0,0.0,0.0,0.0,0.0,0.0,0.0,pass
standpoint,tokyo_hachiko,6,specular,geometric_fallback_other,0,0.0,0.0,0.0,0.0,0.0,0.0,pass
standpoint,tokyo_hachiko,6,first_diffuse,atlas_interface,1570760,1.1808888929329612e-05,0.7935889456022301,0.020020510847239638,0.03748836531242402,0.0005177951010003317,0.7350669997906002,pass
standpoint,tokyo_hachiko,6,first_diffuse,nonblocking_woody_atlas,0,0.0,0.0,0.0,0.0,0.0,0.0,pass
standpoint,tokyo_hachiko,6,first_diffuse,geometric_no_panorama_evidence,55870,6.249934678260753e-07,0.0420012339948847,0.0014553419236955295,0.0027251247536226714,3.7639844663296565e-05,0.05343389235584119,pass
standpoint,tokyo_hachiko,6,first_diffuse,geometric_evidence_refused_host_compatibility,103894,2.446477258519972e-06,0.16440982040288507,0.005760454739731093,0.010786439631658954,0.00014898397281296893,0.21149910785355858,pass
standpoint,tokyo_hachiko,6,first_diffuse,geometric_evidence_refused_atlas_state,0,0.0,0.0,0.0,0.0,0.0,0.0,pass
standpoint,tokyo_hachiko,6,first_diffuse,geometric_evidence_refused_insufficient_structural_mass,0,0.0,0.0,0.0,0.0,0.0,0.0,pass
standpoint,tokyo_hachiko,6,first_diffuse,geometric_fallback_other,0,0.0,0.0,0.0,0.0,0.0,0.0,pass
standpoint,tokyo_hachiko,6,non_direct,atlas_interface,1577944,0.0004320489967170126,0.9528554248985796,0.8841377807088339,1.6555461727540541,0.022866659844669252,0.950099199383621,pass
standpoint,tokyo_hachiko,6,non_direct,nonblocking_woody_atlas,0,0.0,0.0,0.0,0.0,0.0,0.0,pass
standpoint,tokyo_hachiko,6,non_direct,geometric_no_panorama_evidence,55934,1.8153240762950522e-06,0.004003576925743228,0.00401523234754248,0.007518514298034917,0.00010384688256954304,0.004314790208015833,pass
standpoint,tokyo_hachiko,6,non_direct,geometric_evidence_refused_host_compatibility,104694,1.9561230898334552e-05,0.04314099817567717,0.042421164126827504,0.07943354242552063,0.0010971483760431023,0.04558601040836311,pass
standpoint,tokyo_hachiko,6,non_direct,geometric_evidence_refused_atlas_state,0,0.0,0.0,0.0,0.0,0.0,0.0,pass
standpoint,tokyo_hachiko,6,non_direct,geometric_evidence_refused_insufficient_structural_mass,0,0.0,0.0,0.0,0.0,0.0,0.0,pass
standpoint,tokyo_hachiko,6,non_direct,geometric_fallback_other,0,0.0,0.0,0.0,0.0,0.0,0.0,pass
standpoint,tokyo_hachiko,7,direct,N/A,N/A,N/A,N/A,N/A,N/A,N/A,N/A,N/A
standpoint,tokyo_hachiko,7,specular,atlas_interface,7168,0.00046514325093861575,0.9365984522339088,0.9192831511766832,1.7213558065437367,0.023775632687068175,0.9320285648391117,pass
standpoint,tokyo_hachiko,7,specular,nonblocking_woody_atlas,0,0.0,0.0,0.0,0.0,0.0,0.0,pass
standpoint,tokyo_hachiko,7,specular,geometric_no_panorama_evidence,112,2.7230969207933455e-06,0.005483146011796157,0.005807796883011019,0.010875087697409773,0.00015020839361063216,0.005888319161317318,pass
standpoint,tokyo_hachiko,7,specular,geometric_evidence_refused_host_compatibility,1040,2.876403822460456e-05,0.05791840175429504,0.06123413451475601,0.11466079071582681,0.001583712578947884,0.06208311599957097,pass
standpoint,tokyo_hachiko,7,specular,geometric_evidence_refused_atlas_state,0,0.0,0.0,0.0,0.0,0.0,0.0,pass
standpoint,tokyo_hachiko,7,specular,geometric_evidence_refused_insufficient_structural_mass,0,0.0,0.0,0.0,0.0,0.0,0.0,pass
standpoint,tokyo_hachiko,7,specular,geometric_fallback_other,0,0.0,0.0,0.0,0.0,0.0,0.0,pass
standpoint,tokyo_hachiko,7,first_diffuse,atlas_interface,1523493,1.2987778943393088e-05,0.7593128265223242,0.022149808725113015,0.041475471201667224,0.0005728656243324202,0.695793899567877,pass
standpoint,tokyo_hachiko,7,first_diffuse,nonblocking_woody_atlas,0,0.0,0.0,0.0,0.0,0.0,0.0,pass
standpoint,tokyo_hachiko,7,first_diffuse,geometric_no_panorama_evidence,59939,7.023533794741622e-07,0.04106213480460619,0.0016094475423627855,0.0030136872070673465,4.162551390976997e-05,0.05055771792651561,pass
standpoint,tokyo_hachiko,7,first_diffuse,geometric_evidence_refused_host_compatibility,106791,3.414516103628464e-06,0.19962503867306947,0.008074608241639846,0.015119687296043202,0.0002088354598900995,0.25364838250560734,pass
standpoint,tokyo_hachiko,7,first_diffuse,geometric_evidence_refused_atlas_state,0,0.0,0.0,0.0,0.0,0.0,0.0,pass
standpoint,tokyo_hachiko,7,first_diffuse,geometric_evidence_refused_insufficient_structural_mass,0,0.0,0.0,0.0,0.0,0.0,0.0,pass
standpoint,tokyo_hachiko,7,first_diffuse,geometric_fallback_other,0,0.0,0.0,0.0,0.0,0.0,0.0,pass
standpoint,tokyo_hachiko,7,non_direct,atlas_interface,1530661,0.00047813102988200883,0.9306957823843485,0.9414329599017962,1.7628312777454038,0.024348498311400596,0.9246424269987068,pass
standpoint,tokyo_hachiko,7,non_direct,nonblocking_woody_atlas,0,0.0,0.0,0.0,0.0,0.0,0.0,pass
standpoint,tokyo_hachiko,7,non_direct,geometric_no_panorama_evidence,60051,3.4254503002675076e-06,0.006667737394104924,0.007417244425373805,0.01388877490447712,0.00019183390752040212,0.007284957271769702,pass
standpoint,tokyo_hachiko,7,non_direct,geometric_evidence_refused_host_compatibility,107831,3.2178554328233024e-05,0.06263648022154648,0.06930874275639586,0.12978047801187,0.0017925480388379833,0.06807261572952351,pass
standpoint,tokyo_hachiko,7,non_direct,geometric_evidence_refused_atlas_state,0,0.0,0.0,0.0,0.0,0.0,0.0,pass
standpoint,tokyo_hachiko,7,non_direct,geometric_evidence_refused_insufficient_structural_mass,0,0.0,0.0,0.0,0.0,0.0,0.0,pass
standpoint,tokyo_hachiko,7,non_direct,geometric_fallback_other,0,0.0,0.0,0.0,0.0,0.0,0.0,pass
standpoint,tokyo_hachiko,8,direct,N/A,N/A,N/A,N/A,N/A,N/A,N/A,N/A,N/A
standpoint,tokyo_hachiko,8,specular,atlas_interface,9168,0.0007285547751147408,0.9378549423357782,1.400482582242019,2.622400749779793,0.03622100483121261,0.9306267200207129,pass
standpoint,tokyo_hachiko,8,specular,nonblocking_woody_atlas,0,0.0,0.0,0.0,0.0,0.0,0.0,pass
standpoint,tokyo_hachiko,8,specular,geometric_no_panorama_evidence,128,2.641070740617485e-06,0.0033998009919795342,0.005720582797328234,0.010711779501659304,0.00014795275554778045,0.0038013519573815674,pass
standpoint,tokyo_hachiko,8,specular,geometric_evidence_refused_host_compatibility,1168,4.5635135383847e-05,0.058745256672242355,0.098677956588934,0.18477427040277158,0.0025521308066681144,0.06557192802190547,pass
standpoint,tokyo_hachiko,8,specular,geometric_evidence_refused_atlas_state,0,0.0,0.0,0.0,0.0,0.0,0.0,pass
standpoint,tokyo_hachiko,8,specular,geometric_evidence_refused_insufficient_structural_mass,0,0.0,0.0,0.0,0.0,0.0,0.0,pass
standpoint,tokyo_hachiko,8,specular,geometric_fallback_other,0,0.0,0.0,0.0,0.0,0.0,0.0,pass
standpoint,tokyo_hachiko,8,first_diffuse,atlas_interface,1456537,1.4572556385449053e-05,0.7126516834367475,0.024920710006092535,0.04666397814130637,0.0006445300848246736,0.6452802773714611,pass
standpoint,tokyo_hachiko,8,first_diffuse,nonblocking_woody_atlas,0,0.0,0.0,0.0,0.0,0.0,0.0,pass
standpoint,tokyo_hachiko,8,first_diffuse,geometric_no_panorama_evidence,67567,9.83734319990695e-07,0.04810823170983872,0.0022070187352041504,0.00413263803446378,5.708063583513506e-05,0.05714707411098538,pass
standpoint,tokyo_hachiko,8,first_diffuse,geometric_evidence_refused_host_compatibility,117044,4.89206677990739e-06,0.2392400848534139,0.011492249088502568,0.021519212740296133,0.0002972266953079575,0.29757264851755355,pass
standpoint,tokyo_hachiko,8,first_diffuse,geometric_evidence_refused_atlas_state,0,0.0,0.0,0.0,0.0,0.0,0.0,pass
standpoint,tokyo_hachiko,8,first_diffuse,geometric_evidence_refused_insufficient_structural_mass,0,0.0,0.0,0.0,0.0,0.0,0.0,pass
standpoint,tokyo_hachiko,8,first_diffuse,geometric_fallback_other,0,0.0,0.0,0.0,0.0,0.0,0.0,pass
standpoint,tokyo_hachiko,8,non_direct,atlas_interface,1465705,0.0007431273315001898,0.9320790034381271,1.4254032922481117,2.6690647279210995,0.03686553491603728,0.9234870598722392,pass
standpoint,tokyo_hachiko,8,non_direct,nonblocking_woody_atlas,0,0.0,0.0,0.0,0.0,0.0,0.0,pass
standpoint,tokyo_hachiko,8,non_direct,geometric_no_panorama_evidence,67695,3.62480506060818e-06,0.004546468075300887,0.007927601532532384,0.014844417536123084,0.00020503339138291552,0.00513611654395047,pass
standpoint,tokyo_hachiko,8,non_direct,geometric_evidence_refused_host_compatibility,118212,5.052720216375439e-05,0.06337452848657195,0.11017020567743656,0.20629348314306772,0.002849357501976072,0.07137682358381028,pass
standpoint,tokyo_hachiko,8,non_direct,geometric_evidence_refused_atlas_state,0,0.0,0.0,0.0,0.0,0.0,0.0,pass
standpoint,tokyo_hachiko,8,non_direct,geometric_evidence_refused_insufficient_structural_mass,0,0.0,0.0,0.0,0.0,0.0,0.0,pass
standpoint,tokyo_hachiko,8,non_direct,geometric_fallback_other,0,0.0,0.0,0.0,0.0,0.0,0.0,pass
standpoint,tokyo_hachiko,9,direct,N/A,N/A,N/A,N/A,N/A,N/A,N/A,N/A,N/A
standpoint,tokyo_hachiko,9,specular,atlas_interface,7440,0.0005165799221900176,0.9558462350670904,1.003737824977009,1.8794970092296202,0.025959903442398066,0.9511405508640767,pass
standpoint,tokyo_hachiko,9,specular,nonblocking_woody_atlas,0,0.0,0.0,0.0,0.0,0.0,0.0,pass
standpoint,tokyo_hachiko,9,specular,geometric_no_panorama_evidence,48,1.648025214956945e-06,0.0030493997721281712,0.003586563723924499,0.00671583318351278,9.276012684409915e-05,0.003398622739120942,pass
standpoint,tokyo_hachiko,9,specular,geometric_evidence_refused_host_compatibility,976,2.221454558005992e-05,0.04110436516078145,0.04797477193852163,0.08983266161060512,0.00124078261893101,0.04546082639680244,pass
standpoint,tokyo_hachiko,9,specular,geometric_evidence_refused_atlas_state,0,0.0,0.0,0.0,0.0,0.0,0.0,pass
standpoint,tokyo_hachiko,9,specular,geometric_evidence_refused_insufficient_structural_mass,0,0.0,0.0,0.0,0.0,0.0,0.0,pass
standpoint,tokyo_hachiko,9,specular,geometric_fallback_other,0,0.0,0.0,0.0,0.0,0.0,0.0,pass
standpoint,tokyo_hachiko,9,first_diffuse,atlas_interface,1254944,1.5703902561335798e-05,0.5673404332864409,0.027175248705300307,0.05088559721045971,0.0007028397404759629,0.5027287383683695,pass
standpoint,tokyo_hachiko,9,first_diffuse,nonblocking_woody_atlas,0,0.0,0.0,0.0,0.0,0.0,0.0,pass
standpoint,tokyo_hachiko,9,first_diffuse,geometric_no_panorama_evidence,84624,2.7048540697167397e-06,0.09771921813039795,0.005688344705992793,0.010651413742055077,0.0001471189743377773,0.10523157997411044,pass
standpoint,tokyo_hachiko,9,first_diffuse,geometric_evidence_refused_host_compatibility,144935,9.271101246108766e-06,0.33494034858316113,0.021191897415626593,0.039681784248275564,0.0005480909426557399,0.39203968165752007,pass
standpoint,tokyo_hachiko,9,first_diffuse,geometric_evidence_refused_atlas_state,0,0.0,0.0,0.0,0.0,0.0,0.0,pass
standpoint,tokyo_hachiko,9,first_diffuse,geometric_evidence_refused_insufficient_structural_mass,0,0.0,0.0,0.0,0.0,0.0,0.0,pass
standpoint,tokyo_hachiko,9,first_diffuse,geometric_fallback_other,0,0.0,0.0,0.0,0.0,0.0,0.0,pass
standpoint,tokyo_hachiko,9,non_direct,atlas_interface,1262384,0.0005322838247513534,0.9369175916834588,1.0309130736823093,1.9303826064400798,0.026662743182874028,0.9292908019267064,pass
standpoint,tokyo_hachiko,9,non_direct,nonblocking_woody_atlas,0,0.0,0.0,0.0,0.0,0.0,0.0,pass
standpoint,tokyo_hachiko,9,non_direct,geometric_no_panorama_evidence,84672,4.352879284673684e-06,0.007661869451303321,0.009274908429917293,0.017367246925567858,0.00023987910118187643,0.008360634191831674,pass
standpoint,tokyo_hachiko,9,non_direct,geometric_evidence_refused_host_compatibility,145911,3.148564682616869e-05,0.055420538865237984,0.06916666935414822,0.12951444585888067,0.0017888735615867498,0.062348563881461906,pass
standpoint,tokyo_hachiko,9,non_direct,geometric_evidence_refused_atlas_state,0,0.0,0.0,0.0,0.0,0.0,0.0,pass
standpoint,tokyo_hachiko,9,non_direct,geometric_evidence_refused_insufficient_structural_mass,0,0.0,0.0,0.0,0.0,0.0,0.0,pass
standpoint,tokyo_hachiko,9,non_direct,geometric_fallback_other,0,0.0,0.0,0.0,0.0,0.0,0.0,pass
standpoint,tokyo_hachiko,10,direct,N/A,N/A,N/A,N/A,N/A,N/A,N/A,N/A,N/A
standpoint,tokyo_hachiko,10,specular,atlas_interface,2880,0.00029946360012003453,0.11618410806088982,0.6354265261266173,1.1898348609782625,0.016434183162683188,0.10536571620252617,pass
standpoint,tokyo_hachiko,10,specular,nonblocking_woody_atlas,0,0.0,0.0,0.0,0.0,0.0,0.0,pass
standpoint,tokyo_hachiko,10,specular,geometric_no_panorama_evidence,192,0.002252026401729776,0.8737278210429302,5.336383069901928,9.992366303635096,0.1380161091662306,0.8848730749701371,pass
standpoint,tokyo_hachiko,10,specular,geometric_evidence_refused_host_compatibility,448,2.600192125460867e-05,0.010088070896179985,0.05886669060388658,0.11022775687045995,0.0015224828297024857,0.009761208827336687,pass
standpoint,tokyo_hachiko,10,specular,geometric_evidence_refused_atlas_state,0,0.0,0.0,0.0,0.0,0.0,0.0,pass
standpoint,tokyo_hachiko,10,specular,geometric_evidence_refused_insufficient_structural_mass,0,0.0,0.0,0.0,0.0,0.0,0.0,pass
standpoint,tokyo_hachiko,10,specular,geometric_fallback_other,0,0.0,0.0,0.0,0.0,0.0,0.0,pass
standpoint,tokyo_hachiko,10,first_diffuse,atlas_interface,516018,8.774323010962695e-06,0.07562026995955277,0.015996116767674564,0.029952695690053068,0.00041371126643719694,0.07379679995924569,pass
standpoint,tokyo_hachiko,10,first_diffuse,nonblocking_woody_atlas,0,0.0,0.0,0.0,0.0,0.0,0.0,pass
standpoint,tokyo_hachiko,10,first_diffuse,geometric_no_panorama_evidence,189820,9.723208217651124e-05,0.8379810378225954,0.17841516666071752,0.3340820319765308,0.00461439270685816,0.8231040417486608,pass
standpoint,tokyo_hachiko,10,first_diffuse,geometric_evidence_refused_host_compatibility,143907,1.0024958039023968e-05,0.08639869221785187,0.022347665150793204,0.041845956951102124,0.0005779828308163275,0.10309915829209358,pass
standpoint,tokyo_hachiko,10,first_diffuse,geometric_evidence_refused_atlas_state,0,0.0,0.0,0.0,0.0,0.0,0.0,pass
standpoint,tokyo_hachiko,10,first_diffuse,geometric_evidence_refused_insufficient_structural_mass,0,0.0,0.0,0.0,0.0,0.0,0.0,pass
standpoint,tokyo_hachiko,10,first_diffuse,geometric_fallback_other,0,0.0,0.0,0.0,0.0,0.0,0.0,pass
standpoint,tokyo_hachiko,10,non_direct,atlas_interface,518898,0.0003082379231309972,0.11443670255061168,0.6514226428942919,1.2197875566683156,0.016847894429120384,0.10427041151587485,pass
standpoint,tokyo_hachiko,10,non_direct,nonblocking_woody_atlas,0,0.0,0.0,0.0,0.0,0.0,0.0,pass
standpoint,tokyo_hachiko,10,non_direct,geometric_no_panorama_evidence,190012,0.0023492584839062873,0.8721879242062975,5.514798236562646,10.326448335611627,0.14263050187308876,0.882729957003843,pass
standpoint,tokyo_hachiko,10,non_direct,geometric_evidence_refused_host_compatibility,144355,3.602687929363264e-05,0.013375373243090833,0.08121435575467978,0.15207371382156207,0.0021004656605188134,0.01299963148028197,pass
standpoint,tokyo_hachiko,10,non_direct,geometric_evidence_refused_atlas_state,0,0.0,0.0,0.0,0.0,0.0,0.0,pass
standpoint,tokyo_hachiko,10,non_direct,geometric_evidence_refused_insufficient_structural_mass,0,0.0,0.0,0.0,0.0,0.0,0.0,pass
standpoint,tokyo_hachiko,10,non_direct,geometric_fallback_other,0,0.0,0.0,0.0,0.0,0.0,0.0,pass
standpoint,tokyo_hachiko,11,direct,N/A,N/A,N/A,N/A,N/A,N/A,N/A,N/A,N/A
standpoint,tokyo_hachiko,11,specular,atlas_interface,2448,0.00017143477275550654,0.6802631243633059,0.33250378495580524,0.6226126522593473,0.008599622268775515,0.6716676411372051,pass
standpoint,tokyo_hachiko,11,specular,nonblocking_woody_atlas,0,0.0,0.0,0.0,0.0,0.0,0.0,pass
standpoint,tokyo_hachiko,11,specular,geometric_no_panorama_evidence,3984,7.742204804310457e-05,0.30721517840211093,0.15557187764775343,0.29130802036466663,0.00402359144150092,0.31425986955559343,pass
standpoint,tokyo_hachiko,11,specular,geometric_evidence_refused_host_compatibility,288,3.155623527194964e-06,0.012521697234583061,0.006966475190724183,0.013044710441332964,0.00018017555858194706,0.014072489307201423,pass
standpoint,tokyo_hachiko,11,specular,geometric_evidence_refused_atlas_state,0,0.0,0.0,0.0,0.0,0.0,0.0,pass
standpoint,tokyo_hachiko,11,specular,geometric_evidence_refused_insufficient_structural_mass,0,0.0,0.0,0.0,0.0,0.0,0.0,pass
standpoint,tokyo_hachiko,11,specular,geometric_fallback_other,0,0.0,0.0,0.0,0.0,0.0,0.0,pass
standpoint,tokyo_hachiko,11,first_diffuse,atlas_interface,396978,2.0861207920364803e-05,0.028196852214500544,0.03881967215623039,0.07268975613087064,0.0010040021565037383,0.03480518618352547,pass
standpoint,tokyo_hachiko,11,first_diffuse,nonblocking_woody_atlas,0,0.0,0.0,0.0,0.0,0.0,0.0,pass
standpoint,tokyo_hachiko,11,first_diffuse,geometric_no_panorama_evidence,329773,0.0007022730369700539,0.9492206354140402,1.0379499313933833,1.9435591080057544,0.02684473906085296,0.9306116874437879,pass
standpoint,tokyo_hachiko,11,first_diffuse,geometric_evidence_refused_host_compatibility,112543,1.670748501859204e-05,0.022582512371459237,0.03857199961081201,0.07222598979986407,0.0009975965441970172,0.03458312637268672,pass
standpoint,tokyo_hachiko,11,first_diffuse,geometric_evidence_refused_atlas_state,0,0.0,0.0,0.0,0.0,0.0,0.0,pass
standpoint,tokyo_hachiko,11,first_diffuse,geometric_evidence_refused_insufficient_structural_mass,0,0.0,0.0,0.0,0.0,0.0,0.0,pass
standpoint,tokyo_hachiko,11,first_diffuse,geometric_fallback_other,0,0.0,0.0,0.0,0.0,0.0,0.0,pass
standpoint,tokyo_hachiko,11,non_direct,atlas_interface,399426,0.00019229598067587133,0.1938752547210092,0.3713234571120356,0.695302408390218,0.009603624425279254,0.23058072909497845,pass
standpoint,tokyo_hachiko,11,non_direct,nonblocking_woody_atlas,0,0.0,0.0,0.0,0.0,0.0,0.0,pass
standpoint,tokyo_hachiko,11,non_direct,geometric_no_panorama_evidence,333757,0.0007796950850131585,0.7860985064812253,1.1935218090411368,2.234867128370421,0.03086833050235388,0.7411412439705599,pass
standpoint,tokyo_hachiko,11,non_direct,geometric_evidence_refused_host_compatibility,112831,1.9863108545787002e-05,0.020026238797765553,0.045538474801536194,0.08527070024119704,0.0011777721027789643,0.02827802693446154,pass
standpoint,tokyo_hachiko,11,non_direct,geometric_evidence_refused_atlas_state,0,0.0,0.0,0.0,0.0,0.0,0.0,pass
standpoint,tokyo_hachiko,11,non_direct,geometric_evidence_refused_insufficient_structural_mass,0,0.0,0.0,0.0,0.0,0.0,0.0,pass
standpoint,tokyo_hachiko,11,non_direct,geometric_fallback_other,0,0.0,0.0,0.0,0.0,0.0,0.0,pass
standpoint,tokyo_hachiko,12,direct,N/A,N/A,N/A,N/A,N/A,N/A,N/A,N/A,N/A
standpoint,tokyo_hachiko,12,specular,atlas_interface,4112,0.0002953706014662116,0.9340854571578712,0.5584365244533078,1.0456712414704668,0.0144429729484871,0.9271478154495933,pass
standpoint,tokyo_hachiko,12,specular,nonblocking_woody_atlas,0,0.0,0.0,0.0,0.0,0.0,0.0,pass
standpoint,tokyo_hachiko,12,specular,geometric_no_panorama_evidence,2480,1.081684449127213e-05,0.03420738923061488,0.020562792218281285,0.03850378606241624,0.0005318202494808872,0.034139507446056115,pass
standpoint,tokyo_hachiko,12,specular,geometric_evidence_refused_host_compatibility,320,1.002623578094266e-05,0.03170715361151392,0.023317288240552396,0.04366157418892426,0.0006030604169740921,0.03871267710435051,pass
standpoint,tokyo_hachiko,12,specular,geometric_evidence_refused_atlas_state,0,0.0,0.0,0.0,0.0,0.0,0.0,pass
standpoint,tokyo_hachiko,12,specular,geometric_evidence_refused_insufficient_structural_mass,0,0.0,0.0,0.0,0.0,0.0,0.0,pass
standpoint,tokyo_hachiko,12,specular,geometric_fallback_other,0,0.0,0.0,0.0,0.0,0.0,0.0,pass
standpoint,tokyo_hachiko,12,first_diffuse,atlas_interface,553178,1.1866151601099866e-05,0.06415657510970213,0.020340990299257157,0.038088462426030624,0.0005260837351661687,0.05636054244323352,pass
standpoint,tokyo_hachiko,12,first_diffuse,nonblocking_woody_atlas,0,0.0,0.0,0.0,0.0,0.0,0.0,pass
standpoint,tokyo_hachiko,12,first_diffuse,geometric_no_panorama_evidence,442285,0.00014733476886061845,0.7965930726690466,0.2834704060479656,0.530797751279783,0.0073314606530356765,0.7854359899109956,pass
standpoint,tokyo_hachiko,12,first_diffuse,geometric_evidence_refused_host_compatibility,149437,2.5755205715681055e-05,0.13925035222125126,0.05709695225046247,0.10691392544993372,0.0014767116774852722,0.15820346764577084,pass
standpoint,tokyo_hachiko,12,first_diffuse,geometric_evidence_refused_atlas_state,0,0.0,0.0,0.0,0.0,0.0,0.0,pass
standpoint,tokyo_hachiko,12,first_diffuse,geometric_evidence_refused_insufficient_structural_mass,0,0.0,0.0,0.0,0.0,0.0,0.0,pass
standpoint,tokyo_hachiko,12,first_diffuse,geometric_fallback_other,0,0.0,0.0,0.0,0.0,0.0,0.0,pass
standpoint,tokyo_hachiko,12,non_direct,atlas_interface,557290,0.0003072367530673115,0.6130392298470493,0.578777514752565,1.0837597038964975,0.014969056683653269,0.6008747101532189,pass
standpoint,tokyo_hachiko,12,non_direct,nonblocking_woody_atlas,0,0.0,0.0,0.0,0.0,0.0,0.0,pass
standpoint,tokyo_hachiko,12,non_direct,geometric_no_panorama_evidence,444765,0.00015815161335189058,0.3155649260069813,0.30403319826624686,0.5693015373421992,0.007863280902516563,0.3156409073066494,pass
standpoint,tokyo_hachiko,12,non_direct,geometric_evidence_refused_host_compatibility,149757,3.578144149662371e-05,0.07139584414596939,0.08041424049101487,0.15057549963885797,0.0020797720944593645,0.08348438254013164,pass
standpoint,tokyo_hachiko,12,non_direct,geometric_evidence_refused_atlas_state,0,0.0,0.0,0.0,0.0,0.0,0.0,pass
standpoint,tokyo_hachiko,12,non_direct,geometric_evidence_refused_insufficient_structural_mass,0,0.0,0.0,0.0,0.0,0.0,0.0,pass
standpoint,tokyo_hachiko,12,non_direct,geometric_fallback_other,0,0.0,0.0,0.0,0.0,0.0,0.0,pass
standpoint,tokyo_hachiko,13,direct,N/A,N/A,N/A,N/A,N/A,N/A,N/A,N/A,N/A
standpoint,tokyo_hachiko,13,specular,atlas_interface,0,0.0,0.0,0.0,0.0,0.0,0.0,pass
standpoint,tokyo_hachiko,13,specular,nonblocking_woody_atlas,0,0.0,0.0,0.0,0.0,0.0,0.0,pass
standpoint,tokyo_hachiko,13,specular,geometric_no_panorama_evidence,0,0.0,0.0,0.0,0.0,0.0,0.0,pass
standpoint,tokyo_hachiko,13,specular,geometric_evidence_refused_host_compatibility,0,0.0,0.0,0.0,0.0,0.0,0.0,pass
standpoint,tokyo_hachiko,13,specular,geometric_evidence_refused_atlas_state,0,0.0,0.0,0.0,0.0,0.0,0.0,pass
standpoint,tokyo_hachiko,13,specular,geometric_evidence_refused_insufficient_structural_mass,0,0.0,0.0,0.0,0.0,0.0,0.0,pass
standpoint,tokyo_hachiko,13,specular,geometric_fallback_other,0,0.0,0.0,0.0,0.0,0.0,0.0,pass
standpoint,tokyo_hachiko,13,first_diffuse,atlas_interface,76980,2.0188619547059984e-07,0.011126873124095556,0.00044142307321483153,0.0008265637951137553,1.1416627004333635e-05,0.015531912983926583,pass
standpoint,tokyo_hachiko,13,first_diffuse,nonblocking_woody_atlas,0,0.0,0.0,0.0,0.0,0.0,0.0,pass
standpoint,tokyo_hachiko,13,first_diffuse,geometric_no_panorama_evidence,129844,1.6928480758593195e-05,0.9330061282569957,0.025771333687675122,0.048256769232496936,0.0006665299617748194,0.9067901897413929,pass
standpoint,tokyo_hachiko,13,first_diffuse,geometric_evidence_refused_host_compatibility,149909,1.0136518748567582e-06,0.05586699861890871,0.0022076363788117864,0.004133794570846523,5.709661009456524e-05,0.0776778972746805,pass
standpoint,tokyo_hachiko,13,first_diffuse,geometric_evidence_refused_atlas_state,0,0.0,0.0,0.0,0.0,0.0,0.0,pass
standpoint,tokyo_hachiko,13,first_diffuse,geometric_evidence_refused_insufficient_structural_mass,0,0.0,0.0,0.0,0.0,0.0,0.0,pass
standpoint,tokyo_hachiko,13,first_diffuse,geometric_fallback_other,0,0.0,0.0,0.0,0.0,0.0,0.0,pass
standpoint,tokyo_hachiko,13,non_direct,atlas_interface,76980,2.0188619547059984e-07,0.011126873124095556,0.00044142307321483153,0.0008265637951137553,1.1416627004333635e-05,0.015531912983926583,pass
standpoint,tokyo_hachiko,13,non_direct,nonblocking_woody_atlas,0,0.0,0.0,0.0,0.0,0.0,0.0,pass
standpoint,tokyo_hachiko,13,non_direct,geometric_no_panorama_evidence,129844,1.6928480758593195e-05,0.9330061282569957,0.025771333687675122,0.048256769232496936,0.0006665299617748194,0.9067901897413929,pass
standpoint,tokyo_hachiko,13,non_direct,geometric_evidence_refused_host_compatibility,149909,1.0136518748567582e-06,0.05586699861890871,0.0022076363788117864,0.004133794570846523,5.709661009456524e-05,0.0776778972746805,pass
standpoint,tokyo_hachiko,13,non_direct,geometric_evidence_refused_atlas_state,0,0.0,0.0,0.0,0.0,0.0,0.0,pass
standpoint,tokyo_hachiko,13,non_direct,geometric_evidence_refused_insufficient_structural_mass,0,0.0,0.0,0.0,0.0,0.0,0.0,pass
standpoint,tokyo_hachiko,13,non_direct,geometric_fallback_other,0,0.0,0.0,0.0,0.0,0.0,0.0,pass
standpoint,tokyo_hachiko,14,direct,N/A,N/A,N/A,N/A,N/A,N/A,N/A,N/A,N/A
standpoint,tokyo_hachiko,14,specular,atlas_interface,0,0.0,0.0,0.0,0.0,0.0,0.0,pass
standpoint,tokyo_hachiko,14,specular,nonblocking_woody_atlas,0,0.0,0.0,0.0,0.0,0.0,0.0,pass
standpoint,tokyo_hachiko,14,specular,geometric_no_panorama_evidence,0,0.0,0.0,0.0,0.0,0.0,0.0,pass
standpoint,tokyo_hachiko,14,specular,geometric_evidence_refused_host_compatibility,0,0.0,0.0,0.0,0.0,0.0,0.0,pass
standpoint,tokyo_hachiko,14,specular,geometric_evidence_refused_atlas_state,0,0.0,0.0,0.0,0.0,0.0,0.0,pass
standpoint,tokyo_hachiko,14,specular,geometric_evidence_refused_insufficient_structural_mass,0,0.0,0.0,0.0,0.0,0.0,0.0,pass
standpoint,tokyo_hachiko,14,specular,geometric_fallback_other,0,0.0,0.0,0.0,0.0,0.0,0.0,pass
standpoint,tokyo_hachiko,14,first_diffuse,atlas_interface,114380,1.1685294590695805e-06,0.14421933689489513,0.002074313250538451,0.003884147287845496,5.364844320228585e-05,0.1233449108534251,pass
standpoint,tokyo_hachiko,14,first_diffuse,nonblocking_woody_atlas,0,0.0,0.0,0.0,0.0,0.0,0.0,pass
standpoint,tokyo_hachiko,14,first_diffuse,geometric_no_panorama_evidence,51240,2.8351908310573355e-06,0.3499178719474869,0.00634267853197344,0.011876652483054572,0.00016404216136815705,0.3771547609287642,pass
standpoint,tokyo_hachiko,14,first_diffuse,geometric_evidence_refused_host_compatibility,122862,4.098726193323406e-06,0.5058627911576179,0.008400185644479214,0.01572933031206021,0.00021725594353674328,0.49950032821781065,pass
standpoint,tokyo_hachiko,14,first_diffuse,geometric_evidence_refused_atlas_state,0,0.0,0.0,0.0,0.0,0.0,0.0,pass
standpoint,tokyo_hachiko,14,first_diffuse,geometric_evidence_refused_insufficient_structural_mass,0,0.0,0.0,0.0,0.0,0.0,0.0,pass
standpoint,tokyo_hachiko,14,first_diffuse,geometric_fallback_other,0,0.0,0.0,0.0,0.0,0.0,0.0,pass
standpoint,tokyo_hachiko,14,non_direct,atlas_interface,114380,1.1685294590695805e-06,0.14421933689489513,0.002074313250538451,0.003884147287845496,5.364844320228585e-05,0.1233449108534251,pass
standpoint,tokyo_hachiko,14,non_direct,nonblocking_woody_atlas,0,0.0,0.0,0.0,0.0,0.0,0.0,pass
standpoint,tokyo_hachiko,14,non_direct,geometric_no_panorama_evidence,51240,2.8351908310573355e-06,0.3499178719474869,0.00634267853197344,0.011876652483054572,0.00016404216136815705,0.3771547609287642,pass
standpoint,tokyo_hachiko,14,non_direct,geometric_evidence_refused_host_compatibility,122862,4.098726193323406e-06,0.5058627911576179,0.008400185644479214,0.01572933031206021,0.00021725594353674328,0.49950032821781065,pass
standpoint,tokyo_hachiko,14,non_direct,geometric_evidence_refused_atlas_state,0,0.0,0.0,0.0,0.0,0.0,0.0,pass
standpoint,tokyo_hachiko,14,non_direct,geometric_evidence_refused_insufficient_structural_mass,0,0.0,0.0,0.0,0.0,0.0,0.0,pass
standpoint,tokyo_hachiko,14,non_direct,geometric_fallback_other,0,0.0,0.0,0.0,0.0,0.0,0.0,pass
standpoint,tokyo_hachiko,15,direct,N/A,N/A,N/A,N/A,N/A,N/A,N/A,N/A,N/A
standpoint,tokyo_hachiko,15,specular,atlas_interface,0,0.0,0.0,0.0,0.0,0.0,0.0,pass
standpoint,tokyo_hachiko,15,specular,nonblocking_woody_atlas,0,0.0,0.0,0.0,0.0,0.0,0.0,pass
standpoint,tokyo_hachiko,15,specular,geometric_no_panorama_evidence,0,0.0,0.0,0.0,0.0,0.0,0.0,pass
standpoint,tokyo_hachiko,15,specular,geometric_evidence_refused_host_compatibility,0,0.0,0.0,0.0,0.0,0.0,0.0,pass
standpoint,tokyo_hachiko,15,specular,geometric_evidence_refused_atlas_state,0,0.0,0.0,0.0,0.0,0.0,0.0,pass
standpoint,tokyo_hachiko,15,specular,geometric_evidence_refused_insufficient_structural_mass,0,0.0,0.0,0.0,0.0,0.0,0.0,pass
standpoint,tokyo_hachiko,15,specular,geometric_fallback_other,0,0.0,0.0,0.0,0.0,0.0,0.0,pass
standpoint,tokyo_hachiko,15,first_diffuse,atlas_interface,65956,4.084397314136435e-07,0.07517243993363017,0.0007276841566263475,0.001362587084007046,1.8820263591257538e-05,0.06630470631735458,pass
standpoint,tokyo_hachiko,15,first_diffuse,nonblocking_woody_atlas,0,0.0,0.0,0.0,0.0,0.0,0.0,pass
standpoint,tokyo_hachiko,15,first_diffuse,geometric_no_panorama_evidence,34553,4.091870987025624e-06,0.7530999124980641,0.008080921316519435,0.015131508515748163,0.0002089987364053614,0.7363127392377691,pass
standpoint,tokyo_hachiko,15,first_diffuse,geometric_evidence_refused_host_compatibility,15484,9.330599660064594e-07,0.1717276475683056,0.002166243780290747,0.004056287015398646,5.602606374860009e-05,0.19738255444487635,pass
standpoint,tokyo_hachiko,15,first_diffuse,geometric_evidence_refused_atlas_state,0,0.0,0.0,0.0,0.0,0.0,0.0,pass
standpoint,tokyo_hachiko,15,first_diffuse,geometric_evidence_refused_insufficient_structural_mass,0,0.0,0.0,0.0,0.0,0.0,0.0,pass
standpoint,tokyo_hachiko,15,first_diffuse,geometric_fallback_other,0,0.0,0.0,0.0,0.0,0.0,0.0,pass
standpoint,tokyo_hachiko,15,non_direct,atlas_interface,65956,4.084397314136435e-07,0.07517243993363017,0.0007276841566263475,0.001362587084007046,1.8820263591257538e-05,0.06630470631735458,pass
standpoint,tokyo_hachiko,15,non_direct,nonblocking_woody_atlas,0,0.0,0.0,0.0,0.0,0.0,0.0,pass
standpoint,tokyo_hachiko,15,non_direct,geometric_no_panorama_evidence,34553,4.091870987025624e-06,0.7530999124980641,0.008080921316519435,0.015131508515748163,0.0002089987364053614,0.7363127392377691,pass
standpoint,tokyo_hachiko,15,non_direct,geometric_evidence_refused_host_compatibility,15484,9.330599660064594e-07,0.1717276475683056,0.002166243780290747,0.004056287015398646,5.602606374860009e-05,0.19738255444487635,pass
standpoint,tokyo_hachiko,15,non_direct,geometric_evidence_refused_atlas_state,0,0.0,0.0,0.0,0.0,0.0,0.0,pass
standpoint,tokyo_hachiko,15,non_direct,geometric_evidence_refused_insufficient_structural_mass,0,0.0,0.0,0.0,0.0,0.0,0.0,pass
standpoint,tokyo_hachiko,15,non_direct,geometric_fallback_other,0,0.0,0.0,0.0,0.0,0.0,0.0,pass
pooled,__pooled__,__pooled__,direct,N/A,N/A,N/A,N/A,N/A,N/A,N/A,N/A,N/A
pooled,__pooled__,__pooled__,specular,atlas_interface,607536,0.12181097609770464,0.8148023467687722,247.73908906488325,463.89093384757484,6.407333340436115,0.806433729576005,pass
pooled,__pooled__,__pooled__,specular,nonblocking_woody_atlas,0,0.0,0.0,0.0,0.0,0.0,0.0,pass
pooled,__pooled__,__pooled__,specular,geometric_no_panorama_evidence,15872,0.012381736409547279,0.08282232198418105,26.954451273086484,50.47215447355682,0.6971292054358676,0.08774141679005237,pass
pooled,__pooled__,__pooled__,specular,geometric_evidence_refused_host_compatibility,65344,0.015236251670395929,0.10191637908755058,32.349653038182375,60.57465866275617,0.8366665561154173,0.10530373486292556,pass
pooled,__pooled__,__pooled__,specular,geometric_evidence_refused_atlas_state,0,0.0,0.0,0.0,0.0,0.0,0.0,pass
pooled,__pooled__,__pooled__,specular,geometric_evidence_refused_insufficient_structural_mass,1136,6.861223553423743e-05,0.0004589521594959279,0.16008939717122928,0.299767066364755,0.004140429093435843,0.0005211187710170229,pass
pooled,__pooled__,__pooled__,specular,geometric_fallback_other,0,0.0,0.0,0.0,0.0,0.0,0.0,pass
pooled,__pooled__,__pooled__,first_diffuse,atlas_interface,84259869,0.0018017900078276504,0.13642739541758422,3.104337846870307,5.812866222277411,0.08028820749001962,0.13336718410343135,pass
pooled,__pooled__,__pooled__,first_diffuse,nonblocking_woody_atlas,0,0.0,0.0,0.0,0.0,0.0,0.0,pass
pooled,__pooled__,__pooled__,first_diffuse,geometric_no_panorama_evidence,3579195,0.005879137145270548,0.44515474308743896,10.322053380541549,19.328023688138572,0.266961653151085,0.44345147385166056,pass
pooled,__pooled__,__pooled__,first_diffuse,geometric_evidence_refused_host_compatibility,7254224,0.005525605396944555,0.418386132199375,9.84926267618457,18.44272406833909,0.2547337578499873,0.42313964955266,pass
pooled,__pooled__,__pooled__,first_diffuse,geometric_evidence_refused_atlas_state,0,0.0,0.0,0.0,0.0,0.0,0.0,pass
pooled,__pooled__,__pooled__,first_diffuse,geometric_evidence_refused_insufficient_structural_mass,296315,4.19047271230563e-07,3.172929560185474e-05,0.0009704604808630455,0.0018171852509388199,2.5099243797497498e-05,4.169249224817807e-05,pass
pooled,__pooled__,__pooled__,first_diffuse,geometric_fallback_other,0,0.0,0.0,0.0,0.0,0.0,0.0,pass
pooled,__pooled__,__pooled__,non_direct,atlas_interface,84867405,0.12361276610553229,0.759737713615186,250.84342691175354,469.70380006985226,6.4876215479261345,0.7590277699014926,pass
pooled,__pooled__,__pooled__,non_direct,nonblocking_woody_atlas,0,0.0,0.0,0.0,0.0,0.0,0.0,pass
pooled,__pooled__,__pooled__,non_direct,geometric_no_panorama_evidence,3595067,0.018260873554817827,0.11223334579625108,37.27650465362803,69.80017816169538,0.9640908585869526,0.11279507119363207,pass
pooled,__pooled__,__pooled__,non_direct,geometric_evidence_refused_host_compatibility,7319568,0.020761857067340482,0.12760466669987902,42.19891571436695,79.01738273109527,1.0914003139654045,0.12768980746784794,pass
pooled,__pooled__,__pooled__,non_direct,geometric_evidence_refused_atlas_state,0,0.0,0.0,0.0,0.0,0.0,0.0,pass
pooled,__pooled__,__pooled__,non_direct,geometric_evidence_refused_insufficient_structural_mass,297451,6.903128280546799e-05,0.0004242738886837542,0.16105985765209233,0.3015842516156938,0.004165528337233341,0.0004873514370273951,pass
pooled,__pooled__,__pooled__,non_direct,geometric_fallback_other,0,0.0,0.0,0.0,0.0,0.0,0.0,pass
